video_path,video_id,group_id,label,method,partition
FaceForensics++_C23/original/003.mp4,003,000_003,0,real,test
FaceForensics++_C23/original/005.mp4,005,005_010,0,real,train
FaceForensics++_C23/original/006.mp4,006,002_006,0,real,train
FaceForensics++_C23/original/004.mp4,004,004_982,0,real,val
FaceForensics++_C23/original/007.mp4,007,007_132,0,real,train
FaceForensics++_C23/original/002.mp4,002,002_006,0,real,train
FaceForensics++_C23/original/000.mp4,000,000_003,0,real,test
FaceForensics++_C23/original/009.mp4,009,009_027,0,real,train
FaceForensics++_C23/original/001.mp4,001,001_870,0,real,train
FaceForensics++_C23/original/008.mp4,008,008_990,0,real,train
FaceForensics++_C23/original/036.mp4,036,035_036,0,real,test
FaceForensics++_C23/original/034.mp4,034,034_590,0,real,train
FaceForensics++_C23/original/013.mp4,013,013_883,0,real,train
FaceForensics++_C23/original/032.mp4,032,032_944,0,real,train
FaceForensics++_C23/original/031.mp4,031,031_163,0,real,train
FaceForensics++_C23/original/040.mp4,040,040_997,0,real,train
FaceForensics++_C23/original/028.mp4,028,028_068,0,real,train
FaceForensics++_C23/original/027.mp4,027,009_027,0,real,train
FaceForensics++_C23/original/015.mp4,015,015_919,0,real,test
FaceForensics++_C23/original/026.mp4,026,012_026,0,real,test
FaceForensics++_C23/original/023.mp4,023,023_923,0,real,val
FaceForensics++_C23/original/029.mp4,029,029_048,0,real,test
FaceForensics++_C23/original/042.mp4,042,042_084,0,real,val
FaceForensics++_C23/original/038.mp4,038,038_125,0,real,train
FaceForensics++_C23/original/025.mp4,025,025_067,0,real,train
FaceForensics++_C23/original/020.mp4,020,020_344,0,real,train
FaceForensics++_C23/original/011.mp4,011,011_805,0,real,train
FaceForensics++_C23/original/012.mp4,012,012_026,0,real,test
FaceForensics++_C23/original/039.mp4,039,039_058,0,real,train
FaceForensics++_C23/original/019.mp4,019,018_019,0,real,train
FaceForensics++_C23/original/035.mp4,035,035_036,0,real,test
FaceForensics++_C23/original/016.mp4,016,016_209,0,real,train
FaceForensics++_C23/original/037.mp4,037,037_072,0,real,train
FaceForensics++_C23/original/024.mp4,024,024_073,0,real,test
FaceForensics++_C23/original/033.mp4,033,033_097,0,real,train
FaceForensics++_C23/original/017.mp4,017,017_803,0,real,train
FaceForensics++_C23/original/014.mp4,014,014_790,0,real,train
FaceForensics++_C23/original/018.mp4,018,018_019,0,real,train
FaceForensics++_C23/original/022.mp4,022,022_489,0,real,train
FaceForensics++_C23/original/041.mp4,041,041_063,0,real,train
FaceForensics++_C23/original/030.mp4,030,030_193,0,real,train
FaceForensics++_C23/original/021.mp4,021,021_312,0,real,train
FaceForensics++_C23/original/010.mp4,010,005_010,0,real,train
FaceForensics++_C23/original/048.mp4,048,029_048,0,real,test
FaceForensics++_C23/original/051.mp4,051,051_332,0,real,train
FaceForensics++_C23/original/064.mp4,064,064_991,0,real,val
FaceForensics++_C23/original/059.mp4,059,050_059,0,real,train
FaceForensics++_C23/original/049.mp4,049,049_946,0,real,train
FaceForensics++_C23/original/056.mp4,056,056_996,0,real,train
FaceForensics++_C23/original/066.mp4,066,062_066,0,real,train
FaceForensics++_C23/original/050.mp4,050,050_059,0,real,train
FaceForensics++_C23/original/055.mp4,055,055_147,0,real,train
FaceForensics++_C23/original/065.mp4,065,065_089,0,real,train
FaceForensics++_C23/original/044.mp4,044,044_945,0,real,test
FaceForensics++_C23/original/067.mp4,067,025_067,0,real,train
FaceForensics++_C23/original/052.mp4,052,052_108,0,real,train
FaceForensics++_C23/original/053.mp4,053,053_095,0,real,train
FaceForensics++_C23/original/060.mp4,060,060_088,0,real,train
FaceForensics++_C23/original/062.mp4,062,062_066,0,real,train
FaceForensics++_C23/original/061.mp4,061,061_080,0,real,train
FaceForensics++_C23/original/069.mp4,069,069_961,0,real,train
FaceForensics++_C23/original/045.mp4,045,045_889,0,real,train
FaceForensics++_C23/original/068.mp4,068,028_068,0,real,train
FaceForensics++_C23/original/047.mp4,047,047_862,0,real,test
FaceForensics++_C23/original/063.mp4,063,041_063,0,real,train
FaceForensics++_C23/original/058.mp4,058,039_058,0,real,train
FaceForensics++_C23/original/057.mp4,057,057_070,0,real,train
FaceForensics++_C23/original/043.mp4,043,043_110,0,real,train
FaceForensics++_C23/original/054.mp4,054,054_071,0,real,train
FaceForensics++_C23/original/046.mp4,046,046_904,0,real,val
FaceForensics++_C23/original/080.mp4,080,061_080,0,real,train
FaceForensics++_C23/original/079.mp4,079,076_079,0,real,train
FaceForensics++_C23/original/070.mp4,070,057_070,0,real,train
FaceForensics++_C23/original/074.mp4,074,074_825,0,real,train
FaceForensics++_C23/original/083.mp4,083,083_213,0,real,train
FaceForensics++_C23/original/082.mp4,082,082_103,0,real,train
FaceForensics++_C23/original/081.mp4,081,081_087,0,real,train
FaceForensics++_C23/original/072.mp4,072,037_072,0,real,train
FaceForensics++_C23/original/071.mp4,071,054_071,0,real,train
FaceForensics++_C23/original/084.mp4,084,042_084,0,real,val
FaceForensics++_C23/original/073.mp4,073,024_073,0,real,test
FaceForensics++_C23/original/078.mp4,078,078_955,0,real,test
FaceForensics++_C23/original/077.mp4,077,077_100,0,real,train
FaceForensics++_C23/original/076.mp4,076,076_079,0,real,train
FaceForensics++_C23/original/075.mp4,075,075_977,0,real,train
FaceForensics++_C23/original/095.mp4,095,053_095,0,real,train
FaceForensics++_C23/original/096.mp4,096,096_101,0,real,train
FaceForensics++_C23/original/093.mp4,093,093_121,0,real,train
FaceForensics++_C23/original/087.mp4,087,081_087,0,real,train
FaceForensics++_C23/original/090.mp4,090,086_090,0,real,train
FaceForensics++_C23/original/094.mp4,094,094_111,0,real,train
FaceForensics++_C23/original/085.mp4,085,085_124,0,real,train
FaceForensics++_C23/original/089.mp4,089,065_089,0,real,train
FaceForensics++_C23/original/091.mp4,091,091_116,0,real,val
FaceForensics++_C23/original/088.mp4,088,060_088,0,real,train
FaceForensics++_C23/original/092.mp4,092,092_098,0,real,train
FaceForensics++_C23/original/086.mp4,086,086_090,0,real,train
FaceForensics++_C23/original/097.mp4,097,033_097,0,real,train
FaceForensics++_C23/original/100.mp4,100,077_100,0,real,train
FaceForensics++_C23/original/101.mp4,101,096_101,0,real,train
FaceForensics++_C23/original/105.mp4,105,105_180,0,real,train
FaceForensics++_C23/original/104.mp4,104,104_126,0,real,val
FaceForensics++_C23/original/109.mp4,109,107_109,0,real,train
FaceForensics++_C23/original/102.mp4,102,102_114,0,real,test
FaceForensics++_C23/original/106.mp4,106,106_198,0,real,val
FaceForensics++_C23/original/110.mp4,110,043_110,0,real,train
FaceForensics++_C23/original/098.mp4,098,092_098,0,real,train
FaceForensics++_C23/original/111.mp4,111,094_111,0,real,train
FaceForensics++_C23/original/103.mp4,103,082_103,0,real,train
FaceForensics++_C23/original/108.mp4,108,052_108,0,real,train
FaceForensics++_C23/original/099.mp4,099,099_295,0,real,train
FaceForensics++_C23/original/107.mp4,107,107_109,0,real,train
FaceForensics++_C23/original/127.mp4,127,127_129,0,real,train
FaceForensics++_C23/original/116.mp4,116,091_116,0,real,val
FaceForensics++_C23/original/123.mp4,123,119_123,0,real,train
FaceForensics++_C23/original/124.mp4,124,085_124,0,real,train
FaceForensics++_C23/original/126.mp4,126,104_126,0,real,val
FaceForensics++_C23/original/115.mp4,115,115_939,0,real,val
FaceForensics++_C23/original/112.mp4,112,112_892,0,real,train
FaceForensics++_C23/original/129.mp4,129,127_129,0,real,train
FaceForensics++_C23/original/114.mp4,114,102_114,0,real,test
FaceForensics++_C23/original/122.mp4,122,122_144,0,real,train
FaceForensics++_C23/original/113.mp4,113,113_983,0,real,train
FaceForensics++_C23/original/130.mp4,130,130_139,0,real,train
FaceForensics++_C23/original/119.mp4,119,119_123,0,real,train
FaceForensics++_C23/original/120.mp4,120,118_120,0,real,train
FaceForensics++_C23/original/128.mp4,128,128_896,0,real,test
FaceForensics++_C23/original/121.mp4,121,093_121,0,real,train
FaceForensics++_C23/original/117.mp4,117,117_217,0,real,train
FaceForensics++_C23/original/125.mp4,125,038_125,0,real,train
FaceForensics++_C23/original/118.mp4,118,118_120,0,real,train
FaceForensics++_C23/original/140.mp4,140,140_143,0,real,train
FaceForensics++_C23/original/145.mp4,145,145_299,0,real,val
FaceForensics++_C23/original/133.mp4,133,133_148,0,real,train
FaceForensics++_C23/original/141.mp4,141,141_161,0,real,test
FaceForensics++_C23/original/143.mp4,143,140_143,0,real,train
FaceForensics++_C23/original/142.mp4,142,138_142,0,real,test
FaceForensics++_C23/original/151.mp4,151,151_225,0,real,train
FaceForensics++_C23/original/138.mp4,138,138_142,0,real,test
FaceForensics++_C23/original/136.mp4,136,136_285,0,real,train
FaceForensics++_C23/original/131.mp4,131,131_518,0,real,train
FaceForensics++_C23/original/148.mp4,148,133_148,0,real,train
FaceForensics++_C23/original/135.mp4,135,135_880,0,real,test
FaceForensics++_C23/original/152.mp4,152,149_152,0,real,train
FaceForensics++_C23/original/137.mp4,137,137_165,0,real,train
FaceForensics++_C23/original/147.mp4,147,055_147,0,real,train
FaceForensics++_C23/original/132.mp4,132,007_132,0,real,train
FaceForensics++_C23/original/146.mp4,146,146_256,0,real,train
FaceForensics++_C23/original/153.mp4,153,150_153,0,real,train
FaceForensics++_C23/original/154.mp4,154,154_386,0,real,test
FaceForensics++_C23/original/139.mp4,139,130_139,0,real,train
FaceForensics++_C23/original/144.mp4,144,122_144,0,real,train
FaceForensics++_C23/original/149.mp4,149,149_152,0,real,train
FaceForensics++_C23/original/150.mp4,150,150_153,0,real,train
FaceForensics++_C23/original/134.mp4,134,134_192,0,real,val
FaceForensics++_C23/original/156.mp4,156,156_243,0,real,train
FaceForensics++_C23/original/170.mp4,170,170_186,0,real,test
FaceForensics++_C23/original/175.mp4,175,159_175,0,real,val
FaceForensics++_C23/original/165.mp4,165,137_165,0,real,train
FaceForensics++_C23/original/169.mp4,169,169_227,0,real,test
FaceForensics++_C23/original/162.mp4,162,162_330,0,real,train
FaceForensics++_C23/original/171.mp4,171,171_173,0,real,train
FaceForensics++_C23/original/160.mp4,160,160_928,0,real,train
FaceForensics++_C23/original/168.mp4,168,168_222,0,real,train
FaceForensics++_C23/original/166.mp4,166,166_167,0,real,train
FaceForensics++_C23/original/167.mp4,167,166_167,0,real,train
FaceForensics++_C23/original/174.mp4,174,174_964,0,real,train
FaceForensics++_C23/original/173.mp4,173,171_173,0,real,train
FaceForensics++_C23/original/159.mp4,159,159_175,0,real,val
FaceForensics++_C23/original/158.mp4,158,158_379,0,real,test
FaceForensics++_C23/original/172.mp4,172,172_582,0,real,train
FaceForensics++_C23/original/161.mp4,161,141_161,0,real,test
FaceForensics++_C23/original/155.mp4,155,155_576,0,real,train
FaceForensics++_C23/original/164.mp4,164,164_216,0,real,train
FaceForensics++_C23/original/157.mp4,157,157_245,0,real,val
FaceForensics++_C23/original/163.mp4,163,031_163,0,real,train
FaceForensics++_C23/original/188.mp4,188,188_191,0,real,train
FaceForensics++_C23/original/176.mp4,176,176_190,0,real,test
FaceForensics++_C23/original/192.mp4,192,134_192,0,real,val
FaceForensics++_C23/original/180.mp4,180,105_180,0,real,train
FaceForensics++_C23/original/183.mp4,183,183_253,0,real,train
FaceForensics++_C23/original/186.mp4,186,170_186,0,real,test
FaceForensics++_C23/original/190.mp4,190,176_190,0,real,test
FaceForensics++_C23/original/184.mp4,184,184_205,0,real,train
FaceForensics++_C23/original/191.mp4,191,188_191,0,real,train
FaceForensics++_C23/original/181.mp4,181,181_199,0,real,train
FaceForensics++_C23/original/178.mp4,178,178_598,0,real,train
FaceForensics++_C23/original/185.mp4,185,185_276,0,real,train
FaceForensics++_C23/original/182.mp4,182,182_242,0,real,train
FaceForensics++_C23/original/177.mp4,177,177_211,0,real,train
FaceForensics++_C23/original/193.mp4,193,030_193,0,real,train
FaceForensics++_C23/original/189.mp4,189,189_200,0,real,train
FaceForensics++_C23/original/187.mp4,187,187_234,0,real,train
FaceForensics++_C23/original/179.mp4,179,179_212,0,real,train
FaceForensics++_C23/original/220.mp4,220,219_220,0,real,test
FaceForensics++_C23/original/200.mp4,200,189_200,0,real,train
FaceForensics++_C23/original/198.mp4,198,106_198,0,real,val
FaceForensics++_C23/original/203.mp4,203,201_203,0,real,train
FaceForensics++_C23/original/208.mp4,208,208_215,0,real,train
FaceForensics++_C23/original/217.mp4,217,117_217,0,real,train
FaceForensics++_C23/original/196.mp4,196,196_310,0,real,train
FaceForensics++_C23/original/218.mp4,218,218_239,0,real,train
FaceForensics++_C23/original/195.mp4,195,195_442,0,real,train
FaceForensics++_C23/original/215.mp4,215,208_215,0,real,train
FaceForensics++_C23/original/197.mp4,197,197_224,0,real,train
FaceForensics++_C23/original/216.mp4,216,164_216,0,real,train
FaceForensics++_C23/original/207.mp4,207,207_908,0,real,train
FaceForensics++_C23/original/211.mp4,211,177_211,0,real,train
FaceForensics++_C23/original/199.mp4,199,181_199,0,real,train
FaceForensics++_C23/original/201.mp4,201,201_203,0,real,train
FaceForensics++_C23/original/205.mp4,205,184_205,0,real,train
FaceForensics++_C23/original/212.mp4,212,179_212,0,real,train
FaceForensics++_C23/original/221.mp4,221,206_221,0,real,train
FaceForensics++_C23/original/209.mp4,209,016_209,0,real,train
FaceForensics++_C23/original/202.mp4,202,202_348,0,real,train
FaceForensics++_C23/original/210.mp4,210,210_241,0,real,train
FaceForensics++_C23/original/219.mp4,219,219_220,0,real,test
FaceForensics++_C23/original/204.mp4,204,204_230,0,real,train
FaceForensics++_C23/original/194.mp4,194,194_235,0,real,train
FaceForensics++_C23/original/213.mp4,213,083_213,0,real,train
FaceForensics++_C23/original/206.mp4,206,206_221,0,real,train
FaceForensics++_C23/original/214.mp4,214,214_255,0,real,test
FaceForensics++_C23/original/237.mp4,237,236_237,0,real,train
FaceForensics++_C23/original/222.mp4,222,168_222,0,real,train
FaceForensics++_C23/original/233.mp4,233,233_995,0,real,test
FaceForensics++_C23/original/240.mp4,240,240_290,0,real,train
FaceForensics++_C23/original/229.mp4,229,229_247,0,real,train
FaceForensics++_C23/original/242.mp4,242,182_242,0,real,train
FaceForensics++_C23/original/224.mp4,224,197_224,0,real,train
FaceForensics++_C23/original/241.mp4,241,210_241,0,real,train
FaceForensics++_C23/original/238.mp4,238,238_282,0,real,train
FaceForensics++_C23/original/234.mp4,234,187_234,0,real,train
FaceForensics++_C23/original/227.mp4,227,169_227,0,real,test
FaceForensics++_C23/original/226.mp4,226,226_491,0,real,train
FaceForensics++_C23/original/225.mp4,225,151_225,0,real,train
FaceForensics++_C23/original/245.mp4,245,157_245,0,real,val
FaceForensics++_C23/original/250.mp4,250,250_461,0,real,train
FaceForensics++_C23/original/231.mp4,231,231_663,0,real,train
FaceForensics++_C23/original/239.mp4,239,218_239,0,real,train
FaceForensics++_C23/original/248.mp4,248,232_248,0,real,train
FaceForensics++_C23/original/228.mp4,228,228_289,0,real,train
FaceForensics++_C23/original/244.mp4,244,244_822,0,real,train
FaceForensics++_C23/original/249.mp4,249,249_280,0,real,test
FaceForensics++_C23/original/223.mp4,223,223_586,0,real,val
FaceForensics++_C23/original/236.mp4,236,236_237,0,real,train
FaceForensics++_C23/original/243.mp4,243,156_243,0,real,train
FaceForensics++_C23/original/235.mp4,235,194_235,0,real,train
FaceForensics++_C23/original/230.mp4,230,204_230,0,real,train
FaceForensics++_C23/original/247.mp4,247,229_247,0,real,train
FaceForensics++_C23/original/246.mp4,246,246_258,0,real,train
FaceForensics++_C23/original/232.mp4,232,232_248,0,real,train
FaceForensics++_C23/original/254.mp4,254,254_261,0,real,val
FaceForensics++_C23/original/259.mp4,259,259_345,0,real,train
FaceForensics++_C23/original/266.mp4,266,252_266,0,real,train
FaceForensics++_C23/original/251.mp4,251,251_375,0,real,train
FaceForensics++_C23/original/258.mp4,258,246_258,0,real,train
FaceForensics++_C23/original/265.mp4,265,265_475,0,real,train
FaceForensics++_C23/original/269.mp4,269,268_269,0,real,train
FaceForensics++_C23/original/256.mp4,256,146_256,0,real,train
FaceForensics++_C23/original/271.mp4,271,264_271,0,real,train
FaceForensics++_C23/original/262.mp4,262,262_301,0,real,train
FaceForensics++_C23/original/274.mp4,274,274_412,0,real,train
FaceForensics++_C23/original/270.mp4,270,270_297,0,real,train
FaceForensics++_C23/original/275.mp4,275,275_887,0,real,train
FaceForensics++_C23/original/261.mp4,261,254_261,0,real,val
FaceForensics++_C23/original/253.mp4,253,183_253,0,real,train
FaceForensics++_C23/original/268.mp4,268,268_269,0,real,train
FaceForensics++_C23/original/267.mp4,267,267_286,0,real,train
FaceForensics++_C23/original/264.mp4,264,264_271,0,real,train
FaceForensics++_C23/original/272.mp4,272,272_396,0,real,train
FaceForensics++_C23/original/255.mp4,255,214_255,0,real,test
FaceForensics++_C23/original/273.mp4,273,273_807,0,real,val
FaceForensics++_C23/original/276.mp4,276,185_276,0,real,train
FaceForensics++_C23/original/252.mp4,252,252_266,0,real,train
FaceForensics++_C23/original/260.mp4,260,260_331,0,real,train
FaceForensics++_C23/original/257.mp4,257,257_420,0,real,test
FaceForensics++_C23/original/263.mp4,263,263_284,0,real,val
FaceForensics++_C23/original/290.mp4,290,240_290,0,real,train
FaceForensics++_C23/original/278.mp4,278,278_306,0,real,test
FaceForensics++_C23/original/289.mp4,289,228_289,0,real,train
FaceForensics++_C23/original/277.mp4,277,277_335,0,real,train
FaceForensics++_C23/original/292.mp4,292,292_294,0,real,train
FaceForensics++_C23/original/293.mp4,293,293_296,0,real,train
FaceForensics++_C23/original/283.mp4,283,283_313,0,real,train
FaceForensics++_C23/original/298.mp4,298,279_298,0,real,train
FaceForensics++_C23/original/279.mp4,279,279_298,0,real,train
FaceForensics++_C23/original/294.mp4,294,292_294,0,real,train
FaceForensics++_C23/original/287.mp4,287,287_426,0,real,train
FaceForensics++_C23/original/286.mp4,286,267_286,0,real,train
FaceForensics++_C23/original/282.mp4,282,238_282,0,real,train
FaceForensics++_C23/original/297.mp4,297,270_297,0,real,train
FaceForensics++_C23/original/280.mp4,280,249_280,0,real,test
FaceForensics++_C23/original/302.mp4,302,302_323,0,real,train
FaceForensics++_C23/original/285.mp4,285,136_285,0,real,train
FaceForensics++_C23/original/296.mp4,296,293_296,0,real,train
FaceForensics++_C23/original/301.mp4,301,262_301,0,real,train
FaceForensics++_C23/original/300.mp4,300,300_304,0,real,train
FaceForensics++_C23/original/281.mp4,281,281_474,0,real,train
FaceForensics++_C23/original/295.mp4,295,099_295,0,real,train
FaceForensics++_C23/original/284.mp4,284,263_284,0,real,val
FaceForensics++_C23/original/291.mp4,291,291_874,0,real,train
FaceForensics++_C23/original/299.mp4,299,145_299,0,real,val
FaceForensics++_C23/original/288.mp4,288,288_321,0,real,test
FaceForensics++_C23/original/314.mp4,314,314_347,0,real,test
FaceForensics++_C23/original/310.mp4,310,196_310,0,real,train
FaceForensics++_C23/original/308.mp4,308,308_388,0,real,test
FaceForensics++_C23/original/311.mp4,311,311_387,0,real,train
FaceForensics++_C23/original/323.mp4,323,302_323,0,real,train
FaceForensics++_C23/original/303.mp4,303,303_309,0,real,train
FaceForensics++_C23/original/329.mp4,329,327_329,0,real,train
FaceForensics++_C23/original/318.mp4,318,318_334,0,real,train
FaceForensics++_C23/original/321.mp4,321,288_321,0,real,test
FaceForensics++_C23/original/315.mp4,315,315_322,0,real,train
FaceForensics++_C23/original/312.mp4,312,021_312,0,real,train
FaceForensics++_C23/original/305.mp4,305,305_513,0,real,train
FaceForensics++_C23/original/322.mp4,322,315_322,0,real,train
FaceForensics++_C23/original/309.mp4,309,303_309,0,real,train
FaceForensics++_C23/original/325.mp4,325,325_492,0,real,val
FaceForensics++_C23/original/320.mp4,320,320_328,0,real,train
FaceForensics++_C23/original/328.mp4,328,320_328,0,real,train
FaceForensics++_C23/original/317.mp4,317,317_359,0,real,train
FaceForensics++_C23/original/324.mp4,324,324_356,0,real,train
FaceForensics++_C23/original/304.mp4,304,300_304,0,real,train
FaceForensics++_C23/original/319.mp4,319,319_352,0,real,test
FaceForensics++_C23/original/313.mp4,313,283_313,0,real,train
FaceForensics++_C23/original/330.mp4,330,162_330,0,real,train
FaceForensics++_C23/original/307.mp4,307,307_365,0,real,train
FaceForensics++_C23/original/326.mp4,326,326_501,0,real,train
FaceForensics++_C23/original/327.mp4,327,327_329,0,real,train
FaceForensics++_C23/original/306.mp4,306,278_306,0,real,test
FaceForensics++_C23/original/316.mp4,316,316_369,0,real,val
FaceForensics++_C23/original/335.mp4,335,277_335,0,real,train
FaceForensics++_C23/original/353.mp4,353,353_383,0,real,train
FaceForensics++_C23/original/348.mp4,348,202_348,0,real,train
FaceForensics++_C23/original/352.mp4,352,319_352,0,real,test
FaceForensics++_C23/original/343.mp4,343,343_363,0,real,train
FaceForensics++_C23/original/349.mp4,349,349_350,0,real,val
FaceForensics++_C23/original/340.mp4,340,340_341,0,real,train
FaceForensics++_C23/original/350.mp4,350,349_350,0,real,val
FaceForensics++_C23/original/354.mp4,354,354_362,0,real,val
FaceForensics++_C23/original/341.mp4,341,340_341,0,real,train
FaceForensics++_C23/original/342.mp4,342,342_416,0,real,val
FaceForensics++_C23/original/345.mp4,345,259_345,0,real,train
FaceForensics++_C23/original/344.mp4,344,020_344,0,real,train
FaceForensics++_C23/original/332.mp4,332,051_332,0,real,train
FaceForensics++_C23/original/331.mp4,331,260_331,0,real,train
FaceForensics++_C23/original/346.mp4,346,346_351,0,real,train
FaceForensics++_C23/original/355.mp4,355,355_748,0,real,train
FaceForensics++_C23/original/333.mp4,333,333_377,0,real,train
FaceForensics++_C23/original/351.mp4,351,346_351,0,real,train
FaceForensics++_C23/original/334.mp4,334,318_334,0,real,train
FaceForensics++_C23/original/337.mp4,337,337_522,0,real,train
FaceForensics++_C23/original/336.mp4,336,336_338,0,real,train
FaceForensics++_C23/original/347.mp4,347,314_347,0,real,test
FaceForensics++_C23/original/339.mp4,339,339_392,0,real,train
FaceForensics++_C23/original/338.mp4,338,336_338,0,real,train
FaceForensics++_C23/original/376.mp4,376,376_381,0,real,test
FaceForensics++_C23/original/373.mp4,373,373_394,0,real,train
FaceForensics++_C23/original/382.mp4,382,382_409,0,real,train
FaceForensics++_C23/original/360.mp4,360,360_437,0,real,train
FaceForensics++_C23/original/371.mp4,371,367_371,0,real,test
FaceForensics++_C23/original/380.mp4,380,358_380,0,real,test
FaceForensics++_C23/original/381.mp4,381,376_381,0,real,test
FaceForensics++_C23/original/359.mp4,359,317_359,0,real,train
FaceForensics++_C23/original/356.mp4,356,324_356,0,real,train
FaceForensics++_C23/original/361.mp4,361,361_448,0,real,train
FaceForensics++_C23/original/367.mp4,367,367_371,0,real,test
FaceForensics++_C23/original/378.mp4,378,368_378,0,real,train
FaceForensics++_C23/original/377.mp4,377,333_377,0,real,train
FaceForensics++_C23/original/372.mp4,372,372_413,0,real,train
FaceForensics++_C23/original/366.mp4,366,366_473,0,real,train
FaceForensics++_C23/original/379.mp4,379,158_379,0,real,test
FaceForensics++_C23/original/364.mp4,364,364_440,0,real,val
FaceForensics++_C23/original/383.mp4,383,353_383,0,real,train
FaceForensics++_C23/original/374.mp4,374,374_407,0,real,train
FaceForensics++_C23/original/362.mp4,362,354_362,0,real,val
FaceForensics++_C23/original/368.mp4,368,368_378,0,real,train
FaceForensics++_C23/original/369.mp4,369,316_369,0,real,val
FaceForensics++_C23/original/358.mp4,358,358_380,0,real,test
FaceForensics++_C23/original/375.mp4,375,251_375,0,real,train
FaceForensics++_C23/original/370.mp4,370,370_483,0,real,val
FaceForensics++_C23/original/363.mp4,363,343_363,0,real,train
FaceForensics++_C23/original/365.mp4,365,307_365,0,real,train
FaceForensics++_C23/original/357.mp4,357,357_432,0,real,train
FaceForensics++_C23/original/400.mp4,400,400_476,0,real,train
FaceForensics++_C23/original/390.mp4,390,390_709,0,real,train
FaceForensics++_C23/original/387.mp4,387,311_387,0,real,train
FaceForensics++_C23/original/398.mp4,398,398_457,0,real,train
FaceForensics++_C23/original/394.mp4,394,373_394,0,real,train
FaceForensics++_C23/original/393.mp4,393,393_405,0,real,train
FaceForensics++_C23/original/399.mp4,399,399_488,0,real,test
FaceForensics++_C23/original/384.mp4,384,384_932,0,real,test
FaceForensics++_C23/original/392.mp4,392,339_392,0,real,train
FaceForensics++_C23/original/397.mp4,397,397_602,0,real,train
FaceForensics++_C23/original/385.mp4,385,385_414,0,real,train
FaceForensics++_C23/original/391.mp4,391,391_406,0,real,train
FaceForensics++_C23/original/386.mp4,386,154_386,0,real,test
FaceForensics++_C23/original/388.mp4,388,308_388,0,real,test
FaceForensics++_C23/original/389.mp4,389,389_480,0,real,test
FaceForensics++_C23/original/395.mp4,395,395_401,0,real,train
FaceForensics++_C23/original/396.mp4,396,272_396,0,real,train
FaceForensics++_C23/original/409.mp4,409,382_409,0,real,train
FaceForensics++_C23/original/417.mp4,417,417_496,0,real,train
FaceForensics++_C23/original/403.mp4,403,403_497,0,real,train
FaceForensics++_C23/original/407.mp4,407,374_407,0,real,train
FaceForensics++_C23/original/408.mp4,408,408_424,0,real,train
FaceForensics++_C23/original/415.mp4,415,415_484,0,real,train
FaceForensics++_C23/original/416.mp4,416,342_416,0,real,val
FaceForensics++_C23/original/406.mp4,406,391_406,0,real,train
FaceForensics++_C23/original/410.mp4,410,410_411,0,real,train
FaceForensics++_C23/original/404.mp4,404,404_429,0,real,test
FaceForensics++_C23/original/411.mp4,411,410_411,0,real,train
FaceForensics++_C23/original/401.mp4,401,395_401,0,real,train
FaceForensics++_C23/original/414.mp4,414,385_414,0,real,train
FaceForensics++_C23/original/412.mp4,412,274_412,0,real,train
FaceForensics++_C23/original/413.mp4,413,372_413,0,real,train
FaceForensics++_C23/original/405.mp4,405,393_405,0,real,train
FaceForensics++_C23/original/402.mp4,402,402_453,0,real,val
FaceForensics++_C23/original/436.mp4,436,436_526,0,real,train
FaceForensics++_C23/original/440.mp4,440,364_440,0,real,val
FaceForensics++_C23/original/429.mp4,429,404_429,0,real,test
FaceForensics++_C23/original/420.mp4,420,257_420,0,real,test
FaceForensics++_C23/original/423.mp4,423,421_423,0,real,test
FaceForensics++_C23/original/437.mp4,437,360_437,0,real,train
FaceForensics++_C23/original/428.mp4,428,428_466,0,real,train
FaceForensics++_C23/original/431.mp4,431,431_447,0,real,train
FaceForensics++_C23/original/425.mp4,425,425_485,0,real,test
FaceForensics++_C23/original/419.mp4,419,419_824,0,real,val
FaceForensics++_C23/original/442.mp4,442,195_442,0,real,train
FaceForensics++_C23/original/438.mp4,438,434_438,0,real,train
FaceForensics++_C23/original/422.mp4,422,422_695,0,real,test
FaceForensics++_C23/original/439.mp4,439,439_441,0,real,train
FaceForensics++_C23/original/434.mp4,434,434_438,0,real,train
FaceForensics++_C23/original/433.mp4,433,433_498,0,real,train
FaceForensics++_C23/original/441.mp4,441,439_441,0,real,train
FaceForensics++_C23/original/424.mp4,424,408_424,0,real,train
FaceForensics++_C23/original/427.mp4,427,427_637,0,real,train
FaceForensics++_C23/original/432.mp4,432,357_432,0,real,train
FaceForensics++_C23/original/435.mp4,435,435_456,0,real,train
FaceForensics++_C23/original/426.mp4,426,287_426,0,real,train
FaceForensics++_C23/original/421.mp4,421,421_423,0,real,test
FaceForensics++_C23/original/418.mp4,418,418_507,0,real,test
FaceForensics++_C23/original/430.mp4,430,430_459,0,real,train
FaceForensics++_C23/original/443.mp4,443,443_514,0,real,val
FaceForensics++_C23/original/454.mp4,454,454_527,0,real,test
FaceForensics++_C23/original/450.mp4,450,450_533,0,real,train
FaceForensics++_C23/original/451.mp4,451,449_451,0,real,train
FaceForensics++_C23/original/457.mp4,457,398_457,0,real,train
FaceForensics++_C23/original/453.mp4,453,402_453,0,real,val
FaceForensics++_C23/original/448.mp4,448,361_448,0,real,train
FaceForensics++_C23/original/459.mp4,459,430_459,0,real,train
FaceForensics++_C23/original/455.mp4,455,455_471,0,real,val
FaceForensics++_C23/original/460.mp4,460,460_678,0,real,train
FaceForensics++_C23/original/446.mp4,446,446_667,0,real,train
FaceForensics++_C23/original/458.mp4,458,458_722,0,real,train
FaceForensics++_C23/original/461.mp4,461,250_461,0,real,train
FaceForensics++_C23/original/447.mp4,447,431_447,0,real,train
FaceForensics++_C23/original/452.mp4,452,452_550,0,real,test
FaceForensics++_C23/original/444.mp4,444,444_655,0,real,train
FaceForensics++_C23/original/445.mp4,445,445_494,0,real,test
FaceForensics++_C23/original/456.mp4,456,435_456,0,real,train
FaceForensics++_C23/original/449.mp4,449,449_451,0,real,train
FaceForensics++_C23/original/490.mp4,490,490_534,0,real,train
FaceForensics++_C23/original/470.mp4,470,468_470,0,real,val
FaceForensics++_C23/original/483.mp4,483,370_483,0,real,val
FaceForensics++_C23/original/463.mp4,463,463_464,0,real,train
FaceForensics++_C23/original/482.mp4,482,465_482,0,real,val
FaceForensics++_C23/original/488.mp4,488,399_488,0,real,test
FaceForensics++_C23/original/485.mp4,485,425_485,0,real,test
FaceForensics++_C23/original/478.mp4,478,478_506,0,real,train
FaceForensics++_C23/original/464.mp4,464,463_464,0,real,train
FaceForensics++_C23/original/471.mp4,471,455_471,0,real,val
FaceForensics++_C23/original/476.mp4,476,400_476,0,real,train
FaceForensics++_C23/original/489.mp4,489,022_489,0,real,train
FaceForensics++_C23/original/467.mp4,467,462_467,0,real,test
FaceForensics++_C23/original/486.mp4,486,486_680,0,real,train
FaceForensics++_C23/original/484.mp4,484,415_484,0,real,train
FaceForensics++_C23/original/473.mp4,473,366_473,0,real,train
FaceForensics++_C23/original/487.mp4,487,477_487,0,real,train
FaceForensics++_C23/original/468.mp4,468,468_470,0,real,val
FaceForensics++_C23/original/481.mp4,481,469_481,0,real,train
FaceForensics++_C23/original/479.mp4,479,479_706,0,real,test
FaceForensics++_C23/original/472.mp4,472,472_511,0,real,val
FaceForensics++_C23/original/474.mp4,474,281_474,0,real,train
FaceForensics++_C23/original/475.mp4,475,265_475,0,real,train
FaceForensics++_C23/original/462.mp4,462,462_467,0,real,test
FaceForensics++_C23/original/480.mp4,480,389_480,0,real,test
FaceForensics++_C23/original/465.mp4,465,465_482,0,real,val
FaceForensics++_C23/original/477.mp4,477,477_487,0,real,train
FaceForensics++_C23/original/469.mp4,469,469_481,0,real,train
FaceForensics++_C23/original/466.mp4,466,428_466,0,real,train
FaceForensics++_C23/original/502.mp4,502,502_504,0,real,train
FaceForensics++_C23/original/497.mp4,497,403_497,0,real,train
FaceForensics++_C23/original/507.mp4,507,418_507,0,real,test
FaceForensics++_C23/original/506.mp4,506,478_506,0,real,train
FaceForensics++_C23/original/498.mp4,498,433_498,0,real,train
FaceForensics++_C23/original/491.mp4,491,226_491,0,real,train
FaceForensics++_C23/original/499.mp4,499,499_539,0,real,train
FaceForensics++_C23/original/508.mp4,508,508_831,0,real,train
FaceForensics++_C23/original/509.mp4,509,509_525,0,real,train
FaceForensics++_C23/original/501.mp4,501,326_501,0,real,train
FaceForensics++_C23/original/496.mp4,496,417_496,0,real,train
FaceForensics++_C23/original/493.mp4,493,493_538,0,real,val
FaceForensics++_C23/original/505.mp4,505,505_600,0,real,train
FaceForensics++_C23/original/504.mp4,504,502_504,0,real,train
FaceForensics++_C23/original/495.mp4,495,495_512,0,real,train
FaceForensics++_C23/original/500.mp4,500,500_592,0,real,train
FaceForensics++_C23/original/492.mp4,492,325_492,0,real,val
FaceForensics++_C23/original/494.mp4,494,445_494,0,real,test
FaceForensics++_C23/original/503.mp4,503,503_756,0,real,train
FaceForensics++_C23/original/534.mp4,534,490_534,0,real,train
FaceForensics++_C23/original/528.mp4,528,510_528,0,real,train
FaceForensics++_C23/original/510.mp4,510,510_528,0,real,train
FaceForensics++_C23/original/532.mp4,532,532_544,0,real,train
FaceForensics++_C23/original/519.mp4,519,515_519,0,real,train
FaceForensics++_C23/original/523.mp4,523,523_541,0,real,train
FaceForensics++_C23/original/531.mp4,531,531_549,0,real,train
FaceForensics++_C23/original/511.mp4,511,472_511,0,real,val
FaceForensics++_C23/original/535.mp4,535,535_587,0,real,train
FaceForensics++_C23/original/516.mp4,516,516_555,0,real,train
FaceForensics++_C23/original/514.mp4,514,443_514,0,real,val
FaceForensics++_C23/original/512.mp4,512,495_512,0,real,train
FaceForensics++_C23/original/536.mp4,536,536_540,0,real,train
FaceForensics++_C23/original/517.mp4,517,517_521,0,real,test
FaceForensics++_C23/original/520.mp4,520,520_542,0,real,train
FaceForensics++_C23/original/521.mp4,521,517_521,0,real,test
FaceForensics++_C23/original/525.mp4,525,509_525,0,real,train
FaceForensics++_C23/original/527.mp4,527,454_527,0,real,test
FaceForensics++_C23/original/530.mp4,530,530_594,0,real,train
FaceForensics++_C23/original/524.mp4,524,524_580,0,real,train
FaceForensics++_C23/original/513.mp4,513,305_513,0,real,train
FaceForensics++_C23/original/526.mp4,526,436_526,0,real,train
FaceForensics++_C23/original/518.mp4,518,131_518,0,real,train
FaceForensics++_C23/original/522.mp4,522,337_522,0,real,train
FaceForensics++_C23/original/515.mp4,515,515_519,0,real,train
FaceForensics++_C23/original/533.mp4,533,450_533,0,real,train
FaceForensics++_C23/original/529.mp4,529,529_633,0,real,test
FaceForensics++_C23/original/541.mp4,541,523_541,0,real,train
FaceForensics++_C23/original/551.mp4,551,551_631,0,real,train
FaceForensics++_C23/original/538.mp4,538,493_538,0,real,val
FaceForensics++_C23/original/546.mp4,546,546_621,0,real,train
FaceForensics++_C23/original/539.mp4,539,499_539,0,real,train
FaceForensics++_C23/original/542.mp4,542,520_542,0,real,train
FaceForensics++_C23/original/547.mp4,547,547_574,0,real,train
FaceForensics++_C23/original/553.mp4,553,545_553,0,real,train
FaceForensics++_C23/original/537.mp4,537,537_563,0,real,train
FaceForensics++_C23/original/554.mp4,554,554_572,0,real,train
FaceForensics++_C23/original/549.mp4,549,531_549,0,real,train
FaceForensics++_C23/original/552.mp4,552,552_851,0,real,test
FaceForensics++_C23/original/555.mp4,555,516_555,0,real,train
FaceForensics++_C23/original/543.mp4,543,543_559,0,real,train
FaceForensics++_C23/original/548.mp4,548,548_632,0,real,val
FaceForensics++_C23/original/540.mp4,540,536_540,0,real,train
FaceForensics++_C23/original/544.mp4,544,532_544,0,real,train
FaceForensics++_C23/original/550.mp4,550,452_550,0,real,test
FaceForensics++_C23/original/545.mp4,545,545_553,0,real,train
FaceForensics++_C23/original/569.mp4,569,569_921,0,real,train
FaceForensics++_C23/original/560.mp4,560,557_560,0,real,val
FaceForensics++_C23/original/558.mp4,558,558_583,0,real,val
FaceForensics++_C23/original/562.mp4,562,562_626,0,real,train
FaceForensics++_C23/original/567.mp4,567,567_606,0,real,val
FaceForensics++_C23/original/572.mp4,572,554_572,0,real,train
FaceForensics++_C23/original/561.mp4,561,561_998,0,real,train
FaceForensics++_C23/original/570.mp4,570,570_624,0,real,train
FaceForensics++_C23/original/566.mp4,566,566_617,0,real,val
FaceForensics++_C23/original/564.mp4,564,564_971,0,real,val
FaceForensics++_C23/original/575.mp4,575,575_603,0,real,train
FaceForensics++_C23/original/568.mp4,568,568_628,0,real,train
FaceForensics++_C23/original/565.mp4,565,565_589,0,real,val
FaceForensics++_C23/original/559.mp4,559,543_559,0,real,train
FaceForensics++_C23/original/556.mp4,556,556_588,0,real,train
FaceForensics++_C23/original/573.mp4,573,573_757,0,real,train
FaceForensics++_C23/original/571.mp4,571,571_746,0,real,val
FaceForensics++_C23/original/574.mp4,574,547_574,0,real,train
FaceForensics++_C23/original/563.mp4,563,537_563,0,real,train
FaceForensics++_C23/original/557.mp4,557,557_560,0,real,val
FaceForensics++_C23/original/578.mp4,578,578_636,0,real,train
FaceForensics++_C23/original/591.mp4,591,591_605,0,real,train
FaceForensics++_C23/original/587.mp4,587,535_587,0,real,train
FaceForensics++_C23/original/576.mp4,576,155_576,0,real,train
FaceForensics++_C23/original/592.mp4,592,500_592,0,real,train
FaceForensics++_C23/original/583.mp4,583,558_583,0,real,val
FaceForensics++_C23/original/590.mp4,590,034_590,0,real,train
FaceForensics++_C23/original/588.mp4,588,556_588,0,real,train
FaceForensics++_C23/original/581.mp4,581,581_697,0,real,train
FaceForensics++_C23/original/589.mp4,589,565_589,0,real,val
FaceForensics++_C23/original/584.mp4,584,584_823,0,real,val
FaceForensics++_C23/original/580.mp4,580,524_580,0,real,train
FaceForensics++_C23/original/582.mp4,582,172_582,0,real,train
FaceForensics++_C23/original/577.mp4,577,577_593,0,real,train
FaceForensics++_C23/original/593.mp4,593,577_593,0,real,train
FaceForensics++_C23/original/579.mp4,579,579_701,0,real,test
FaceForensics++_C23/original/585.mp4,585,585_599,0,real,val
FaceForensics++_C23/original/586.mp4,586,223_586,0,real,val
FaceForensics++_C23/original/606.mp4,606,567_606,0,real,val
FaceForensics++_C23/original/609.mp4,609,596_609,0,real,train
FaceForensics++_C23/original/602.mp4,602,397_602,0,real,train
FaceForensics++_C23/original/618.mp4,618,618_629,0,real,train
FaceForensics++_C23/original/601.mp4,601,601_653,0,real,train
FaceForensics++_C23/original/619.mp4,619,619_620,0,real,train
FaceForensics++_C23/original/597.mp4,597,595_597,0,real,val
FaceForensics++_C23/original/603.mp4,603,575_603,0,real,train
FaceForensics++_C23/original/617.mp4,617,566_617,0,real,val
FaceForensics++_C23/original/611.mp4,611,611_760,0,real,train
FaceForensics++_C23/original/600.mp4,600,505_600,0,real,train
FaceForensics++_C23/original/599.mp4,599,585_599,0,real,val
FaceForensics++_C23/original/605.mp4,605,591_605,0,real,train
FaceForensics++_C23/original/607.mp4,607,607_683,0,real,test
FaceForensics++_C23/original/620.mp4,620,619_620,0,real,train
FaceForensics++_C23/original/615.mp4,615,615_687,0,real,train
FaceForensics++_C23/original/613.mp4,613,613_685,0,real,train
FaceForensics++_C23/original/616.mp4,616,614_616,0,real,train
FaceForensics++_C23/original/608.mp4,608,608_675,0,real,test
FaceForensics++_C23/original/612.mp4,612,612_702,0,real,val
FaceForensics++_C23/original/594.mp4,594,530_594,0,real,train
FaceForensics++_C23/original/595.mp4,595,595_597,0,real,val
FaceForensics++_C23/original/598.mp4,598,178_598,0,real,train
FaceForensics++_C23/original/614.mp4,614,614_616,0,real,train
FaceForensics++_C23/original/596.mp4,596,596_609,0,real,train
FaceForensics++_C23/original/604.mp4,604,604_703,0,real,train
FaceForensics++_C23/original/610.mp4,610,610_692,0,real,train
FaceForensics++_C23/original/636.mp4,636,578_636,0,real,train
FaceForensics++_C23/original/635.mp4,635,635_642,0,real,train
FaceForensics++_C23/original/623.mp4,623,623_630,0,real,test
FaceForensics++_C23/original/634.mp4,634,634_660,0,real,test
FaceForensics++_C23/original/624.mp4,624,570_624,0,real,train
FaceForensics++_C23/original/628.mp4,628,568_628,0,real,train
FaceForensics++_C23/original/629.mp4,629,618_629,0,real,train
FaceForensics++_C23/original/645.mp4,645,645_688,0,real,train
FaceForensics++_C23/original/622.mp4,622,622_647,0,real,val
FaceForensics++_C23/original/644.mp4,644,644_657,0,real,train
FaceForensics++_C23/original/640.mp4,640,638_640,0,real,val
FaceForensics++_C23/original/638.mp4,638,638_640,0,real,val
FaceForensics++_C23/original/630.mp4,630,623_630,0,real,test
FaceForensics++_C23/original/631.mp4,631,551_631,0,real,train
FaceForensics++_C23/original/643.mp4,643,643_646,0,real,train
FaceForensics++_C23/original/637.mp4,637,427_637,0,real,train
FaceForensics++_C23/original/625.mp4,625,625_650,0,real,test
FaceForensics++_C23/original/642.mp4,642,635_642,0,real,train
FaceForensics++_C23/original/621.mp4,621,546_621,0,real,train
FaceForensics++_C23/original/641.mp4,641,641_662,0,real,train
FaceForensics++_C23/original/632.mp4,632,548_632,0,real,val
FaceForensics++_C23/original/633.mp4,633,529_633,0,real,test
FaceForensics++_C23/original/626.mp4,626,562_626,0,real,train
FaceForensics++_C23/original/639.mp4,639,639_841,0,real,train
FaceForensics++_C23/original/627.mp4,627,627_658,0,real,train
FaceForensics++_C23/original/651.mp4,651,651_835,0,real,train
FaceForensics++_C23/original/654.mp4,654,648_654,0,real,train
FaceForensics++_C23/original/656.mp4,656,656_666,0,real,val
FaceForensics++_C23/original/652.mp4,652,652_773,0,real,train
FaceForensics++_C23/original/648.mp4,648,648_654,0,real,train
FaceForensics++_C23/original/650.mp4,650,625_650,0,real,test
FaceForensics++_C23/original/664.mp4,664,664_668,0,real,val
FaceForensics++_C23/original/663.mp4,663,231_663,0,real,train
FaceForensics++_C23/original/666.mp4,666,656_666,0,real,val
FaceForensics++_C23/original/655.mp4,655,444_655,0,real,train
FaceForensics++_C23/original/661.mp4,661,661_670,0,real,test
FaceForensics++_C23/original/665.mp4,665,665_679,0,real,train
FaceForensics++_C23/original/657.mp4,657,644_657,0,real,train
FaceForensics++_C23/original/660.mp4,660,634_660,0,real,test
FaceForensics++_C23/original/646.mp4,646,643_646,0,real,train
FaceForensics++_C23/original/649.mp4,649,649_816,0,real,val
FaceForensics++_C23/original/667.mp4,667,446_667,0,real,train
FaceForensics++_C23/original/658.mp4,658,627_658,0,real,train
FaceForensics++_C23/original/662.mp4,662,641_662,0,real,train
FaceForensics++_C23/original/647.mp4,647,622_647,0,real,val
FaceForensics++_C23/original/653.mp4,653,601_653,0,real,train
FaceForensics++_C23/original/659.mp4,659,659_749,0,real,train
FaceForensics++_C23/original/684.mp4,684,684_717,0,real,train
FaceForensics++_C23/original/679.mp4,679,665_679,0,real,train
FaceForensics++_C23/original/676.mp4,676,676_776,0,real,train
FaceForensics++_C23/original/671.mp4,671,671_677,0,real,train
FaceForensics++_C23/original/688.mp4,688,645_688,0,real,train
FaceForensics++_C23/original/689.mp4,689,689_690,0,real,train
FaceForensics++_C23/original/678.mp4,678,460_678,0,real,train
FaceForensics++_C23/original/677.mp4,677,671_677,0,real,train
FaceForensics++_C23/original/672.mp4,672,672_720,0,real,val
FaceForensics++_C23/original/669.mp4,669,669_682,0,real,test
FaceForensics++_C23/original/668.mp4,668,664_668,0,real,val
FaceForensics++_C23/original/680.mp4,680,486_680,0,real,train
FaceForensics++_C23/original/682.mp4,682,669_682,0,real,test
FaceForensics++_C23/original/693.mp4,693,693_698,0,real,train
FaceForensics++_C23/original/691.mp4,691,691_732,0,real,test
FaceForensics++_C23/original/687.mp4,687,615_687,0,real,train
FaceForensics++_C23/original/673.mp4,673,673_728,0,real,train
FaceForensics++_C23/original/683.mp4,683,607_683,0,real,test
FaceForensics++_C23/original/675.mp4,675,608_675,0,real,test
FaceForensics++_C23/original/686.mp4,686,686_696,0,real,train
FaceForensics++_C23/original/670.mp4,670,661_670,0,real,test
FaceForensics++_C23/original/674.mp4,674,674_744,0,real,train
FaceForensics++_C23/original/692.mp4,692,610_692,0,real,train
FaceForensics++_C23/original/690.mp4,690,689_690,0,real,train
FaceForensics++_C23/original/681.mp4,681,681_711,0,real,train
FaceForensics++_C23/original/685.mp4,685,613_685,0,real,train
FaceForensics++_C23/original/710.mp4,710,710_788,0,real,train
FaceForensics++_C23/original/709.mp4,709,390_709,0,real,train
FaceForensics++_C23/original/704.mp4,704,704_723,0,real,train
FaceForensics++_C23/original/706.mp4,706,479_706,0,real,test
FaceForensics++_C23/original/695.mp4,695,422_695,0,real,test
FaceForensics++_C23/original/703.mp4,703,604_703,0,real,train
FaceForensics++_C23/original/701.mp4,701,579_701,0,real,test
FaceForensics++_C23/original/698.mp4,698,693_698,0,real,train
FaceForensics++_C23/original/705.mp4,705,705_707,0,real,test
FaceForensics++_C23/original/708.mp4,708,708_772,0,real,train
FaceForensics++_C23/original/713.mp4,713,713_726,0,real,train
FaceForensics++_C23/original/712.mp4,712,712_716,0,real,train
FaceForensics++_C23/original/699.mp4,699,699_734,0,real,train
FaceForensics++_C23/original/707.mp4,707,705_707,0,real,test
FaceForensics++_C23/original/696.mp4,696,686_696,0,real,train
FaceForensics++_C23/original/702.mp4,702,612_702,0,real,val
FaceForensics++_C23/original/697.mp4,697,581_697,0,real,train
FaceForensics++_C23/original/700.mp4,700,700_813,0,real,train
FaceForensics++_C23/original/711.mp4,711,681_711,0,real,train
FaceForensics++_C23/original/694.mp4,694,694_767,0,real,train
FaceForensics++_C23/original/721.mp4,721,715_721,0,real,train
FaceForensics++_C23/original/716.mp4,716,712_716,0,real,train
FaceForensics++_C23/original/723.mp4,723,704_723,0,real,train
FaceForensics++_C23/original/720.mp4,720,672_720,0,real,val
FaceForensics++_C23/original/728.mp4,728,673_728,0,real,train
FaceForensics++_C23/original/731.mp4,731,731_741,0,real,test
FaceForensics++_C23/original/725.mp4,725,724_725,0,real,test
FaceForensics++_C23/original/729.mp4,729,727_729,0,real,val
FaceForensics++_C23/original/724.mp4,724,724_725,0,real,test
FaceForensics++_C23/original/719.mp4,719,719_737,0,real,train
FaceForensics++_C23/original/727.mp4,727,727_729,0,real,val
FaceForensics++_C23/original/715.mp4,715,715_721,0,real,train
FaceForensics++_C23/original/714.mp4,714,714_842,0,real,test
FaceForensics++_C23/original/722.mp4,722,458_722,0,real,train
FaceForensics++_C23/original/726.mp4,726,713_726,0,real,train
FaceForensics++_C23/original/718.mp4,718,718_972,0,real,train
FaceForensics++_C23/original/730.mp4,730,730_815,0,real,train
FaceForensics++_C23/original/717.mp4,717,684_717,0,real,train
FaceForensics++_C23/original/739.mp4,739,739_865,0,real,test
FaceForensics++_C23/original/751.mp4,751,751_752,0,real,train
FaceForensics++_C23/original/748.mp4,748,355_748,0,real,train
FaceForensics++_C23/original/737.mp4,737,719_737,0,real,train
FaceForensics++_C23/original/741.mp4,741,731_741,0,real,test
FaceForensics++_C23/original/745.mp4,745,745_777,0,real,val
FaceForensics++_C23/original/733.mp4,733,733_935,0,real,train
FaceForensics++_C23/original/750.mp4,750,743_750,0,real,train
FaceForensics++_C23/original/743.mp4,743,743_750,0,real,train
FaceForensics++_C23/original/754.mp4,754,754_758,0,real,train
FaceForensics++_C23/original/736.mp4,736,736_785,0,real,train
FaceForensics++_C23/original/742.mp4,742,742_775,0,real,val
FaceForensics++_C23/original/746.mp4,746,571_746,0,real,val
FaceForensics++_C23/original/749.mp4,749,659_749,0,real,train
FaceForensics++_C23/original/738.mp4,738,738_804,0,real,train
FaceForensics++_C23/original/744.mp4,744,674_744,0,real,train
FaceForensics++_C23/original/753.mp4,753,753_789,0,real,train
FaceForensics++_C23/original/732.mp4,732,691_732,0,real,test
FaceForensics++_C23/original/735.mp4,735,735_774,0,real,train
FaceForensics++_C23/original/740.mp4,740,740_796,0,real,train
FaceForensics++_C23/original/747.mp4,747,747_854,0,real,train
FaceForensics++_C23/original/734.mp4,734,699_734,0,real,train
FaceForensics++_C23/original/752.mp4,752,751_752,0,real,train
FaceForensics++_C23/original/780.mp4,780,780_869,0,real,train
FaceForensics++_C23/original/759.mp4,759,755_759,0,real,test
FaceForensics++_C23/original/768.mp4,768,768_793,0,real,val
FaceForensics++_C23/original/772.mp4,772,708_772,0,real,train
FaceForensics++_C23/original/782.mp4,782,782_787,0,real,train
FaceForensics++_C23/original/765.mp4,765,765_867,0,real,train
FaceForensics++_C23/original/785.mp4,785,736_785,0,real,train
FaceForensics++_C23/original/755.mp4,755,755_759,0,real,test
FaceForensics++_C23/original/762.mp4,762,762_832,0,real,val
FaceForensics++_C23/original/783.mp4,783,783_916,0,real,train
FaceForensics++_C23/original/767.mp4,767,694_767,0,real,train
FaceForensics++_C23/original/769.mp4,769,769_784,0,real,train
FaceForensics++_C23/original/778.mp4,778,778_798,0,real,train
FaceForensics++_C23/original/756.mp4,756,503_756,0,real,train
FaceForensics++_C23/original/760.mp4,760,611_760,0,real,train
FaceForensics++_C23/original/766.mp4,766,761_766,0,real,train
FaceForensics++_C23/original/773.mp4,773,652_773,0,real,train
FaceForensics++_C23/original/771.mp4,771,771_849,0,real,train
FaceForensics++_C23/original/757.mp4,757,573_757,0,real,train
FaceForensics++_C23/original/784.mp4,784,769_784,0,real,train
FaceForensics++_C23/original/781.mp4,781,781_806,0,real,train
FaceForensics++_C23/original/758.mp4,758,754_758,0,real,train
FaceForensics++_C23/original/770.mp4,770,770_791,0,real,train
FaceForensics++_C23/original/764.mp4,764,764_850,0,real,train
FaceForensics++_C23/original/779.mp4,779,779_794,0,real,val
FaceForensics++_C23/original/763.mp4,763,763_930,0,real,train
FaceForensics++_C23/original/777.mp4,777,745_777,0,real,val
FaceForensics++_C23/original/776.mp4,776,676_776,0,real,train
FaceForensics++_C23/original/774.mp4,774,735_774,0,real,train
FaceForensics++_C23/original/761.mp4,761,761_766,0,real,train
FaceForensics++_C23/original/775.mp4,775,742_775,0,real,val
FaceForensics++_C23/original/791.mp4,791,770_791,0,real,train
FaceForensics++_C23/original/792.mp4,792,792_903,0,real,train
FaceForensics++_C23/original/787.mp4,787,782_787,0,real,train
FaceForensics++_C23/original/794.mp4,794,779_794,0,real,val
FaceForensics++_C23/original/795.mp4,795,795_907,0,real,train
FaceForensics++_C23/original/790.mp4,790,014_790,0,real,train
FaceForensics++_C23/original/798.mp4,798,778_798,0,real,train
FaceForensics++_C23/original/789.mp4,789,753_789,0,real,train
FaceForensics++_C23/original/797.mp4,797,797_844,0,real,train
FaceForensics++_C23/original/799.mp4,799,799_809,0,real,train
FaceForensics++_C23/original/796.mp4,796,740_796,0,real,train
FaceForensics++_C23/original/788.mp4,788,710_788,0,real,train
FaceForensics++_C23/original/793.mp4,793,768_793,0,real,val
FaceForensics++_C23/original/786.mp4,786,786_819,0,real,train
FaceForensics++_C23/original/809.mp4,809,799_809,0,real,train
FaceForensics++_C23/original/802.mp4,802,802_885,0,real,train
FaceForensics++_C23/original/811.mp4,811,811_920,0,real,train
FaceForensics++_C23/original/804.mp4,804,738_804,0,real,train
FaceForensics++_C23/original/812.mp4,812,812_821,0,real,test
FaceForensics++_C23/original/800.mp4,800,800_840,0,real,train
FaceForensics++_C23/original/806.mp4,806,781_806,0,real,train
FaceForensics++_C23/original/819.mp4,819,786_819,0,real,train
FaceForensics++_C23/original/817.mp4,817,817_827,0,real,val
FaceForensics++_C23/original/807.mp4,807,273_807,0,real,val
FaceForensics++_C23/original/813.mp4,813,700_813,0,real,train
FaceForensics++_C23/original/818.mp4,818,818_820,0,real,val
FaceForensics++_C23/original/820.mp4,820,818_820,0,real,val
FaceForensics++_C23/original/803.mp4,803,017_803,0,real,train
FaceForensics++_C23/original/808.mp4,808,808_829,0,real,train
FaceForensics++_C23/original/814.mp4,814,814_871,0,real,train
FaceForensics++_C23/original/801.mp4,801,801_855,0,real,test
FaceForensics++_C23/original/810.mp4,810,810_838,0,real,train
FaceForensics++_C23/original/805.mp4,805,011_805,0,real,train
FaceForensics++_C23/original/815.mp4,815,730_815,0,real,train
FaceForensics++_C23/original/816.mp4,816,649_816,0,real,val
FaceForensics++_C23/original/831.mp4,831,508_831,0,real,train
FaceForensics++_C23/original/823.mp4,823,584_823,0,real,val
FaceForensics++_C23/original/840.mp4,840,800_840,0,real,train
FaceForensics++_C23/original/824.mp4,824,419_824,0,real,val
FaceForensics++_C23/original/833.mp4,833,826_833,0,real,train
FaceForensics++_C23/original/841.mp4,841,639_841,0,real,train
FaceForensics++_C23/original/834.mp4,834,834_852,0,real,val
FaceForensics++_C23/original/839.mp4,839,839_864,0,real,train
FaceForensics++_C23/original/822.mp4,822,244_822,0,real,train
FaceForensics++_C23/original/838.mp4,838,810_838,0,real,train
FaceForensics++_C23/original/828.mp4,828,828_830,0,real,train
FaceForensics++_C23/original/825.mp4,825,074_825,0,real,train
FaceForensics++_C23/original/829.mp4,829,808_829,0,real,train
FaceForensics++_C23/original/837.mp4,837,837_890,0,real,val
FaceForensics++_C23/original/835.mp4,835,651_835,0,real,train
FaceForensics++_C23/original/830.mp4,830,828_830,0,real,train
FaceForensics++_C23/original/821.mp4,821,812_821,0,real,test
FaceForensics++_C23/original/826.mp4,826,826_833,0,real,train
FaceForensics++_C23/original/827.mp4,827,817_827,0,real,val
FaceForensics++_C23/original/832.mp4,832,762_832,0,real,val
FaceForensics++_C23/original/836.mp4,836,836_950,0,real,train
FaceForensics++_C23/original/854.mp4,854,747_854,0,real,train
FaceForensics++_C23/original/845.mp4,845,845_846,0,real,train
FaceForensics++_C23/original/864.mp4,864,839_864,0,real,train
FaceForensics++_C23/original/847.mp4,847,847_906,0,real,test
FaceForensics++_C23/original/866.mp4,866,866_878,0,real,train
FaceForensics++_C23/original/846.mp4,846,845_846,0,real,train
FaceForensics++_C23/original/857.mp4,857,857_909,0,real,val
FaceForensics++_C23/original/850.mp4,850,764_850,0,real,train
FaceForensics++_C23/original/859.mp4,859,843_859,0,real,train
FaceForensics++_C23/original/865.mp4,865,739_865,0,real,test
FaceForensics++_C23/original/852.mp4,852,834_852,0,real,val
FaceForensics++_C23/original/856.mp4,856,856_881,0,real,train
FaceForensics++_C23/original/853.mp4,853,853_863,0,real,train
FaceForensics++_C23/original/849.mp4,849,771_849,0,real,train
FaceForensics++_C23/original/863.mp4,863,853_863,0,real,train
FaceForensics++_C23/original/844.mp4,844,797_844,0,real,train
FaceForensics++_C23/original/861.mp4,861,858_861,0,real,train
FaceForensics++_C23/original/843.mp4,843,843_859,0,real,train
FaceForensics++_C23/original/862.mp4,862,047_862,0,real,test
FaceForensics++_C23/original/848.mp4,848,848_894,0,real,train
FaceForensics++_C23/original/858.mp4,858,858_861,0,real,train
FaceForensics++_C23/original/842.mp4,842,714_842,0,real,test
FaceForensics++_C23/original/851.mp4,851,552_851,0,real,test
FaceForensics++_C23/original/855.mp4,855,801_855,0,real,test
FaceForensics++_C23/original/860.mp4,860,860_905,0,real,train
FaceForensics++_C23/original/886.mp4,886,877_886,0,real,train
FaceForensics++_C23/original/881.mp4,881,856_881,0,real,train
FaceForensics++_C23/original/889.mp4,889,045_889,0,real,train
FaceForensics++_C23/original/882.mp4,882,882_952,0,real,train
FaceForensics++_C23/original/875.mp4,875,875_979,0,real,val
FaceForensics++_C23/original/888.mp4,888,888_937,0,real,train
FaceForensics++_C23/original/872.mp4,872,872_873,0,real,train
FaceForensics++_C23/original/880.mp4,880,135_880,0,real,test
FaceForensics++_C23/original/887.mp4,887,275_887,0,real,train
FaceForensics++_C23/original/884.mp4,884,884_968,0,real,train
FaceForensics++_C23/original/883.mp4,883,013_883,0,real,train
FaceForensics++_C23/original/869.mp4,869,780_869,0,real,train
FaceForensics++_C23/original/871.mp4,871,814_871,0,real,train
FaceForensics++_C23/original/868.mp4,868,868_949,0,real,test
FaceForensics++_C23/original/870.mp4,870,001_870,0,real,train
FaceForensics++_C23/original/876.mp4,876,876_891,0,real,train
FaceForensics++_C23/original/873.mp4,873,872_873,0,real,train
FaceForensics++_C23/original/877.mp4,877,877_886,0,real,train
FaceForensics++_C23/original/879.mp4,879,879_963,0,real,train
FaceForensics++_C23/original/885.mp4,885,802_885,0,real,train
FaceForensics++_C23/original/867.mp4,867,765_867,0,real,train
FaceForensics++_C23/original/874.mp4,874,291_874,0,real,train
FaceForensics++_C23/original/878.mp4,878,866_878,0,real,train
FaceForensics++_C23/original/915.mp4,915,895_915,0,real,val
FaceForensics++_C23/original/909.mp4,909,857_909,0,real,val
FaceForensics++_C23/original/906.mp4,906,847_906,0,real,test
FaceForensics++_C23/original/913.mp4,913,893_913,0,real,train
FaceForensics++_C23/original/910.mp4,910,910_911,0,real,train
FaceForensics++_C23/original/902.mp4,902,901_902,0,real,train
FaceForensics++_C23/original/895.mp4,895,895_915,0,real,val
FaceForensics++_C23/original/897.mp4,897,897_969,0,real,train
FaceForensics++_C23/original/905.mp4,905,860_905,0,real,train
FaceForensics++_C23/original/908.mp4,908,207_908,0,real,train
FaceForensics++_C23/original/907.mp4,907,795_907,0,real,train
FaceForensics++_C23/original/896.mp4,896,128_896,0,real,test
FaceForensics++_C23/original/912.mp4,912,912_927,0,real,val
FaceForensics++_C23/original/917.mp4,917,917_924,0,real,test
FaceForensics++_C23/original/911.mp4,911,910_911,0,real,train
FaceForensics++_C23/original/898.mp4,898,898_922,0,real,val
FaceForensics++_C23/original/914.mp4,914,899_914,0,real,train
FaceForensics++_C23/original/916.mp4,916,783_916,0,real,train
FaceForensics++_C23/original/890.mp4,890,837_890,0,real,val
FaceForensics++_C23/original/903.mp4,903,792_903,0,real,train
FaceForensics++_C23/original/891.mp4,891,876_891,0,real,train
FaceForensics++_C23/original/901.mp4,901,901_902,0,real,train
FaceForensics++_C23/original/892.mp4,892,112_892,0,real,train
FaceForensics++_C23/original/893.mp4,893,893_913,0,real,train
FaceForensics++_C23/original/904.mp4,904,046_904,0,real,val
FaceForensics++_C23/original/899.mp4,899,899_914,0,real,train
FaceForensics++_C23/original/894.mp4,894,848_894,0,real,train
FaceForensics++_C23/original/900.mp4,900,900_926,0,real,val
FaceForensics++_C23/original/940.mp4,940,940_941,0,real,train
FaceForensics++_C23/original/937.mp4,937,888_937,0,real,train
FaceForensics++_C23/original/931.mp4,931,931_936,0,real,train
FaceForensics++_C23/original/933.mp4,933,925_933,0,real,val
FaceForensics++_C23/original/921.mp4,921,569_921,0,real,train
FaceForensics++_C23/original/935.mp4,935,733_935,0,real,train
FaceForensics++_C23/original/934.mp4,934,918_934,0,real,train
FaceForensics++_C23/original/945.mp4,945,044_945,0,real,test
FaceForensics++_C23/original/926.mp4,926,900_926,0,real,val
FaceForensics++_C23/original/927.mp4,927,912_927,0,real,val
FaceForensics++_C23/original/920.mp4,920,811_920,0,real,train
FaceForensics++_C23/original/925.mp4,925,925_933,0,real,val
FaceForensics++_C23/original/943.mp4,943,942_943,0,real,train
FaceForensics++_C23/original/932.mp4,932,384_932,0,real,test
FaceForensics++_C23/original/930.mp4,930,763_930,0,real,train
FaceForensics++_C23/original/938.mp4,938,938_987,0,real,train
FaceForensics++_C23/original/928.mp4,928,160_928,0,real,train
FaceForensics++_C23/original/944.mp4,944,032_944,0,real,train
FaceForensics++_C23/original/941.mp4,941,940_941,0,real,train
FaceForensics++_C23/original/919.mp4,919,015_919,0,real,test
FaceForensics++_C23/original/942.mp4,942,942_943,0,real,train
FaceForensics++_C23/original/939.mp4,939,115_939,0,real,val
FaceForensics++_C23/original/918.mp4,918,918_934,0,real,train
FaceForensics++_C23/original/923.mp4,923,023_923,0,real,val
FaceForensics++_C23/original/924.mp4,924,917_924,0,real,test
FaceForensics++_C23/original/936.mp4,936,931_936,0,real,train
FaceForensics++_C23/original/922.mp4,922,898_922,0,real,val
FaceForensics++_C23/original/929.mp4,929,929_962,0,real,train
FaceForensics++_C23/original/952.mp4,952,882_952,0,real,train
FaceForensics++_C23/original/956.mp4,956,956_958,0,real,val
FaceForensics++_C23/original/948.mp4,948,948_965,0,real,train
FaceForensics++_C23/original/965.mp4,965,948_965,0,real,train
FaceForensics++_C23/original/946.mp4,946,049_946,0,real,train
FaceForensics++_C23/original/947.mp4,947,947_951,0,real,val
FaceForensics++_C23/original/963.mp4,963,879_963,0,real,train
FaceForensics++_C23/original/960.mp4,960,960_999,0,real,train
FaceForensics++_C23/original/958.mp4,958,956_958,0,real,val
FaceForensics++_C23/original/962.mp4,962,929_962,0,real,train
FaceForensics++_C23/original/955.mp4,955,078_955,0,real,test
FaceForensics++_C23/original/961.mp4,961,069_961,0,real,train
FaceForensics++_C23/original/954.mp4,954,954_976,0,real,train
FaceForensics++_C23/original/959.mp4,959,957_959,0,real,train
FaceForensics++_C23/original/957.mp4,957,957_959,0,real,train
FaceForensics++_C23/original/953.mp4,953,953_974,0,real,test
FaceForensics++_C23/original/964.mp4,964,174_964,0,real,train
FaceForensics++_C23/original/950.mp4,950,836_950,0,real,train
FaceForensics++_C23/original/951.mp4,951,947_951,0,real,val
FaceForensics++_C23/original/949.mp4,949,868_949,0,real,test
FaceForensics++_C23/original/966.mp4,966,966_988,0,real,train
FaceForensics++_C23/original/977.mp4,977,075_977,0,real,train
FaceForensics++_C23/original/975.mp4,975,975_978,0,real,train
FaceForensics++_C23/original/982.mp4,982,004_982,0,real,val
FaceForensics++_C23/original/980.mp4,980,980_992,0,real,val
FaceForensics++_C23/original/987.mp4,987,938_987,0,real,train
FaceForensics++_C23/original/988.mp4,988,966_988,0,real,train
FaceForensics++_C23/original/974.mp4,974,953_974,0,real,test
FaceForensics++_C23/original/984.mp4,984,967_984,0,real,train
FaceForensics++_C23/original/989.mp4,989,989_993,0,real,train
FaceForensics++_C23/original/979.mp4,979,875_979,0,real,val
FaceForensics++_C23/original/978.mp4,978,975_978,0,real,train
FaceForensics++_C23/original/983.mp4,983,113_983,0,real,train
FaceForensics++_C23/original/972.mp4,972,718_972,0,real,train
FaceForensics++_C23/original/976.mp4,976,954_976,0,real,train
FaceForensics++_C23/original/986.mp4,986,986_994,0,real,train
FaceForensics++_C23/original/970.mp4,970,970_973,0,real,test
FaceForensics++_C23/original/973.mp4,973,970_973,0,real,test
FaceForensics++_C23/original/981.mp4,981,981_985,0,real,train
FaceForensics++_C23/original/971.mp4,971,564_971,0,real,val
FaceForensics++_C23/original/969.mp4,969,897_969,0,real,train
FaceForensics++_C23/original/967.mp4,967,967_984,0,real,train
FaceForensics++_C23/original/985.mp4,985,981_985,0,real,train
FaceForensics++_C23/original/968.mp4,968,884_968,0,real,train
FaceForensics++_C23/original/997.mp4,997,040_997,0,real,train
FaceForensics++_C23/original/992.mp4,992,980_992,0,real,val
FaceForensics++_C23/original/999.mp4,999,960_999,0,real,train
FaceForensics++_C23/original/995.mp4,995,233_995,0,real,test
FaceForensics++_C23/original/996.mp4,996,056_996,0,real,train
FaceForensics++_C23/original/991.mp4,991,064_991,0,real,val
FaceForensics++_C23/original/990.mp4,990,008_990,0,real,train
FaceForensics++_C23/original/994.mp4,994,986_994,0,real,train
FaceForensics++_C23/original/998.mp4,998,561_998,0,real,train
FaceForensics++_C23/original/993.mp4,993,989_993,0,real,train
FaceForensics++_C23/Face2Face/001_870.mp4,001_870,001_870,1,Face2Face,train
FaceForensics++_C23/Face2Face/002_006.mp4,002_006,002_006,1,Face2Face,train
FaceForensics++_C23/Face2Face/000_003.mp4,000_003,000_003,1,Face2Face,test
FaceForensics++_C23/Face2Face/026_012.mp4,026_012,012_026,1,Face2Face,test
FaceForensics++_C23/Face2Face/027_009.mp4,027_009,009_027,1,Face2Face,train
FaceForensics++_C23/Face2Face/030_193.mp4,030_193,030_193,1,Face2Face,train
FaceForensics++_C23/Face2Face/021_312.mp4,021_312,021_312,1,Face2Face,train
FaceForensics++_C23/Face2Face/003_000.mp4,003_000,000_003,1,Face2Face,test
FaceForensics++_C23/Face2Face/006_002.mp4,006_002,002_006,1,Face2Face,train
FaceForensics++_C23/Face2Face/031_163.mp4,031_163,031_163,1,Face2Face,train
FaceForensics++_C23/Face2Face/020_344.mp4,020_344,020_344,1,Face2Face,train
FaceForensics++_C23/Face2Face/014_790.mp4,014_790,014_790,1,Face2Face,train
FaceForensics++_C23/Face2Face/017_803.mp4,017_803,017_803,1,Face2Face,train
FaceForensics++_C23/Face2Face/024_073.mp4,024_073,024_073,1,Face2Face,test
FaceForensics++_C23/Face2Face/022_489.mp4,022_489,022_489,1,Face2Face,train
FaceForensics++_C23/Face2Face/008_990.mp4,008_990,008_990,1,Face2Face,train
FaceForensics++_C23/Face2Face/018_019.mp4,018_019,018_019,1,Face2Face,train
FaceForensics++_C23/Face2Face/009_027.mp4,009_027,009_027,1,Face2Face,train
FaceForensics++_C23/Face2Face/011_805.mp4,011_805,011_805,1,Face2Face,train
FaceForensics++_C23/Face2Face/005_010.mp4,005_010,005_010,1,Face2Face,train
FaceForensics++_C23/Face2Face/012_026.mp4,012_026,012_026,1,Face2Face,test
FaceForensics++_C23/Face2Face/007_132.mp4,007_132,007_132,1,Face2Face,train
FaceForensics++_C23/Face2Face/028_068.mp4,028_068,028_068,1,Face2Face,train
FaceForensics++_C23/Face2Face/019_018.mp4,019_018,018_019,1,Face2Face,train
FaceForensics++_C23/Face2Face/013_883.mp4,013_883,013_883,1,Face2Face,train
FaceForensics++_C23/Face2Face/029_048.mp4,029_048,029_048,1,Face2Face,test
FaceForensics++_C23/Face2Face/010_005.mp4,010_005,005_010,1,Face2Face,train
FaceForensics++_C23/Face2Face/032_944.mp4,032_944,032_944,1,Face2Face,train
FaceForensics++_C23/Face2Face/016_209.mp4,016_209,016_209,1,Face2Face,train
FaceForensics++_C23/Face2Face/023_923.mp4,023_923,023_923,1,Face2Face,val
FaceForensics++_C23/Face2Face/025_067.mp4,025_067,025_067,1,Face2Face,train
FaceForensics++_C23/Face2Face/015_919.mp4,015_919,015_919,1,Face2Face,test
FaceForensics++_C23/Face2Face/004_982.mp4,004_982,004_982,1,Face2Face,val
FaceForensics++_C23/Face2Face/047_862.mp4,047_862,047_862,1,Face2Face,test
FaceForensics++_C23/Face2Face/042_084.mp4,042_084,042_084,1,Face2Face,val
FaceForensics++_C23/Face2Face/058_039.mp4,058_039,039_058,1,Face2Face,train
FaceForensics++_C23/Face2Face/055_147.mp4,055_147,055_147,1,Face2Face,train
FaceForensics++_C23/Face2Face/041_063.mp4,041_063,041_063,1,Face2Face,train
FaceForensics++_C23/Face2Face/052_108.mp4,052_108,052_108,1,Face2Face,train
FaceForensics++_C23/Face2Face/045_889.mp4,045_889,045_889,1,Face2Face,train
FaceForensics++_C23/Face2Face/034_590.mp4,034_590,034_590,1,Face2Face,train
FaceForensics++_C23/Face2Face/050_059.mp4,050_059,050_059,1,Face2Face,train
FaceForensics++_C23/Face2Face/038_125.mp4,038_125,038_125,1,Face2Face,train
FaceForensics++_C23/Face2Face/057_070.mp4,057_070,057_070,1,Face2Face,train
FaceForensics++_C23/Face2Face/051_332.mp4,051_332,051_332,1,Face2Face,train
FaceForensics++_C23/Face2Face/056_996.mp4,056_996,056_996,1,Face2Face,train
FaceForensics++_C23/Face2Face/059_050.mp4,059_050,050_059,1,Face2Face,train
FaceForensics++_C23/Face2Face/035_036.mp4,035_036,035_036,1,Face2Face,test
FaceForensics++_C23/Face2Face/044_945.mp4,044_945,044_945,1,Face2Face,test
FaceForensics++_C23/Face2Face/048_029.mp4,048_029,029_048,1,Face2Face,test
FaceForensics++_C23/Face2Face/043_110.mp4,043_110,043_110,1,Face2Face,train
FaceForensics++_C23/Face2Face/060_088.mp4,060_088,060_088,1,Face2Face,train
FaceForensics++_C23/Face2Face/046_904.mp4,046_904,046_904,1,Face2Face,val
FaceForensics++_C23/Face2Face/053_095.mp4,053_095,053_095,1,Face2Face,train
FaceForensics++_C23/Face2Face/036_035.mp4,036_035,035_036,1,Face2Face,test
FaceForensics++_C23/Face2Face/049_946.mp4,049_946,049_946,1,Face2Face,train
FaceForensics++_C23/Face2Face/037_072.mp4,037_072,037_072,1,Face2Face,train
FaceForensics++_C23/Face2Face/033_097.mp4,033_097,033_097,1,Face2Face,train
FaceForensics++_C23/Face2Face/040_997.mp4,040_997,040_997,1,Face2Face,train
FaceForensics++_C23/Face2Face/054_071.mp4,054_071,054_071,1,Face2Face,train
FaceForensics++_C23/Face2Face/039_058.mp4,039_058,039_058,1,Face2Face,train
FaceForensics++_C23/Face2Face/084_042.mp4,084_042,042_084,1,Face2Face,val
FaceForensics++_C23/Face2Face/071_054.mp4,071_054,054_071,1,Face2Face,train
FaceForensics++_C23/Face2Face/073_024.mp4,073_024,024_073,1,Face2Face,test
FaceForensics++_C23/Face2Face/067_025.mp4,067_025,025_067,1,Face2Face,train
FaceForensics++_C23/Face2Face/077_100.mp4,077_100,077_100,1,Face2Face,train
FaceForensics++_C23/Face2Face/068_028.mp4,068_028,028_068,1,Face2Face,train
FaceForensics++_C23/Face2Face/079_076.mp4,079_076,076_079,1,Face2Face,train
FaceForensics++_C23/Face2Face/061_080.mp4,061_080,061_080,1,Face2Face,train
FaceForensics++_C23/Face2Face/080_061.mp4,080_061,061_080,1,Face2Face,train
FaceForensics++_C23/Face2Face/063_041.mp4,063_041,041_063,1,Face2Face,train
FaceForensics++_C23/Face2Face/069_961.mp4,069_961,069_961,1,Face2Face,train
FaceForensics++_C23/Face2Face/078_955.mp4,078_955,078_955,1,Face2Face,test
FaceForensics++_C23/Face2Face/074_825.mp4,074_825,074_825,1,Face2Face,train
FaceForensics++_C23/Face2Face/081_087.mp4,081_087,081_087,1,Face2Face,train
FaceForensics++_C23/Face2Face/062_066.mp4,062_066,062_066,1,Face2Face,train
FaceForensics++_C23/Face2Face/083_213.mp4,083_213,083_213,1,Face2Face,train
FaceForensics++_C23/Face2Face/076_079.mp4,076_079,076_079,1,Face2Face,train
FaceForensics++_C23/Face2Face/075_977.mp4,075_977,075_977,1,Face2Face,train
FaceForensics++_C23/Face2Face/072_037.mp4,072_037,037_072,1,Face2Face,train
FaceForensics++_C23/Face2Face/065_089.mp4,065_089,065_089,1,Face2Face,train
FaceForensics++_C23/Face2Face/066_062.mp4,066_062,062_066,1,Face2Face,train
FaceForensics++_C23/Face2Face/082_103.mp4,082_103,082_103,1,Face2Face,train
FaceForensics++_C23/Face2Face/070_057.mp4,070_057,057_070,1,Face2Face,train
FaceForensics++_C23/Face2Face/064_991.mp4,064_991,064_991,1,Face2Face,val
FaceForensics++_C23/Face2Face/096_101.mp4,096_101,096_101,1,Face2Face,train
FaceForensics++_C23/Face2Face/089_065.mp4,089_065,065_089,1,Face2Face,train
FaceForensics++_C23/Face2Face/087_081.mp4,087_081,081_087,1,Face2Face,train
FaceForensics++_C23/Face2Face/098_092.mp4,098_092,092_098,1,Face2Face,train
FaceForensics++_C23/Face2Face/093_121.mp4,093_121,093_121,1,Face2Face,train
FaceForensics++_C23/Face2Face/092_098.mp4,092_098,092_098,1,Face2Face,train
FaceForensics++_C23/Face2Face/097_033.mp4,097_033,033_097,1,Face2Face,train
FaceForensics++_C23/Face2Face/086_090.mp4,086_090,086_090,1,Face2Face,train
FaceForensics++_C23/Face2Face/090_086.mp4,090_086,086_090,1,Face2Face,train
FaceForensics++_C23/Face2Face/095_053.mp4,095_053,053_095,1,Face2Face,train
FaceForensics++_C23/Face2Face/091_116.mp4,091_116,091_116,1,Face2Face,val
FaceForensics++_C23/Face2Face/094_111.mp4,094_111,094_111,1,Face2Face,train
FaceForensics++_C23/Face2Face/085_124.mp4,085_124,085_124,1,Face2Face,train
FaceForensics++_C23/Face2Face/088_060.mp4,088_060,060_088,1,Face2Face,train
FaceForensics++_C23/Face2Face/099_295.mp4,099_295,099_295,1,Face2Face,train
FaceForensics++_C23/Face2Face/111_094.mp4,111_094,094_111,1,Face2Face,train
FaceForensics++_C23/Face2Face/106_198.mp4,106_198,106_198,1,Face2Face,val
FaceForensics++_C23/Face2Face/110_043.mp4,110_043,043_110,1,Face2Face,train
FaceForensics++_C23/Face2Face/122_144.mp4,122_144,122_144,1,Face2Face,train
FaceForensics++_C23/Face2Face/119_123.mp4,119_123,119_123,1,Face2Face,train
FaceForensics++_C23/Face2Face/103_082.mp4,103_082,082_103,1,Face2Face,train
FaceForensics++_C23/Face2Face/104_126.mp4,104_126,104_126,1,Face2Face,val
FaceForensics++_C23/Face2Face/102_114.mp4,102_114,102_114,1,Face2Face,test
FaceForensics++_C23/Face2Face/101_096.mp4,101_096,096_101,1,Face2Face,train
FaceForensics++_C23/Face2Face/117_217.mp4,117_217,117_217,1,Face2Face,train
FaceForensics++_C23/Face2Face/115_939.mp4,115_939,115_939,1,Face2Face,val
FaceForensics++_C23/Face2Face/120_118.mp4,120_118,118_120,1,Face2Face,train
FaceForensics++_C23/Face2Face/107_109.mp4,107_109,107_109,1,Face2Face,train
FaceForensics++_C23/Face2Face/100_077.mp4,100_077,077_100,1,Face2Face,train
FaceForensics++_C23/Face2Face/114_102.mp4,114_102,102_114,1,Face2Face,test
FaceForensics++_C23/Face2Face/105_180.mp4,105_180,105_180,1,Face2Face,train
FaceForensics++_C23/Face2Face/108_052.mp4,108_052,052_108,1,Face2Face,train
FaceForensics++_C23/Face2Face/113_983.mp4,113_983,113_983,1,Face2Face,train
FaceForensics++_C23/Face2Face/123_119.mp4,123_119,119_123,1,Face2Face,train
FaceForensics++_C23/Face2Face/112_892.mp4,112_892,112_892,1,Face2Face,train
FaceForensics++_C23/Face2Face/109_107.mp4,109_107,107_109,1,Face2Face,train
FaceForensics++_C23/Face2Face/121_093.mp4,121_093,093_121,1,Face2Face,train
FaceForensics++_C23/Face2Face/118_120.mp4,118_120,118_120,1,Face2Face,train
FaceForensics++_C23/Face2Face/116_091.mp4,116_091,091_116,1,Face2Face,val
FaceForensics++_C23/Face2Face/136_285.mp4,136_285,136_285,1,Face2Face,train
FaceForensics++_C23/Face2Face/138_142.mp4,138_142,138_142,1,Face2Face,test
FaceForensics++_C23/Face2Face/132_007.mp4,132_007,007_132,1,Face2Face,train
FaceForensics++_C23/Face2Face/146_256.mp4,146_256,146_256,1,Face2Face,train
FaceForensics++_C23/Face2Face/141_161.mp4,141_161,141_161,1,Face2Face,test
FaceForensics++_C23/Face2Face/148_133.mp4,148_133,133_148,1,Face2Face,train
FaceForensics++_C23/Face2Face/133_148.mp4,133_148,133_148,1,Face2Face,train
FaceForensics++_C23/Face2Face/142_138.mp4,142_138,138_142,1,Face2Face,test
FaceForensics++_C23/Face2Face/135_880.mp4,135_880,135_880,1,Face2Face,test
FaceForensics++_C23/Face2Face/137_165.mp4,137_165,137_165,1,Face2Face,train
FaceForensics++_C23/Face2Face/134_192.mp4,134_192,134_192,1,Face2Face,val
FaceForensics++_C23/Face2Face/124_085.mp4,124_085,085_124,1,Face2Face,train
FaceForensics++_C23/Face2Face/147_055.mp4,147_055,055_147,1,Face2Face,train
FaceForensics++_C23/Face2Face/125_038.mp4,125_038,038_125,1,Face2Face,train
FaceForensics++_C23/Face2Face/145_299.mp4,145_299,145_299,1,Face2Face,val
FaceForensics++_C23/Face2Face/143_140.mp4,143_140,140_143,1,Face2Face,train
FaceForensics++_C23/Face2Face/139_130.mp4,139_130,130_139,1,Face2Face,train
FaceForensics++_C23/Face2Face/127_129.mp4,127_129,127_129,1,Face2Face,train
FaceForensics++_C23/Face2Face/129_127.mp4,129_127,127_129,1,Face2Face,train
FaceForensics++_C23/Face2Face/131_518.mp4,131_518,131_518,1,Face2Face,train
FaceForensics++_C23/Face2Face/126_104.mp4,126_104,104_126,1,Face2Face,val
FaceForensics++_C23/Face2Face/144_122.mp4,144_122,122_144,1,Face2Face,train
FaceForensics++_C23/Face2Face/149_152.mp4,149_152,149_152,1,Face2Face,train
FaceForensics++_C23/Face2Face/128_896.mp4,128_896,128_896,1,Face2Face,test
FaceForensics++_C23/Face2Face/140_143.mp4,140_143,140_143,1,Face2Face,train
FaceForensics++_C23/Face2Face/130_139.mp4,130_139,130_139,1,Face2Face,train
FaceForensics++_C23/Face2Face/151_225.mp4,151_225,151_225,1,Face2Face,train
FaceForensics++_C23/Face2Face/150_153.mp4,150_153,150_153,1,Face2Face,train
FaceForensics++_C23/Face2Face/155_576.mp4,155_576,155_576,1,Face2Face,train
FaceForensics++_C23/Face2Face/154_386.mp4,154_386,154_386,1,Face2Face,test
FaceForensics++_C23/Face2Face/157_245.mp4,157_245,157_245,1,Face2Face,val
FaceForensics++_C23/Face2Face/165_137.mp4,165_137,137_165,1,Face2Face,train
FaceForensics++_C23/Face2Face/156_243.mp4,156_243,156_243,1,Face2Face,train
FaceForensics++_C23/Face2Face/167_166.mp4,167_166,166_167,1,Face2Face,train
FaceForensics++_C23/Face2Face/185_276.mp4,185_276,185_276,1,Face2Face,train
FaceForensics++_C23/Face2Face/153_150.mp4,153_150,150_153,1,Face2Face,train
FaceForensics++_C23/Face2Face/159_175.mp4,159_175,159_175,1,Face2Face,val
FaceForensics++_C23/Face2Face/169_227.mp4,169_227,169_227,1,Face2Face,test
FaceForensics++_C23/Face2Face/160_928.mp4,160_928,160_928,1,Face2Face,train
FaceForensics++_C23/Face2Face/152_149.mp4,152_149,149_152,1,Face2Face,train
FaceForensics++_C23/Face2Face/179_212.mp4,179_212,179_212,1,Face2Face,train
FaceForensics++_C23/Face2Face/172_582.mp4,172_582,172_582,1,Face2Face,train
FaceForensics++_C23/Face2Face/184_205.mp4,184_205,184_205,1,Face2Face,train
FaceForensics++_C23/Face2Face/182_242.mp4,182_242,182_242,1,Face2Face,train
FaceForensics++_C23/Face2Face/173_171.mp4,173_171,171_173,1,Face2Face,train
FaceForensics++_C23/Face2Face/180_105.mp4,180_105,105_180,1,Face2Face,train
FaceForensics++_C23/Face2Face/163_031.mp4,163_031,031_163,1,Face2Face,train
FaceForensics++_C23/Face2Face/175_159.mp4,175_159,159_175,1,Face2Face,val
FaceForensics++_C23/Face2Face/177_211.mp4,177_211,177_211,1,Face2Face,train
FaceForensics++_C23/Face2Face/162_330.mp4,162_330,162_330,1,Face2Face,train
FaceForensics++_C23/Face2Face/171_173.mp4,171_173,171_173,1,Face2Face,train
FaceForensics++_C23/Face2Face/181_199.mp4,181_199,181_199,1,Face2Face,train
FaceForensics++_C23/Face2Face/168_222.mp4,168_222,168_222,1,Face2Face,train
FaceForensics++_C23/Face2Face/170_186.mp4,170_186,170_186,1,Face2Face,test
FaceForensics++_C23/Face2Face/166_167.mp4,166_167,166_167,1,Face2Face,train
FaceForensics++_C23/Face2Face/178_598.mp4,178_598,178_598,1,Face2Face,train
FaceForensics++_C23/Face2Face/183_253.mp4,183_253,183_253,1,Face2Face,train
FaceForensics++_C23/Face2Face/176_190.mp4,176_190,176_190,1,Face2Face,test
FaceForensics++_C23/Face2Face/158_379.mp4,158_379,158_379,1,Face2Face,test
FaceForensics++_C23/Face2Face/161_141.mp4,161_141,141_161,1,Face2Face,test
FaceForensics++_C23/Face2Face/174_964.mp4,174_964,174_964,1,Face2Face,train
FaceForensics++_C23/Face2Face/164_216.mp4,164_216,164_216,1,Face2Face,train
FaceForensics++_C23/Face2Face/189_200.mp4,189_200,189_200,1,Face2Face,train
FaceForensics++_C23/Face2Face/198_106.mp4,198_106,106_198,1,Face2Face,val
FaceForensics++_C23/Face2Face/200_189.mp4,200_189,189_200,1,Face2Face,train
FaceForensics++_C23/Face2Face/201_203.mp4,201_203,201_203,1,Face2Face,train
FaceForensics++_C23/Face2Face/190_176.mp4,190_176,176_190,1,Face2Face,test
FaceForensics++_C23/Face2Face/205_184.mp4,205_184,184_205,1,Face2Face,train
FaceForensics++_C23/Face2Face/194_235.mp4,194_235,194_235,1,Face2Face,train
FaceForensics++_C23/Face2Face/193_030.mp4,193_030,030_193,1,Face2Face,train
FaceForensics++_C23/Face2Face/186_170.mp4,186_170,170_186,1,Face2Face,test
FaceForensics++_C23/Face2Face/204_230.mp4,204_230,204_230,1,Face2Face,train
FaceForensics++_C23/Face2Face/188_191.mp4,188_191,188_191,1,Face2Face,train
FaceForensics++_C23/Face2Face/195_442.mp4,195_442,195_442,1,Face2Face,train
FaceForensics++_C23/Face2Face/207_908.mp4,207_908,207_908,1,Face2Face,train
FaceForensics++_C23/Face2Face/187_234.mp4,187_234,187_234,1,Face2Face,train
FaceForensics++_C23/Face2Face/199_181.mp4,199_181,181_199,1,Face2Face,train
FaceForensics++_C23/Face2Face/192_134.mp4,192_134,134_192,1,Face2Face,val
FaceForensics++_C23/Face2Face/196_310.mp4,196_310,196_310,1,Face2Face,train
FaceForensics++_C23/Face2Face/206_221.mp4,206_221,206_221,1,Face2Face,train
FaceForensics++_C23/Face2Face/202_348.mp4,202_348,202_348,1,Face2Face,train
FaceForensics++_C23/Face2Face/191_188.mp4,191_188,188_191,1,Face2Face,train
FaceForensics++_C23/Face2Face/203_201.mp4,203_201,201_203,1,Face2Face,train
FaceForensics++_C23/Face2Face/197_224.mp4,197_224,197_224,1,Face2Face,train
FaceForensics++_C23/Face2Face/216_164.mp4,216_164,164_216,1,Face2Face,train
FaceForensics++_C23/Face2Face/221_206.mp4,221_206,206_221,1,Face2Face,train
FaceForensics++_C23/Face2Face/211_177.mp4,211_177,177_211,1,Face2Face,train
FaceForensics++_C23/Face2Face/212_179.mp4,212_179,179_212,1,Face2Face,train
FaceForensics++_C23/Face2Face/209_016.mp4,209_016,016_209,1,Face2Face,train
FaceForensics++_C23/Face2Face/217_117.mp4,217_117,117_217,1,Face2Face,train
FaceForensics++_C23/Face2Face/210_241.mp4,210_241,210_241,1,Face2Face,train
FaceForensics++_C23/Face2Face/208_215.mp4,208_215,208_215,1,Face2Face,train
FaceForensics++_C23/Face2Face/226_491.mp4,226_491,226_491,1,Face2Face,train
FaceForensics++_C23/Face2Face/215_208.mp4,215_208,208_215,1,Face2Face,train
FaceForensics++_C23/Face2Face/220_219.mp4,220_219,219_220,1,Face2Face,test
FaceForensics++_C23/Face2Face/224_197.mp4,224_197,197_224,1,Face2Face,train
FaceForensics++_C23/Face2Face/214_255.mp4,214_255,214_255,1,Face2Face,test
FaceForensics++_C23/Face2Face/213_083.mp4,213_083,083_213,1,Face2Face,train
FaceForensics++_C23/Face2Face/222_168.mp4,222_168,168_222,1,Face2Face,train
FaceForensics++_C23/Face2Face/223_586.mp4,223_586,223_586,1,Face2Face,val
FaceForensics++_C23/Face2Face/227_169.mp4,227_169,169_227,1,Face2Face,test
FaceForensics++_C23/Face2Face/225_151.mp4,225_151,151_225,1,Face2Face,train
FaceForensics++_C23/Face2Face/218_239.mp4,218_239,218_239,1,Face2Face,train
FaceForensics++_C23/Face2Face/219_220.mp4,219_220,219_220,1,Face2Face,test
FaceForensics++_C23/Face2Face/246_258.mp4,246_258,246_258,1,Face2Face,train
FaceForensics++_C23/Face2Face/228_289.mp4,228_289,228_289,1,Face2Face,train
FaceForensics++_C23/Face2Face/237_236.mp4,237_236,236_237,1,Face2Face,train
FaceForensics++_C23/Face2Face/248_232.mp4,248_232,232_248,1,Face2Face,train
FaceForensics++_C23/Face2Face/236_237.mp4,236_237,236_237,1,Face2Face,train
FaceForensics++_C23/Face2Face/231_663.mp4,231_663,231_663,1,Face2Face,train
FaceForensics++_C23/Face2Face/240_290.mp4,240_290,240_290,1,Face2Face,train
FaceForensics++_C23/Face2Face/239_218.mp4,239_218,218_239,1,Face2Face,train
FaceForensics++_C23/Face2Face/244_822.mp4,244_822,244_822,1,Face2Face,train
FaceForensics++_C23/Face2Face/235_194.mp4,235_194,194_235,1,Face2Face,train
FaceForensics++_C23/Face2Face/232_248.mp4,232_248,232_248,1,Face2Face,train
FaceForensics++_C23/Face2Face/245_157.mp4,245_157,157_245,1,Face2Face,val
FaceForensics++_C23/Face2Face/250_461.mp4,250_461,250_461,1,Face2Face,train
FaceForensics++_C23/Face2Face/252_266.mp4,252_266,252_266,1,Face2Face,train
FaceForensics++_C23/Face2Face/251_375.mp4,251_375,251_375,1,Face2Face,train
FaceForensics++_C23/Face2Face/230_204.mp4,230_204,204_230,1,Face2Face,train
FaceForensics++_C23/Face2Face/229_247.mp4,229_247,229_247,1,Face2Face,train
FaceForensics++_C23/Face2Face/242_182.mp4,242_182,182_242,1,Face2Face,train
FaceForensics++_C23/Face2Face/243_156.mp4,243_156,156_243,1,Face2Face,train
FaceForensics++_C23/Face2Face/233_995.mp4,233_995,233_995,1,Face2Face,test
FaceForensics++_C23/Face2Face/241_210.mp4,241_210,210_241,1,Face2Face,train
FaceForensics++_C23/Face2Face/238_282.mp4,238_282,238_282,1,Face2Face,train
FaceForensics++_C23/Face2Face/247_229.mp4,247_229,229_247,1,Face2Face,train
FaceForensics++_C23/Face2Face/234_187.mp4,234_187,187_234,1,Face2Face,train
FaceForensics++_C23/Face2Face/249_280.mp4,249_280,249_280,1,Face2Face,test
FaceForensics++_C23/Face2Face/256_146.mp4,256_146,146_256,1,Face2Face,train
FaceForensics++_C23/Face2Face/270_297.mp4,270_297,270_297,1,Face2Face,train
FaceForensics++_C23/Face2Face/265_475.mp4,265_475,265_475,1,Face2Face,train
FaceForensics++_C23/Face2Face/272_396.mp4,272_396,272_396,1,Face2Face,train
FaceForensics++_C23/Face2Face/269_268.mp4,269_268,268_269,1,Face2Face,train
FaceForensics++_C23/Face2Face/259_345.mp4,259_345,259_345,1,Face2Face,train
FaceForensics++_C23/Face2Face/266_252.mp4,266_252,252_266,1,Face2Face,train
FaceForensics++_C23/Face2Face/254_261.mp4,254_261,254_261,1,Face2Face,val
FaceForensics++_C23/Face2Face/257_420.mp4,257_420,257_420,1,Face2Face,test
FaceForensics++_C23/Face2Face/263_284.mp4,263_284,263_284,1,Face2Face,val
FaceForensics++_C23/Face2Face/253_183.mp4,253_183,183_253,1,Face2Face,train
FaceForensics++_C23/Face2Face/260_331.mp4,260_331,260_331,1,Face2Face,train
FaceForensics++_C23/Face2Face/271_264.mp4,271_264,264_271,1,Face2Face,train
FaceForensics++_C23/Face2Face/261_254.mp4,261_254,254_261,1,Face2Face,val
FaceForensics++_C23/Face2Face/274_412.mp4,274_412,274_412,1,Face2Face,train
FaceForensics++_C23/Face2Face/264_271.mp4,264_271,264_271,1,Face2Face,train
FaceForensics++_C23/Face2Face/273_807.mp4,273_807,273_807,1,Face2Face,val
FaceForensics++_C23/Face2Face/262_301.mp4,262_301,262_301,1,Face2Face,train
FaceForensics++_C23/Face2Face/255_214.mp4,255_214,214_255,1,Face2Face,test
FaceForensics++_C23/Face2Face/267_286.mp4,267_286,267_286,1,Face2Face,train
FaceForensics++_C23/Face2Face/258_246.mp4,258_246,246_258,1,Face2Face,train
FaceForensics++_C23/Face2Face/268_269.mp4,268_269,268_269,1,Face2Face,train
FaceForensics++_C23/Face2Face/281_474.mp4,281_474,281_474,1,Face2Face,train
FaceForensics++_C23/Face2Face/285_136.mp4,285_136,136_285,1,Face2Face,train
FaceForensics++_C23/Face2Face/283_313.mp4,283_313,283_313,1,Face2Face,train
FaceForensics++_C23/Face2Face/296_293.mp4,296_293,293_296,1,Face2Face,train
FaceForensics++_C23/Face2Face/284_263.mp4,284_263,263_284,1,Face2Face,val
FaceForensics++_C23/Face2Face/294_292.mp4,294_292,292_294,1,Face2Face,train
FaceForensics++_C23/Face2Face/286_267.mp4,286_267,267_286,1,Face2Face,train
FaceForensics++_C23/Face2Face/275_887.mp4,275_887,275_887,1,Face2Face,train
FaceForensics++_C23/Face2Face/292_294.mp4,292_294,292_294,1,Face2Face,train
FaceForensics++_C23/Face2Face/295_099.mp4,295_099,099_295,1,Face2Face,train
FaceForensics++_C23/Face2Face/280_249.mp4,280_249,249_280,1,Face2Face,test
FaceForensics++_C23/Face2Face/279_298.mp4,279_298,279_298,1,Face2Face,train
FaceForensics++_C23/Face2Face/290_240.mp4,290_240,240_290,1,Face2Face,train
FaceForensics++_C23/Face2Face/277_335.mp4,277_335,277_335,1,Face2Face,train
FaceForensics++_C23/Face2Face/293_296.mp4,293_296,293_296,1,Face2Face,train
FaceForensics++_C23/Face2Face/291_874.mp4,291_874,291_874,1,Face2Face,train
FaceForensics++_C23/Face2Face/289_228.mp4,289_228,228_289,1,Face2Face,train
FaceForensics++_C23/Face2Face/298_279.mp4,298_279,279_298,1,Face2Face,train
FaceForensics++_C23/Face2Face/282_238.mp4,282_238,238_282,1,Face2Face,train
FaceForensics++_C23/Face2Face/297_270.mp4,297_270,270_297,1,Face2Face,train
FaceForensics++_C23/Face2Face/278_306.mp4,278_306,278_306,1,Face2Face,test
FaceForensics++_C23/Face2Face/288_321.mp4,288_321,288_321,1,Face2Face,test
FaceForensics++_C23/Face2Face/276_185.mp4,276_185,185_276,1,Face2Face,train
FaceForensics++_C23/Face2Face/287_426.mp4,287_426,287_426,1,Face2Face,train
FaceForensics++_C23/Face2Face/304_300.mp4,304_300,300_304,1,Face2Face,train
FaceForensics++_C23/Face2Face/314_347.mp4,314_347,314_347,1,Face2Face,test
FaceForensics++_C23/Face2Face/324_356.mp4,324_356,324_356,1,Face2Face,train
FaceForensics++_C23/Face2Face/313_283.mp4,313_283,283_313,1,Face2Face,train
FaceForensics++_C23/Face2Face/323_302.mp4,323_302,302_323,1,Face2Face,train
FaceForensics++_C23/Face2Face/310_196.mp4,310_196,196_310,1,Face2Face,train
FaceForensics++_C23/Face2Face/305_513.mp4,305_513,305_513,1,Face2Face,train
FaceForensics++_C23/Face2Face/301_262.mp4,301_262,262_301,1,Face2Face,train
FaceForensics++_C23/Face2Face/311_387.mp4,311_387,311_387,1,Face2Face,train
FaceForensics++_C23/Face2Face/330_162.mp4,330_162,162_330,1,Face2Face,train
FaceForensics++_C23/Face2Face/315_322.mp4,315_322,315_322,1,Face2Face,train
FaceForensics++_C23/Face2Face/306_278.mp4,306_278,278_306,1,Face2Face,test
FaceForensics++_C23/Face2Face/316_369.mp4,316_369,316_369,1,Face2Face,val
FaceForensics++_C23/Face2Face/321_288.mp4,321_288,288_321,1,Face2Face,test
FaceForensics++_C23/Face2Face/299_145.mp4,299_145,145_299,1,Face2Face,val
FaceForensics++_C23/Face2Face/309_303.mp4,309_303,303_309,1,Face2Face,train
FaceForensics++_C23/Face2Face/322_315.mp4,322_315,315_322,1,Face2Face,train
FaceForensics++_C23/Face2Face/318_334.mp4,318_334,318_334,1,Face2Face,train
FaceForensics++_C23/Face2Face/308_388.mp4,308_388,308_388,1,Face2Face,test
FaceForensics++_C23/Face2Face/326_501.mp4,326_501,326_501,1,Face2Face,train
FaceForensics++_C23/Face2Face/312_021.mp4,312_021,021_312,1,Face2Face,train
FaceForensics++_C23/Face2Face/319_352.mp4,319_352,319_352,1,Face2Face,test
FaceForensics++_C23/Face2Face/300_304.mp4,300_304,300_304,1,Face2Face,train
FaceForensics++_C23/Face2Face/327_329.mp4,327_329,327_329,1,Face2Face,train
FaceForensics++_C23/Face2Face/302_323.mp4,302_323,302_323,1,Face2Face,train
FaceForensics++_C23/Face2Face/317_359.mp4,317_359,317_359,1,Face2Face,train
FaceForensics++_C23/Face2Face/329_327.mp4,329_327,327_329,1,Face2Face,train
FaceForensics++_C23/Face2Face/303_309.mp4,303_309,303_309,1,Face2Face,train
FaceForensics++_C23/Face2Face/320_328.mp4,320_328,320_328,1,Face2Face,train
FaceForensics++_C23/Face2Face/325_492.mp4,325_492,325_492,1,Face2Face,val
FaceForensics++_C23/Face2Face/328_320.mp4,328_320,320_328,1,Face2Face,train
FaceForensics++_C23/Face2Face/307_365.mp4,307_365,307_365,1,Face2Face,train
FaceForensics++_C23/Face2Face/333_377.mp4,333_377,333_377,1,Face2Face,train
FaceForensics++_C23/Face2Face/334_318.mp4,334_318,318_334,1,Face2Face,train
FaceForensics++_C23/Face2Face/341_340.mp4,341_340,340_341,1,Face2Face,train
FaceForensics++_C23/Face2Face/345_259.mp4,345_259,259_345,1,Face2Face,train
FaceForensics++_C23/Face2Face/337_522.mp4,337_522,337_522,1,Face2Face,train
FaceForensics++_C23/Face2Face/338_336.mp4,338_336,336_338,1,Face2Face,train
FaceForensics++_C23/Face2Face/340_341.mp4,340_341,340_341,1,Face2Face,train
FaceForensics++_C23/Face2Face/351_346.mp4,351_346,346_351,1,Face2Face,train
FaceForensics++_C23/Face2Face/343_363.mp4,343_363,343_363,1,Face2Face,train
FaceForensics++_C23/Face2Face/352_319.mp4,352_319,319_352,1,Face2Face,test
FaceForensics++_C23/Face2Face/353_383.mp4,353_383,353_383,1,Face2Face,train
FaceForensics++_C23/Face2Face/346_351.mp4,346_351,346_351,1,Face2Face,train
FaceForensics++_C23/Face2Face/331_260.mp4,331_260,260_331,1,Face2Face,train
FaceForensics++_C23/Face2Face/344_020.mp4,344_020,020_344,1,Face2Face,train
FaceForensics++_C23/Face2Face/350_349.mp4,350_349,349_350,1,Face2Face,val
FaceForensics++_C23/Face2Face/336_338.mp4,336_338,336_338,1,Face2Face,train
FaceForensics++_C23/Face2Face/354_362.mp4,354_362,354_362,1,Face2Face,val
FaceForensics++_C23/Face2Face/339_392.mp4,339_392,339_392,1,Face2Face,train
FaceForensics++_C23/Face2Face/349_350.mp4,349_350,349_350,1,Face2Face,val
FaceForensics++_C23/Face2Face/332_051.mp4,332_051,051_332,1,Face2Face,train
FaceForensics++_C23/Face2Face/342_416.mp4,342_416,342_416,1,Face2Face,val
FaceForensics++_C23/Face2Face/335_277.mp4,335_277,277_335,1,Face2Face,train
FaceForensics++_C23/Face2Face/348_202.mp4,348_202,202_348,1,Face2Face,train
FaceForensics++_C23/Face2Face/347_314.mp4,347_314,314_347,1,Face2Face,test
FaceForensics++_C23/Face2Face/359_317.mp4,359_317,317_359,1,Face2Face,train
FaceForensics++_C23/Face2Face/376_381.mp4,376_381,376_381,1,Face2Face,test
FaceForensics++_C23/Face2Face/365_307.mp4,365_307,307_365,1,Face2Face,train
FaceForensics++_C23/Face2Face/375_251.mp4,375_251,251_375,1,Face2Face,train
FaceForensics++_C23/Face2Face/377_333.mp4,377_333,333_377,1,Face2Face,train
FaceForensics++_C23/Face2Face/356_324.mp4,356_324,324_356,1,Face2Face,train
FaceForensics++_C23/Face2Face/364_440.mp4,364_440,364_440,1,Face2Face,val
FaceForensics++_C23/Face2Face/371_367.mp4,371_367,367_371,1,Face2Face,test
FaceForensics++_C23/Face2Face/360_437.mp4,360_437,360_437,1,Face2Face,train
FaceForensics++_C23/Face2Face/366_473.mp4,366_473,366_473,1,Face2Face,train
FaceForensics++_C23/Face2Face/361_448.mp4,361_448,361_448,1,Face2Face,train
FaceForensics++_C23/Face2Face/373_394.mp4,373_394,373_394,1,Face2Face,train
FaceForensics++_C23/Face2Face/358_380.mp4,358_380,358_380,1,Face2Face,test
FaceForensics++_C23/Face2Face/372_413.mp4,372_413,372_413,1,Face2Face,train
FaceForensics++_C23/Face2Face/370_483.mp4,370_483,370_483,1,Face2Face,val
FaceForensics++_C23/Face2Face/367_371.mp4,367_371,367_371,1,Face2Face,test
FaceForensics++_C23/Face2Face/374_407.mp4,374_407,374_407,1,Face2Face,train
FaceForensics++_C23/Face2Face/368_378.mp4,368_378,368_378,1,Face2Face,train
FaceForensics++_C23/Face2Face/355_748.mp4,355_748,355_748,1,Face2Face,train
FaceForensics++_C23/Face2Face/357_432.mp4,357_432,357_432,1,Face2Face,train
FaceForensics++_C23/Face2Face/369_316.mp4,369_316,316_369,1,Face2Face,val
FaceForensics++_C23/Face2Face/378_368.mp4,378_368,368_378,1,Face2Face,train
FaceForensics++_C23/Face2Face/363_343.mp4,363_343,343_363,1,Face2Face,train
FaceForensics++_C23/Face2Face/362_354.mp4,362_354,354_362,1,Face2Face,val
FaceForensics++_C23/Face2Face/391_406.mp4,391_406,391_406,1,Face2Face,train
FaceForensics++_C23/Face2Face/384_932.mp4,384_932,384_932,1,Face2Face,test
FaceForensics++_C23/Face2Face/381_376.mp4,381_376,376_381,1,Face2Face,test
FaceForensics++_C23/Face2Face/394_373.mp4,394_373,373_394,1,Face2Face,train
FaceForensics++_C23/Face2Face/393_405.mp4,393_405,393_405,1,Face2Face,train
FaceForensics++_C23/Face2Face/383_353.mp4,383_353,353_383,1,Face2Face,train
FaceForensics++_C23/Face2Face/395_401.mp4,395_401,395_401,1,Face2Face,train
FaceForensics++_C23/Face2Face/386_154.mp4,386_154,154_386,1,Face2Face,test
FaceForensics++_C23/Face2Face/397_602.mp4,397_602,397_602,1,Face2Face,train
FaceForensics++_C23/Face2Face/390_709.mp4,390_709,390_709,1,Face2Face,train
FaceForensics++_C23/Face2Face/396_272.mp4,396_272,272_396,1,Face2Face,train
FaceForensics++_C23/Face2Face/388_308.mp4,388_308,308_388,1,Face2Face,test
FaceForensics++_C23/Face2Face/398_457.mp4,398_457,398_457,1,Face2Face,train
FaceForensics++_C23/Face2Face/389_480.mp4,389_480,389_480,1,Face2Face,test
FaceForensics++_C23/Face2Face/387_311.mp4,387_311,311_387,1,Face2Face,train
FaceForensics++_C23/Face2Face/380_358.mp4,380_358,358_380,1,Face2Face,test
FaceForensics++_C23/Face2Face/382_409.mp4,382_409,382_409,1,Face2Face,train
FaceForensics++_C23/Face2Face/385_414.mp4,385_414,385_414,1,Face2Face,train
FaceForensics++_C23/Face2Face/379_158.mp4,379_158,158_379,1,Face2Face,test
FaceForensics++_C23/Face2Face/392_339.mp4,392_339,339_392,1,Face2Face,train
FaceForensics++_C23/Face2Face/413_372.mp4,413_372,372_413,1,Face2Face,train
FaceForensics++_C23/Face2Face/400_476.mp4,400_476,400_476,1,Face2Face,train
FaceForensics++_C23/Face2Face/408_424.mp4,408_424,408_424,1,Face2Face,train
FaceForensics++_C23/Face2Face/411_410.mp4,411_410,410_411,1,Face2Face,train
FaceForensics++_C23/Face2Face/402_453.mp4,402_453,402_453,1,Face2Face,val
FaceForensics++_C23/Face2Face/410_411.mp4,410_411,410_411,1,Face2Face,train
FaceForensics++_C23/Face2Face/404_429.mp4,404_429,404_429,1,Face2Face,test
FaceForensics++_C23/Face2Face/415_484.mp4,415_484,415_484,1,Face2Face,train
FaceForensics++_C23/Face2Face/405_393.mp4,405_393,393_405,1,Face2Face,train
FaceForensics++_C23/Face2Face/406_391.mp4,406_391,391_406,1,Face2Face,train
FaceForensics++_C23/Face2Face/412_274.mp4,412_274,274_412,1,Face2Face,train
FaceForensics++_C23/Face2Face/409_382.mp4,409_382,382_409,1,Face2Face,train
FaceForensics++_C23/Face2Face/407_374.mp4,407_374,374_407,1,Face2Face,train
FaceForensics++_C23/Face2Face/399_488.mp4,399_488,399_488,1,Face2Face,test
FaceForensics++_C23/Face2Face/401_395.mp4,401_395,395_401,1,Face2Face,train
FaceForensics++_C23/Face2Face/414_385.mp4,414_385,385_414,1,Face2Face,train
FaceForensics++_C23/Face2Face/403_497.mp4,403_497,403_497,1,Face2Face,train
FaceForensics++_C23/Face2Face/416_342.mp4,416_342,342_416,1,Face2Face,val
FaceForensics++_C23/Face2Face/417_496.mp4,417_496,417_496,1,Face2Face,train
FaceForensics++_C23/Face2Face/429_404.mp4,429_404,404_429,1,Face2Face,test
FaceForensics++_C23/Face2Face/433_498.mp4,433_498,433_498,1,Face2Face,train
FaceForensics++_C23/Face2Face/425_485.mp4,425_485,425_485,1,Face2Face,test
FaceForensics++_C23/Face2Face/422_695.mp4,422_695,422_695,1,Face2Face,test
FaceForensics++_C23/Face2Face/435_456.mp4,435_456,435_456,1,Face2Face,train
FaceForensics++_C23/Face2Face/423_421.mp4,423_421,421_423,1,Face2Face,test
FaceForensics++_C23/Face2Face/427_637.mp4,427_637,427_637,1,Face2Face,train
FaceForensics++_C23/Face2Face/436_526.mp4,436_526,436_526,1,Face2Face,train
FaceForensics++_C23/Face2Face/421_423.mp4,421_423,421_423,1,Face2Face,test
FaceForensics++_C23/Face2Face/432_357.mp4,432_357,357_432,1,Face2Face,train
FaceForensics++_C23/Face2Face/426_287.mp4,426_287,287_426,1,Face2Face,train
FaceForensics++_C23/Face2Face/437_360.mp4,437_360,360_437,1,Face2Face,train
FaceForensics++_C23/Face2Face/424_408.mp4,424_408,408_424,1,Face2Face,train
FaceForensics++_C23/Face2Face/419_824.mp4,419_824,419_824,1,Face2Face,val
FaceForensics++_C23/Face2Face/430_459.mp4,430_459,430_459,1,Face2Face,train
FaceForensics++_C23/Face2Face/418_507.mp4,418_507,418_507,1,Face2Face,test
FaceForensics++_C23/Face2Face/428_466.mp4,428_466,428_466,1,Face2Face,train
FaceForensics++_C23/Face2Face/431_447.mp4,431_447,431_447,1,Face2Face,train
FaceForensics++_C23/Face2Face/434_438.mp4,434_438,434_438,1,Face2Face,train
FaceForensics++_C23/Face2Face/420_257.mp4,420_257,257_420,1,Face2Face,test
FaceForensics++_C23/Face2Face/457_398.mp4,457_398,398_457,1,Face2Face,train
FaceForensics++_C23/Face2Face/460_678.mp4,460_678,460_678,1,Face2Face,train
FaceForensics++_C23/Face2Face/453_402.mp4,453_402,402_453,1,Face2Face,val
FaceForensics++_C23/Face2Face/448_361.mp4,448_361,361_448,1,Face2Face,train
FaceForensics++_C23/Face2Face/445_494.mp4,445_494,445_494,1,Face2Face,test
FaceForensics++_C23/Face2Face/449_451.mp4,449_451,449_451,1,Face2Face,train
FaceForensics++_C23/Face2Face/451_449.mp4,451_449,449_451,1,Face2Face,train
FaceForensics++_C23/Face2Face/458_722.mp4,458_722,458_722,1,Face2Face,train
FaceForensics++_C23/Face2Face/459_430.mp4,459_430,430_459,1,Face2Face,train
FaceForensics++_C23/Face2Face/456_435.mp4,456_435,435_456,1,Face2Face,train
FaceForensics++_C23/Face2Face/438_434.mp4,438_434,434_438,1,Face2Face,train
FaceForensics++_C23/Face2Face/446_667.mp4,446_667,446_667,1,Face2Face,train
FaceForensics++_C23/Face2Face/441_439.mp4,441_439,439_441,1,Face2Face,train
FaceForensics++_C23/Face2Face/447_431.mp4,447_431,431_447,1,Face2Face,train
FaceForensics++_C23/Face2Face/455_471.mp4,455_471,455_471,1,Face2Face,val
FaceForensics++_C23/Face2Face/440_364.mp4,440_364,364_440,1,Face2Face,val
FaceForensics++_C23/Face2Face/452_550.mp4,452_550,452_550,1,Face2Face,test
FaceForensics++_C23/Face2Face/454_527.mp4,454_527,454_527,1,Face2Face,test
FaceForensics++_C23/Face2Face/443_514.mp4,443_514,443_514,1,Face2Face,val
FaceForensics++_C23/Face2Face/439_441.mp4,439_441,439_441,1,Face2Face,train
FaceForensics++_C23/Face2Face/442_195.mp4,442_195,195_442,1,Face2Face,train
FaceForensics++_C23/Face2Face/444_655.mp4,444_655,444_655,1,Face2Face,train
FaceForensics++_C23/Face2Face/450_533.mp4,450_533,450_533,1,Face2Face,train
FaceForensics++_C23/Face2Face/473_366.mp4,473_366,366_473,1,Face2Face,train
FaceForensics++_C23/Face2Face/489_022.mp4,489_022,022_489,1,Face2Face,train
FaceForensics++_C23/Face2Face/472_511.mp4,472_511,472_511,1,Face2Face,val
FaceForensics++_C23/Face2Face/480_389.mp4,480_389,389_480,1,Face2Face,test
FaceForensics++_C23/Face2Face/484_415.mp4,484_415,415_484,1,Face2Face,train
FaceForensics++_C23/Face2Face/463_464.mp4,463_464,463_464,1,Face2Face,train
FaceForensics++_C23/Face2Face/474_281.mp4,474_281,281_474,1,Face2Face,train
FaceForensics++_C23/Face2Face/478_506.mp4,478_506,478_506,1,Face2Face,train
FaceForensics++_C23/Face2Face/475_265.mp4,475_265,265_475,1,Face2Face,train
FaceForensics++_C23/Face2Face/487_477.mp4,487_477,477_487,1,Face2Face,train
FaceForensics++_C23/Face2Face/469_481.mp4,469_481,469_481,1,Face2Face,train
FaceForensics++_C23/Face2Face/461_250.mp4,461_250,250_461,1,Face2Face,train
FaceForensics++_C23/Face2Face/481_469.mp4,481_469,469_481,1,Face2Face,train
FaceForensics++_C23/Face2Face/468_470.mp4,468_470,468_470,1,Face2Face,val
FaceForensics++_C23/Face2Face/482_465.mp4,482_465,465_482,1,Face2Face,val
FaceForensics++_C23/Face2Face/488_399.mp4,488_399,399_488,1,Face2Face,test
FaceForensics++_C23/Face2Face/465_482.mp4,465_482,465_482,1,Face2Face,val
FaceForensics++_C23/Face2Face/483_370.mp4,483_370,370_483,1,Face2Face,val
FaceForensics++_C23/Face2Face/485_425.mp4,485_425,425_485,1,Face2Face,test
FaceForensics++_C23/Face2Face/479_706.mp4,479_706,479_706,1,Face2Face,test
FaceForensics++_C23/Face2Face/476_400.mp4,476_400,400_476,1,Face2Face,train
FaceForensics++_C23/Face2Face/490_534.mp4,490_534,490_534,1,Face2Face,train
FaceForensics++_C23/Face2Face/466_428.mp4,466_428,428_466,1,Face2Face,train
FaceForensics++_C23/Face2Face/471_455.mp4,471_455,455_471,1,Face2Face,val
FaceForensics++_C23/Face2Face/486_680.mp4,486_680,486_680,1,Face2Face,train
FaceForensics++_C23/Face2Face/470_468.mp4,470_468,468_470,1,Face2Face,val
FaceForensics++_C23/Face2Face/467_462.mp4,467_462,462_467,1,Face2Face,test
FaceForensics++_C23/Face2Face/464_463.mp4,464_463,463_464,1,Face2Face,train
FaceForensics++_C23/Face2Face/477_487.mp4,477_487,477_487,1,Face2Face,train
FaceForensics++_C23/Face2Face/462_467.mp4,462_467,462_467,1,Face2Face,test
FaceForensics++_C23/Face2Face/502_504.mp4,502_504,502_504,1,Face2Face,train
FaceForensics++_C23/Face2Face/498_433.mp4,498_433,433_498,1,Face2Face,train
FaceForensics++_C23/Face2Face/500_592.mp4,500_592,500_592,1,Face2Face,train
FaceForensics++_C23/Face2Face/496_417.mp4,496_417,417_496,1,Face2Face,train
FaceForensics++_C23/Face2Face/494_445.mp4,494_445,445_494,1,Face2Face,test
FaceForensics++_C23/Face2Face/507_418.mp4,507_418,418_507,1,Face2Face,test
FaceForensics++_C23/Face2Face/493_538.mp4,493_538,493_538,1,Face2Face,val
FaceForensics++_C23/Face2Face/505_600.mp4,505_600,505_600,1,Face2Face,train
FaceForensics++_C23/Face2Face/511_472.mp4,511_472,472_511,1,Face2Face,val
FaceForensics++_C23/Face2Face/508_831.mp4,508_831,508_831,1,Face2Face,train
FaceForensics++_C23/Face2Face/495_512.mp4,495_512,495_512,1,Face2Face,train
FaceForensics++_C23/Face2Face/510_528.mp4,510_528,510_528,1,Face2Face,train
FaceForensics++_C23/Face2Face/497_403.mp4,497_403,403_497,1,Face2Face,train
FaceForensics++_C23/Face2Face/491_226.mp4,491_226,226_491,1,Face2Face,train
FaceForensics++_C23/Face2Face/504_502.mp4,504_502,502_504,1,Face2Face,train
FaceForensics++_C23/Face2Face/501_326.mp4,501_326,326_501,1,Face2Face,train
FaceForensics++_C23/Face2Face/499_539.mp4,499_539,499_539,1,Face2Face,train
FaceForensics++_C23/Face2Face/509_525.mp4,509_525,509_525,1,Face2Face,train
FaceForensics++_C23/Face2Face/503_756.mp4,503_756,503_756,1,Face2Face,train
FaceForensics++_C23/Face2Face/492_325.mp4,492_325,325_492,1,Face2Face,val
FaceForensics++_C23/Face2Face/506_478.mp4,506_478,478_506,1,Face2Face,train
FaceForensics++_C23/Face2Face/512_495.mp4,512_495,495_512,1,Face2Face,train
FaceForensics++_C23/Face2Face/534_490.mp4,534_490,490_534,1,Face2Face,train
FaceForensics++_C23/Face2Face/515_519.mp4,515_519,515_519,1,Face2Face,train
FaceForensics++_C23/Face2Face/523_541.mp4,523_541,523_541,1,Face2Face,train
FaceForensics++_C23/Face2Face/524_580.mp4,524_580,524_580,1,Face2Face,train
FaceForensics++_C23/Face2Face/533_450.mp4,533_450,450_533,1,Face2Face,train
FaceForensics++_C23/Face2Face/517_521.mp4,517_521,517_521,1,Face2Face,test
FaceForensics++_C23/Face2Face/530_594.mp4,530_594,530_594,1,Face2Face,train
FaceForensics++_C23/Face2Face/529_633.mp4,529_633,529_633,1,Face2Face,test
FaceForensics++_C23/Face2Face/525_509.mp4,525_509,509_525,1,Face2Face,train
FaceForensics++_C23/Face2Face/528_510.mp4,528_510,510_528,1,Face2Face,train
FaceForensics++_C23/Face2Face/527_454.mp4,527_454,454_527,1,Face2Face,test
FaceForensics++_C23/Face2Face/514_443.mp4,514_443,443_514,1,Face2Face,val
FaceForensics++_C23/Face2Face/518_131.mp4,518_131,131_518,1,Face2Face,train
FaceForensics++_C23/Face2Face/516_555.mp4,516_555,516_555,1,Face2Face,train
FaceForensics++_C23/Face2Face/532_544.mp4,532_544,532_544,1,Face2Face,train
FaceForensics++_C23/Face2Face/519_515.mp4,519_515,515_519,1,Face2Face,train
FaceForensics++_C23/Face2Face/521_517.mp4,521_517,517_521,1,Face2Face,test
FaceForensics++_C23/Face2Face/513_305.mp4,513_305,305_513,1,Face2Face,train
FaceForensics++_C23/Face2Face/520_542.mp4,520_542,520_542,1,Face2Face,train
FaceForensics++_C23/Face2Face/526_436.mp4,526_436,436_526,1,Face2Face,train
FaceForensics++_C23/Face2Face/531_549.mp4,531_549,531_549,1,Face2Face,train
FaceForensics++_C23/Face2Face/522_337.mp4,522_337,337_522,1,Face2Face,train
FaceForensics++_C23/Face2Face/547_574.mp4,547_574,547_574,1,Face2Face,train
FaceForensics++_C23/Face2Face/545_553.mp4,545_553,545_553,1,Face2Face,train
FaceForensics++_C23/Face2Face/551_631.mp4,551_631,551_631,1,Face2Face,train
FaceForensics++_C23/Face2Face/542_520.mp4,542_520,520_542,1,Face2Face,train
FaceForensics++_C23/Face2Face/555_516.mp4,555_516,516_555,1,Face2Face,train
FaceForensics++_C23/Face2Face/538_493.mp4,538_493,493_538,1,Face2Face,val
FaceForensics++_C23/Face2Face/536_540.mp4,536_540,536_540,1,Face2Face,train
FaceForensics++_C23/Face2Face/550_452.mp4,550_452,452_550,1,Face2Face,test
FaceForensics++_C23/Face2Face/537_563.mp4,537_563,537_563,1,Face2Face,train
FaceForensics++_C23/Face2Face/549_531.mp4,549_531,531_549,1,Face2Face,train
FaceForensics++_C23/Face2Face/539_499.mp4,539_499,499_539,1,Face2Face,train
FaceForensics++_C23/Face2Face/548_632.mp4,548_632,548_632,1,Face2Face,val
FaceForensics++_C23/Face2Face/541_523.mp4,541_523,523_541,1,Face2Face,train
FaceForensics++_C23/Face2Face/544_532.mp4,544_532,532_544,1,Face2Face,train
FaceForensics++_C23/Face2Face/554_572.mp4,554_572,554_572,1,Face2Face,train
FaceForensics++_C23/Face2Face/535_587.mp4,535_587,535_587,1,Face2Face,train
FaceForensics++_C23/Face2Face/543_559.mp4,543_559,543_559,1,Face2Face,train
FaceForensics++_C23/Face2Face/546_621.mp4,546_621,546_621,1,Face2Face,train
FaceForensics++_C23/Face2Face/552_851.mp4,552_851,552_851,1,Face2Face,test
FaceForensics++_C23/Face2Face/540_536.mp4,540_536,536_540,1,Face2Face,train
FaceForensics++_C23/Face2Face/553_545.mp4,553_545,545_553,1,Face2Face,train
FaceForensics++_C23/Face2Face/572_554.mp4,572_554,554_572,1,Face2Face,train
FaceForensics++_C23/Face2Face/561_998.mp4,561_998,561_998,1,Face2Face,train
FaceForensics++_C23/Face2Face/566_617.mp4,566_617,566_617,1,Face2Face,val
FaceForensics++_C23/Face2Face/562_626.mp4,562_626,562_626,1,Face2Face,train
FaceForensics++_C23/Face2Face/559_543.mp4,559_543,543_559,1,Face2Face,train
FaceForensics++_C23/Face2Face/563_537.mp4,563_537,537_563,1,Face2Face,train
FaceForensics++_C23/Face2Face/571_746.mp4,571_746,571_746,1,Face2Face,val
FaceForensics++_C23/Face2Face/567_606.mp4,567_606,567_606,1,Face2Face,val
FaceForensics++_C23/Face2Face/568_628.mp4,568_628,568_628,1,Face2Face,train
FaceForensics++_C23/Face2Face/556_588.mp4,556_588,556_588,1,Face2Face,train
FaceForensics++_C23/Face2Face/560_557.mp4,560_557,557_560,1,Face2Face,val
FaceForensics++_C23/Face2Face/564_971.mp4,564_971,564_971,1,Face2Face,val
FaceForensics++_C23/Face2Face/557_560.mp4,557_560,557_560,1,Face2Face,val
FaceForensics++_C23/Face2Face/565_589.mp4,565_589,565_589,1,Face2Face,val
FaceForensics++_C23/Face2Face/570_624.mp4,570_624,570_624,1,Face2Face,train
FaceForensics++_C23/Face2Face/569_921.mp4,569_921,569_921,1,Face2Face,train
FaceForensics++_C23/Face2Face/558_583.mp4,558_583,558_583,1,Face2Face,val
FaceForensics++_C23/Face2Face/576_155.mp4,576_155,155_576,1,Face2Face,train
FaceForensics++_C23/Face2Face/583_558.mp4,583_558,558_583,1,Face2Face,val
FaceForensics++_C23/Face2Face/590_034.mp4,590_034,034_590,1,Face2Face,train
FaceForensics++_C23/Face2Face/579_701.mp4,579_701,579_701,1,Face2Face,test
FaceForensics++_C23/Face2Face/573_757.mp4,573_757,573_757,1,Face2Face,train
FaceForensics++_C23/Face2Face/585_599.mp4,585_599,585_599,1,Face2Face,val
FaceForensics++_C23/Face2Face/577_593.mp4,577_593,577_593,1,Face2Face,train
FaceForensics++_C23/Face2Face/575_603.mp4,575_603,575_603,1,Face2Face,train
FaceForensics++_C23/Face2Face/586_223.mp4,586_223,223_586,1,Face2Face,val
FaceForensics++_C23/Face2Face/587_535.mp4,587_535,535_587,1,Face2Face,train
FaceForensics++_C23/Face2Face/589_565.mp4,589_565,565_589,1,Face2Face,val
FaceForensics++_C23/Face2Face/578_636.mp4,578_636,578_636,1,Face2Face,train
FaceForensics++_C23/Face2Face/588_556.mp4,588_556,556_588,1,Face2Face,train
FaceForensics++_C23/Face2Face/581_697.mp4,581_697,581_697,1,Face2Face,train
FaceForensics++_C23/Face2Face/574_547.mp4,574_547,547_574,1,Face2Face,train
FaceForensics++_C23/Face2Face/580_524.mp4,580_524,524_580,1,Face2Face,train
FaceForensics++_C23/Face2Face/582_172.mp4,582_172,172_582,1,Face2Face,train
FaceForensics++_C23/Face2Face/584_823.mp4,584_823,584_823,1,Face2Face,val
FaceForensics++_C23/Face2Face/613_685.mp4,613_685,613_685,1,Face2Face,train
FaceForensics++_C23/Face2Face/610_692.mp4,610_692,610_692,1,Face2Face,train
FaceForensics++_C23/Face2Face/606_567.mp4,606_567,567_606,1,Face2Face,val
FaceForensics++_C23/Face2Face/605_591.mp4,605_591,591_605,1,Face2Face,train
FaceForensics++_C23/Face2Face/612_702.mp4,612_702,612_702,1,Face2Face,val
FaceForensics++_C23/Face2Face/607_683.mp4,607_683,607_683,1,Face2Face,test
FaceForensics++_C23/Face2Face/597_595.mp4,597_595,595_597,1,Face2Face,val
FaceForensics++_C23/Face2Face/596_609.mp4,596_609,596_609,1,Face2Face,train
FaceForensics++_C23/Face2Face/592_500.mp4,592_500,500_592,1,Face2Face,train
FaceForensics++_C23/Face2Face/599_585.mp4,599_585,585_599,1,Face2Face,val
FaceForensics++_C23/Face2Face/609_596.mp4,609_596,596_609,1,Face2Face,train
FaceForensics++_C23/Face2Face/593_577.mp4,593_577,577_593,1,Face2Face,train
FaceForensics++_C23/Face2Face/602_397.mp4,602_397,397_602,1,Face2Face,train
FaceForensics++_C23/Face2Face/608_675.mp4,608_675,608_675,1,Face2Face,test
FaceForensics++_C23/Face2Face/603_575.mp4,603_575,575_603,1,Face2Face,train
FaceForensics++_C23/Face2Face/598_178.mp4,598_178,178_598,1,Face2Face,train
FaceForensics++_C23/Face2Face/615_687.mp4,615_687,615_687,1,Face2Face,train
FaceForensics++_C23/Face2Face/591_605.mp4,591_605,591_605,1,Face2Face,train
FaceForensics++_C23/Face2Face/614_616.mp4,614_616,614_616,1,Face2Face,train
FaceForensics++_C23/Face2Face/617_566.mp4,617_566,566_617,1,Face2Face,val
FaceForensics++_C23/Face2Face/595_597.mp4,595_597,595_597,1,Face2Face,val
FaceForensics++_C23/Face2Face/601_653.mp4,601_653,601_653,1,Face2Face,train
FaceForensics++_C23/Face2Face/604_703.mp4,604_703,604_703,1,Face2Face,train
FaceForensics++_C23/Face2Face/611_760.mp4,611_760,611_760,1,Face2Face,train
FaceForensics++_C23/Face2Face/594_530.mp4,594_530,530_594,1,Face2Face,train
FaceForensics++_C23/Face2Face/600_505.mp4,600_505,505_600,1,Face2Face,train
FaceForensics++_C23/Face2Face/616_614.mp4,616_614,614_616,1,Face2Face,train
FaceForensics++_C23/Face2Face/638_640.mp4,638_640,638_640,1,Face2Face,val
FaceForensics++_C23/Face2Face/639_841.mp4,639_841,639_841,1,Face2Face,train
FaceForensics++_C23/Face2Face/629_618.mp4,629_618,618_629,1,Face2Face,train
FaceForensics++_C23/Face2Face/633_529.mp4,633_529,529_633,1,Face2Face,test
FaceForensics++_C23/Face2Face/620_619.mp4,620_619,619_620,1,Face2Face,train
FaceForensics++_C23/Face2Face/627_658.mp4,627_658,627_658,1,Face2Face,train
FaceForensics++_C23/Face2Face/621_546.mp4,621_546,546_621,1,Face2Face,train
FaceForensics++_C23/Face2Face/626_562.mp4,626_562,562_626,1,Face2Face,train
FaceForensics++_C23/Face2Face/623_630.mp4,623_630,623_630,1,Face2Face,test
FaceForensics++_C23/Face2Face/624_570.mp4,624_570,570_624,1,Face2Face,train
FaceForensics++_C23/Face2Face/618_629.mp4,618_629,618_629,1,Face2Face,train
FaceForensics++_C23/Face2Face/635_642.mp4,635_642,635_642,1,Face2Face,train
FaceForensics++_C23/Face2Face/640_638.mp4,640_638,638_640,1,Face2Face,val
FaceForensics++_C23/Face2Face/625_650.mp4,625_650,625_650,1,Face2Face,test
FaceForensics++_C23/Face2Face/631_551.mp4,631_551,551_631,1,Face2Face,train
FaceForensics++_C23/Face2Face/622_647.mp4,622_647,622_647,1,Face2Face,val
FaceForensics++_C23/Face2Face/619_620.mp4,619_620,619_620,1,Face2Face,train
FaceForensics++_C23/Face2Face/630_623.mp4,630_623,623_630,1,Face2Face,test
FaceForensics++_C23/Face2Face/636_578.mp4,636_578,578_636,1,Face2Face,train
FaceForensics++_C23/Face2Face/632_548.mp4,632_548,548_632,1,Face2Face,val
FaceForensics++_C23/Face2Face/634_660.mp4,634_660,634_660,1,Face2Face,test
FaceForensics++_C23/Face2Face/628_568.mp4,628_568,568_628,1,Face2Face,train
FaceForensics++_C23/Face2Face/637_427.mp4,637_427,427_637,1,Face2Face,train
FaceForensics++_C23/Face2Face/664_668.mp4,664_668,664_668,1,Face2Face,val
FaceForensics++_C23/Face2Face/651_835.mp4,651_835,651_835,1,Face2Face,train
FaceForensics++_C23/Face2Face/661_670.mp4,661_670,661_670,1,Face2Face,test
FaceForensics++_C23/Face2Face/650_625.mp4,650_625,625_650,1,Face2Face,test
FaceForensics++_C23/Face2Face/645_688.mp4,645_688,645_688,1,Face2Face,train
FaceForensics++_C23/Face2Face/660_634.mp4,660_634,634_660,1,Face2Face,test
FaceForensics++_C23/Face2Face/643_646.mp4,643_646,643_646,1,Face2Face,train
FaceForensics++_C23/Face2Face/653_601.mp4,653_601,601_653,1,Face2Face,train
FaceForensics++_C23/Face2Face/642_635.mp4,642_635,635_642,1,Face2Face,train
FaceForensics++_C23/Face2Face/655_444.mp4,655_444,444_655,1,Face2Face,train
FaceForensics++_C23/Face2Face/658_627.mp4,658_627,627_658,1,Face2Face,train
FaceForensics++_C23/Face2Face/648_654.mp4,648_654,648_654,1,Face2Face,train
FaceForensics++_C23/Face2Face/647_622.mp4,647_622,622_647,1,Face2Face,val
FaceForensics++_C23/Face2Face/646_643.mp4,646_643,643_646,1,Face2Face,train
FaceForensics++_C23/Face2Face/657_644.mp4,657_644,644_657,1,Face2Face,train
FaceForensics++_C23/Face2Face/644_657.mp4,644_657,644_657,1,Face2Face,train
FaceForensics++_C23/Face2Face/641_662.mp4,641_662,641_662,1,Face2Face,train
FaceForensics++_C23/Face2Face/656_666.mp4,656_666,656_666,1,Face2Face,val
FaceForensics++_C23/Face2Face/654_648.mp4,654_648,648_654,1,Face2Face,train
FaceForensics++_C23/Face2Face/649_816.mp4,649_816,649_816,1,Face2Face,val
FaceForensics++_C23/Face2Face/663_231.mp4,663_231,231_663,1,Face2Face,train
FaceForensics++_C23/Face2Face/662_641.mp4,662_641,641_662,1,Face2Face,train
FaceForensics++_C23/Face2Face/652_773.mp4,652_773,652_773,1,Face2Face,train
FaceForensics++_C23/Face2Face/659_749.mp4,659_749,659_749,1,Face2Face,train
FaceForensics++_C23/Face2Face/684_717.mp4,684_717,684_717,1,Face2Face,train
FaceForensics++_C23/Face2Face/680_486.mp4,680_486,486_680,1,Face2Face,train
FaceForensics++_C23/Face2Face/683_607.mp4,683_607,607_683,1,Face2Face,test
FaceForensics++_C23/Face2Face/666_656.mp4,666_656,656_666,1,Face2Face,val
FaceForensics++_C23/Face2Face/685_613.mp4,685_613,613_685,1,Face2Face,train
FaceForensics++_C23/Face2Face/665_679.mp4,665_679,665_679,1,Face2Face,train
FaceForensics++_C23/Face2Face/670_661.mp4,670_661,661_670,1,Face2Face,test
FaceForensics++_C23/Face2Face/674_744.mp4,674_744,674_744,1,Face2Face,train
FaceForensics++_C23/Face2Face/687_615.mp4,687_615,615_687,1,Face2Face,train
FaceForensics++_C23/Face2Face/668_664.mp4,668_664,664_668,1,Face2Face,val
FaceForensics++_C23/Face2Face/678_460.mp4,678_460,460_678,1,Face2Face,train
FaceForensics++_C23/Face2Face/682_669.mp4,682_669,669_682,1,Face2Face,test
FaceForensics++_C23/Face2Face/672_720.mp4,672_720,672_720,1,Face2Face,val
FaceForensics++_C23/Face2Face/686_696.mp4,686_696,686_696,1,Face2Face,train
FaceForensics++_C23/Face2Face/675_608.mp4,675_608,608_675,1,Face2Face,test
FaceForensics++_C23/Face2Face/671_677.mp4,671_677,671_677,1,Face2Face,train
FaceForensics++_C23/Face2Face/679_665.mp4,679_665,665_679,1,Face2Face,train
FaceForensics++_C23/Face2Face/677_671.mp4,677_671,671_677,1,Face2Face,train
FaceForensics++_C23/Face2Face/673_728.mp4,673_728,673_728,1,Face2Face,train
FaceForensics++_C23/Face2Face/669_682.mp4,669_682,669_682,1,Face2Face,test
FaceForensics++_C23/Face2Face/681_711.mp4,681_711,681_711,1,Face2Face,train
FaceForensics++_C23/Face2Face/667_446.mp4,667_446,446_667,1,Face2Face,train
FaceForensics++_C23/Face2Face/676_776.mp4,676_776,676_776,1,Face2Face,train
FaceForensics++_C23/Face2Face/707_705.mp4,707_705,705_707,1,Face2Face,test
FaceForensics++_C23/Face2Face/702_612.mp4,702_612,612_702,1,Face2Face,val
FaceForensics++_C23/Face2Face/706_479.mp4,706_479,479_706,1,Face2Face,test
FaceForensics++_C23/Face2Face/708_772.mp4,708_772,708_772,1,Face2Face,train
FaceForensics++_C23/Face2Face/701_579.mp4,701_579,579_701,1,Face2Face,test
FaceForensics++_C23/Face2Face/691_732.mp4,691_732,691_732,1,Face2Face,test
FaceForensics++_C23/Face2Face/703_604.mp4,703_604,604_703,1,Face2Face,train
FaceForensics++_C23/Face2Face/709_390.mp4,709_390,390_709,1,Face2Face,train
FaceForensics++_C23/Face2Face/692_610.mp4,692_610,610_692,1,Face2Face,train
FaceForensics++_C23/Face2Face/694_767.mp4,694_767,694_767,1,Face2Face,train
FaceForensics++_C23/Face2Face/705_707.mp4,705_707,705_707,1,Face2Face,test
FaceForensics++_C23/Face2Face/690_689.mp4,690_689,689_690,1,Face2Face,train
FaceForensics++_C23/Face2Face/700_813.mp4,700_813,700_813,1,Face2Face,train
FaceForensics++_C23/Face2Face/696_686.mp4,696_686,686_696,1,Face2Face,train
FaceForensics++_C23/Face2Face/695_422.mp4,695_422,422_695,1,Face2Face,test
FaceForensics++_C23/Face2Face/689_690.mp4,689_690,689_690,1,Face2Face,train
FaceForensics++_C23/Face2Face/699_734.mp4,699_734,699_734,1,Face2Face,train
FaceForensics++_C23/Face2Face/693_698.mp4,693_698,693_698,1,Face2Face,train
FaceForensics++_C23/Face2Face/698_693.mp4,698_693,693_698,1,Face2Face,train
FaceForensics++_C23/Face2Face/688_645.mp4,688_645,645_688,1,Face2Face,train
FaceForensics++_C23/Face2Face/704_723.mp4,704_723,704_723,1,Face2Face,train
FaceForensics++_C23/Face2Face/697_581.mp4,697_581,581_697,1,Face2Face,train
FaceForensics++_C23/Face2Face/724_725.mp4,724_725,724_725,1,Face2Face,test
FaceForensics++_C23/Face2Face/723_704.mp4,723_704,704_723,1,Face2Face,train
FaceForensics++_C23/Face2Face/714_842.mp4,714_842,714_842,1,Face2Face,test
FaceForensics++_C23/Face2Face/713_726.mp4,713_726,713_726,1,Face2Face,train
FaceForensics++_C23/Face2Face/712_716.mp4,712_716,712_716,1,Face2Face,train
FaceForensics++_C23/Face2Face/710_788.mp4,710_788,710_788,1,Face2Face,train
FaceForensics++_C23/Face2Face/711_681.mp4,711_681,681_711,1,Face2Face,train
FaceForensics++_C23/Face2Face/716_712.mp4,716_712,712_716,1,Face2Face,train
FaceForensics++_C23/Face2Face/715_721.mp4,715_721,715_721,1,Face2Face,train
FaceForensics++_C23/Face2Face/719_737.mp4,719_737,719_737,1,Face2Face,train
FaceForensics++_C23/Face2Face/717_684.mp4,717_684,684_717,1,Face2Face,train
FaceForensics++_C23/Face2Face/720_672.mp4,720_672,672_720,1,Face2Face,val
FaceForensics++_C23/Face2Face/721_715.mp4,721_715,715_721,1,Face2Face,train
FaceForensics++_C23/Face2Face/718_972.mp4,718_972,718_972,1,Face2Face,train
FaceForensics++_C23/Face2Face/722_458.mp4,722_458,458_722,1,Face2Face,train
FaceForensics++_C23/Face2Face/745_777.mp4,745_777,745_777,1,Face2Face,val
FaceForensics++_C23/Face2Face/739_865.mp4,739_865,739_865,1,Face2Face,test
FaceForensics++_C23/Face2Face/728_673.mp4,728_673,673_728,1,Face2Face,train
FaceForensics++_C23/Face2Face/729_727.mp4,729_727,727_729,1,Face2Face,val
FaceForensics++_C23/Face2Face/727_729.mp4,727_729,727_729,1,Face2Face,val
FaceForensics++_C23/Face2Face/736_785.mp4,736_785,736_785,1,Face2Face,train
FaceForensics++_C23/Face2Face/731_741.mp4,731_741,731_741,1,Face2Face,test
FaceForensics++_C23/Face2Face/747_854.mp4,747_854,747_854,1,Face2Face,train
FaceForensics++_C23/Face2Face/737_719.mp4,737_719,719_737,1,Face2Face,train
FaceForensics++_C23/Face2Face/726_713.mp4,726_713,713_726,1,Face2Face,train
FaceForensics++_C23/Face2Face/743_750.mp4,743_750,743_750,1,Face2Face,train
FaceForensics++_C23/Face2Face/725_724.mp4,725_724,724_725,1,Face2Face,test
FaceForensics++_C23/Face2Face/740_796.mp4,740_796,740_796,1,Face2Face,train
FaceForensics++_C23/Face2Face/730_815.mp4,730_815,730_815,1,Face2Face,train
FaceForensics++_C23/Face2Face/732_691.mp4,732_691,691_732,1,Face2Face,test
FaceForensics++_C23/Face2Face/741_731.mp4,741_731,731_741,1,Face2Face,test
FaceForensics++_C23/Face2Face/734_699.mp4,734_699,699_734,1,Face2Face,train
FaceForensics++_C23/Face2Face/746_571.mp4,746_571,571_746,1,Face2Face,val
FaceForensics++_C23/Face2Face/733_935.mp4,733_935,733_935,1,Face2Face,train
FaceForensics++_C23/Face2Face/735_774.mp4,735_774,735_774,1,Face2Face,train
FaceForensics++_C23/Face2Face/742_775.mp4,742_775,742_775,1,Face2Face,val
FaceForensics++_C23/Face2Face/738_804.mp4,738_804,738_804,1,Face2Face,train
FaceForensics++_C23/Face2Face/744_674.mp4,744_674,674_744,1,Face2Face,train
FaceForensics++_C23/Face2Face/756_503.mp4,756_503,503_756,1,Face2Face,train
FaceForensics++_C23/Face2Face/751_752.mp4,751_752,751_752,1,Face2Face,train
FaceForensics++_C23/Face2Face/766_761.mp4,766_761,761_766,1,Face2Face,train
FaceForensics++_C23/Face2Face/759_755.mp4,759_755,755_759,1,Face2Face,test
FaceForensics++_C23/Face2Face/760_611.mp4,760_611,611_760,1,Face2Face,train
FaceForensics++_C23/Face2Face/763_930.mp4,763_930,763_930,1,Face2Face,train
FaceForensics++_C23/Face2Face/761_766.mp4,761_766,761_766,1,Face2Face,train
FaceForensics++_C23/Face2Face/768_793.mp4,768_793,768_793,1,Face2Face,val
FaceForensics++_C23/Face2Face/750_743.mp4,750_743,743_750,1,Face2Face,train
FaceForensics++_C23/Face2Face/748_355.mp4,748_355,355_748,1,Face2Face,train
FaceForensics++_C23/Face2Face/755_759.mp4,755_759,755_759,1,Face2Face,test
FaceForensics++_C23/Face2Face/764_850.mp4,764_850,764_850,1,Face2Face,train
FaceForensics++_C23/Face2Face/765_867.mp4,765_867,765_867,1,Face2Face,train
FaceForensics++_C23/Face2Face/757_573.mp4,757_573,573_757,1,Face2Face,train
FaceForensics++_C23/Face2Face/754_758.mp4,754_758,754_758,1,Face2Face,train
FaceForensics++_C23/Face2Face/753_789.mp4,753_789,753_789,1,Face2Face,train
FaceForensics++_C23/Face2Face/762_832.mp4,762_832,762_832,1,Face2Face,val
FaceForensics++_C23/Face2Face/758_754.mp4,758_754,754_758,1,Face2Face,train
FaceForensics++_C23/Face2Face/752_751.mp4,752_751,751_752,1,Face2Face,train
FaceForensics++_C23/Face2Face/749_659.mp4,749_659,659_749,1,Face2Face,train
FaceForensics++_C23/Face2Face/767_694.mp4,767_694,694_767,1,Face2Face,train
FaceForensics++_C23/Face2Face/783_916.mp4,783_916,783_916,1,Face2Face,train
FaceForensics++_C23/Face2Face/775_742.mp4,775_742,742_775,1,Face2Face,val
FaceForensics++_C23/Face2Face/781_806.mp4,781_806,781_806,1,Face2Face,train
FaceForensics++_C23/Face2Face/773_652.mp4,773_652,652_773,1,Face2Face,train
FaceForensics++_C23/Face2Face/780_869.mp4,780_869,780_869,1,Face2Face,train
FaceForensics++_C23/Face2Face/771_849.mp4,771_849,771_849,1,Face2Face,train
FaceForensics++_C23/Face2Face/786_819.mp4,786_819,786_819,1,Face2Face,train
FaceForensics++_C23/Face2Face/776_676.mp4,776_676,676_776,1,Face2Face,train
FaceForensics++_C23/Face2Face/778_798.mp4,778_798,778_798,1,Face2Face,train
FaceForensics++_C23/Face2Face/777_745.mp4,777_745,745_777,1,Face2Face,val
FaceForensics++_C23/Face2Face/782_787.mp4,782_787,782_787,1,Face2Face,train
FaceForensics++_C23/Face2Face/785_736.mp4,785_736,736_785,1,Face2Face,train
FaceForensics++_C23/Face2Face/772_708.mp4,772_708,708_772,1,Face2Face,train
FaceForensics++_C23/Face2Face/769_784.mp4,769_784,769_784,1,Face2Face,train
FaceForensics++_C23/Face2Face/774_735.mp4,774_735,735_774,1,Face2Face,train
FaceForensics++_C23/Face2Face/770_791.mp4,770_791,770_791,1,Face2Face,train
FaceForensics++_C23/Face2Face/784_769.mp4,784_769,769_784,1,Face2Face,train
FaceForensics++_C23/Face2Face/779_794.mp4,779_794,779_794,1,Face2Face,val
FaceForensics++_C23/Face2Face/799_809.mp4,799_809,799_809,1,Face2Face,train
FaceForensics++_C23/Face2Face/789_753.mp4,789_753,753_789,1,Face2Face,train
FaceForensics++_C23/Face2Face/792_903.mp4,792_903,792_903,1,Face2Face,train
FaceForensics++_C23/Face2Face/793_768.mp4,793_768,768_793,1,Face2Face,val
FaceForensics++_C23/Face2Face/788_710.mp4,788_710,710_788,1,Face2Face,train
FaceForensics++_C23/Face2Face/790_014.mp4,790_014,014_790,1,Face2Face,train
FaceForensics++_C23/Face2Face/798_778.mp4,798_778,778_798,1,Face2Face,train
FaceForensics++_C23/Face2Face/791_770.mp4,791_770,770_791,1,Face2Face,train
FaceForensics++_C23/Face2Face/800_840.mp4,800_840,800_840,1,Face2Face,train
FaceForensics++_C23/Face2Face/801_855.mp4,801_855,801_855,1,Face2Face,test
FaceForensics++_C23/Face2Face/797_844.mp4,797_844,797_844,1,Face2Face,train
FaceForensics++_C23/Face2Face/795_907.mp4,795_907,795_907,1,Face2Face,train
FaceForensics++_C23/Face2Face/796_740.mp4,796_740,740_796,1,Face2Face,train
FaceForensics++_C23/Face2Face/787_782.mp4,787_782,782_787,1,Face2Face,train
FaceForensics++_C23/Face2Face/794_779.mp4,794_779,779_794,1,Face2Face,val
FaceForensics++_C23/Face2Face/810_838.mp4,810_838,810_838,1,Face2Face,train
FaceForensics++_C23/Face2Face/807_273.mp4,807_273,273_807,1,Face2Face,val
FaceForensics++_C23/Face2Face/805_011.mp4,805_011,011_805,1,Face2Face,train
FaceForensics++_C23/Face2Face/808_829.mp4,808_829,808_829,1,Face2Face,train
FaceForensics++_C23/Face2Face/821_812.mp4,821_812,812_821,1,Face2Face,test
FaceForensics++_C23/Face2Face/815_730.mp4,815_730,730_815,1,Face2Face,train
FaceForensics++_C23/Face2Face/816_649.mp4,816_649,649_816,1,Face2Face,val
FaceForensics++_C23/Face2Face/814_871.mp4,814_871,814_871,1,Face2Face,train
FaceForensics++_C23/Face2Face/803_017.mp4,803_017,017_803,1,Face2Face,train
FaceForensics++_C23/Face2Face/804_738.mp4,804_738,738_804,1,Face2Face,train
FaceForensics++_C23/Face2Face/809_799.mp4,809_799,799_809,1,Face2Face,train
FaceForensics++_C23/Face2Face/811_920.mp4,811_920,811_920,1,Face2Face,train
FaceForensics++_C23/Face2Face/817_827.mp4,817_827,817_827,1,Face2Face,val
FaceForensics++_C23/Face2Face/806_781.mp4,806_781,781_806,1,Face2Face,train
FaceForensics++_C23/Face2Face/823_584.mp4,823_584,584_823,1,Face2Face,val
FaceForensics++_C23/Face2Face/822_244.mp4,822_244,244_822,1,Face2Face,train
FaceForensics++_C23/Face2Face/819_786.mp4,819_786,786_819,1,Face2Face,train
FaceForensics++_C23/Face2Face/812_821.mp4,812_821,812_821,1,Face2Face,test
FaceForensics++_C23/Face2Face/813_700.mp4,813_700,700_813,1,Face2Face,train
FaceForensics++_C23/Face2Face/820_818.mp4,820_818,818_820,1,Face2Face,val
FaceForensics++_C23/Face2Face/818_820.mp4,818_820,818_820,1,Face2Face,val
FaceForensics++_C23/Face2Face/802_885.mp4,802_885,802_885,1,Face2Face,train
FaceForensics++_C23/Face2Face/831_508.mp4,831_508,508_831,1,Face2Face,train
FaceForensics++_C23/Face2Face/830_828.mp4,830_828,828_830,1,Face2Face,train
FaceForensics++_C23/Face2Face/827_817.mp4,827_817,817_827,1,Face2Face,val
FaceForensics++_C23/Face2Face/829_808.mp4,829_808,808_829,1,Face2Face,train
FaceForensics++_C23/Face2Face/835_651.mp4,835_651,651_835,1,Face2Face,train
FaceForensics++_C23/Face2Face/833_826.mp4,833_826,826_833,1,Face2Face,train
FaceForensics++_C23/Face2Face/837_890.mp4,837_890,837_890,1,Face2Face,val
FaceForensics++_C23/Face2Face/836_950.mp4,836_950,836_950,1,Face2Face,train
FaceForensics++_C23/Face2Face/828_830.mp4,828_830,828_830,1,Face2Face,train
FaceForensics++_C23/Face2Face/834_852.mp4,834_852,834_852,1,Face2Face,val
FaceForensics++_C23/Face2Face/838_810.mp4,838_810,810_838,1,Face2Face,train
FaceForensics++_C23/Face2Face/826_833.mp4,826_833,826_833,1,Face2Face,train
FaceForensics++_C23/Face2Face/825_074.mp4,825_074,074_825,1,Face2Face,train
FaceForensics++_C23/Face2Face/839_864.mp4,839_864,839_864,1,Face2Face,train
FaceForensics++_C23/Face2Face/824_419.mp4,824_419,419_824,1,Face2Face,val
FaceForensics++_C23/Face2Face/832_762.mp4,832_762,762_832,1,Face2Face,val
FaceForensics++_C23/Face2Face/844_797.mp4,844_797,797_844,1,Face2Face,train
FaceForensics++_C23/Face2Face/842_714.mp4,842_714,714_842,1,Face2Face,test
FaceForensics++_C23/Face2Face/862_047.mp4,862_047,047_862,1,Face2Face,test
FaceForensics++_C23/Face2Face/857_909.mp4,857_909,857_909,1,Face2Face,val
FaceForensics++_C23/Face2Face/863_853.mp4,863_853,853_863,1,Face2Face,train
FaceForensics++_C23/Face2Face/866_878.mp4,866_878,866_878,1,Face2Face,train
FaceForensics++_C23/Face2Face/865_739.mp4,865_739,739_865,1,Face2Face,test
FaceForensics++_C23/Face2Face/840_800.mp4,840_800,800_840,1,Face2Face,train
FaceForensics++_C23/Face2Face/846_845.mp4,846_845,845_846,1,Face2Face,train
FaceForensics++_C23/Face2Face/845_846.mp4,845_846,845_846,1,Face2Face,train
FaceForensics++_C23/Face2Face/861_858.mp4,861_858,858_861,1,Face2Face,train
FaceForensics++_C23/Face2Face/856_881.mp4,856_881,856_881,1,Face2Face,train
FaceForensics++_C23/Face2Face/864_839.mp4,864_839,839_864,1,Face2Face,train
FaceForensics++_C23/Face2Face/848_894.mp4,848_894,848_894,1,Face2Face,train
FaceForensics++_C23/Face2Face/858_861.mp4,858_861,858_861,1,Face2Face,train
FaceForensics++_C23/Face2Face/850_764.mp4,850_764,764_850,1,Face2Face,train
FaceForensics++_C23/Face2Face/859_843.mp4,859_843,843_859,1,Face2Face,train
FaceForensics++_C23/Face2Face/851_552.mp4,851_552,552_851,1,Face2Face,test
FaceForensics++_C23/Face2Face/853_863.mp4,853_863,853_863,1,Face2Face,train
FaceForensics++_C23/Face2Face/860_905.mp4,860_905,860_905,1,Face2Face,train
FaceForensics++_C23/Face2Face/841_639.mp4,841_639,639_841,1,Face2Face,train
FaceForensics++_C23/Face2Face/849_771.mp4,849_771,771_849,1,Face2Face,train
FaceForensics++_C23/Face2Face/843_859.mp4,843_859,843_859,1,Face2Face,train
FaceForensics++_C23/Face2Face/852_834.mp4,852_834,834_852,1,Face2Face,val
FaceForensics++_C23/Face2Face/854_747.mp4,854_747,747_854,1,Face2Face,train
FaceForensics++_C23/Face2Face/855_801.mp4,855_801,801_855,1,Face2Face,test
FaceForensics++_C23/Face2Face/847_906.mp4,847_906,847_906,1,Face2Face,test
FaceForensics++_C23/Face2Face/869_780.mp4,869_780,780_869,1,Face2Face,train
FaceForensics++_C23/Face2Face/872_873.mp4,872_873,872_873,1,Face2Face,train
FaceForensics++_C23/Face2Face/867_765.mp4,867_765,765_867,1,Face2Face,train
FaceForensics++_C23/Face2Face/886_877.mp4,886_877,877_886,1,Face2Face,train
FaceForensics++_C23/Face2Face/879_963.mp4,879_963,879_963,1,Face2Face,train
FaceForensics++_C23/Face2Face/876_891.mp4,876_891,876_891,1,Face2Face,train
FaceForensics++_C23/Face2Face/880_135.mp4,880_135,135_880,1,Face2Face,test
FaceForensics++_C23/Face2Face/878_866.mp4,878_866,866_878,1,Face2Face,train
FaceForensics++_C23/Face2Face/870_001.mp4,870_001,001_870,1,Face2Face,train
FaceForensics++_C23/Face2Face/873_872.mp4,873_872,872_873,1,Face2Face,train
FaceForensics++_C23/Face2Face/871_814.mp4,871_814,814_871,1,Face2Face,train
FaceForensics++_C23/Face2Face/885_802.mp4,885_802,802_885,1,Face2Face,train
FaceForensics++_C23/Face2Face/874_291.mp4,874_291,291_874,1,Face2Face,train
FaceForensics++_C23/Face2Face/881_856.mp4,881_856,856_881,1,Face2Face,train
FaceForensics++_C23/Face2Face/884_968.mp4,884_968,884_968,1,Face2Face,train
FaceForensics++_C23/Face2Face/883_013.mp4,883_013,013_883,1,Face2Face,train
FaceForensics++_C23/Face2Face/882_952.mp4,882_952,882_952,1,Face2Face,train
FaceForensics++_C23/Face2Face/877_886.mp4,877_886,877_886,1,Face2Face,train
FaceForensics++_C23/Face2Face/868_949.mp4,868_949,868_949,1,Face2Face,test
FaceForensics++_C23/Face2Face/875_979.mp4,875_979,875_979,1,Face2Face,val
FaceForensics++_C23/Face2Face/890_837.mp4,890_837,837_890,1,Face2Face,val
FaceForensics++_C23/Face2Face/889_045.mp4,889_045,045_889,1,Face2Face,train
FaceForensics++_C23/Face2Face/897_969.mp4,897_969,897_969,1,Face2Face,train
FaceForensics++_C23/Face2Face/898_922.mp4,898_922,898_922,1,Face2Face,val
FaceForensics++_C23/Face2Face/910_911.mp4,910_911,910_911,1,Face2Face,train
FaceForensics++_C23/Face2Face/887_275.mp4,887_275,275_887,1,Face2Face,train
FaceForensics++_C23/Face2Face/905_860.mp4,905_860,860_905,1,Face2Face,train
FaceForensics++_C23/Face2Face/900_926.mp4,900_926,900_926,1,Face2Face,val
FaceForensics++_C23/Face2Face/894_848.mp4,894_848,848_894,1,Face2Face,train
FaceForensics++_C23/Face2Face/907_795.mp4,907_795,795_907,1,Face2Face,train
FaceForensics++_C23/Face2Face/888_937.mp4,888_937,888_937,1,Face2Face,train
FaceForensics++_C23/Face2Face/909_857.mp4,909_857,857_909,1,Face2Face,val
FaceForensics++_C23/Face2Face/903_792.mp4,903_792,792_903,1,Face2Face,train
FaceForensics++_C23/Face2Face/904_046.mp4,904_046,046_904,1,Face2Face,val
FaceForensics++_C23/Face2Face/902_901.mp4,902_901,901_902,1,Face2Face,train
FaceForensics++_C23/Face2Face/908_207.mp4,908_207,207_908,1,Face2Face,train
FaceForensics++_C23/Face2Face/892_112.mp4,892_112,112_892,1,Face2Face,train
FaceForensics++_C23/Face2Face/891_876.mp4,891_876,876_891,1,Face2Face,train
FaceForensics++_C23/Face2Face/899_914.mp4,899_914,899_914,1,Face2Face,train
FaceForensics++_C23/Face2Face/893_913.mp4,893_913,893_913,1,Face2Face,train
FaceForensics++_C23/Face2Face/906_847.mp4,906_847,847_906,1,Face2Face,test
FaceForensics++_C23/Face2Face/901_902.mp4,901_902,901_902,1,Face2Face,train
FaceForensics++_C23/Face2Face/896_128.mp4,896_128,128_896,1,Face2Face,test
FaceForensics++_C23/Face2Face/895_915.mp4,895_915,895_915,1,Face2Face,val
FaceForensics++_C23/Face2Face/911_910.mp4,911_910,910_911,1,Face2Face,train
FaceForensics++_C23/Face2Face/920_811.mp4,920_811,811_920,1,Face2Face,train
FaceForensics++_C23/Face2Face/915_895.mp4,915_895,895_915,1,Face2Face,val
FaceForensics++_C23/Face2Face/917_924.mp4,917_924,917_924,1,Face2Face,test
FaceForensics++_C23/Face2Face/926_900.mp4,926_900,900_926,1,Face2Face,val
FaceForensics++_C23/Face2Face/929_962.mp4,929_962,929_962,1,Face2Face,train
FaceForensics++_C23/Face2Face/913_893.mp4,913_893,893_913,1,Face2Face,train
FaceForensics++_C23/Face2Face/922_898.mp4,922_898,898_922,1,Face2Face,val
FaceForensics++_C23/Face2Face/914_899.mp4,914_899,899_914,1,Face2Face,train
FaceForensics++_C23/Face2Face/923_023.mp4,923_023,023_923,1,Face2Face,val
FaceForensics++_C23/Face2Face/918_934.mp4,918_934,918_934,1,Face2Face,train
FaceForensics++_C23/Face2Face/928_160.mp4,928_160,160_928,1,Face2Face,train
FaceForensics++_C23/Face2Face/919_015.mp4,919_015,015_919,1,Face2Face,test
FaceForensics++_C23/Face2Face/916_783.mp4,916_783,783_916,1,Face2Face,train
FaceForensics++_C23/Face2Face/927_912.mp4,927_912,912_927,1,Face2Face,val
FaceForensics++_C23/Face2Face/924_917.mp4,924_917,917_924,1,Face2Face,test
FaceForensics++_C23/Face2Face/921_569.mp4,921_569,569_921,1,Face2Face,train
FaceForensics++_C23/Face2Face/930_763.mp4,930_763,763_930,1,Face2Face,train
FaceForensics++_C23/Face2Face/912_927.mp4,912_927,912_927,1,Face2Face,val
FaceForensics++_C23/Face2Face/925_933.mp4,925_933,925_933,1,Face2Face,val
FaceForensics++_C23/Face2Face/947_951.mp4,947_951,947_951,1,Face2Face,val
FaceForensics++_C23/Face2Face/942_943.mp4,942_943,942_943,1,Face2Face,train
FaceForensics++_C23/Face2Face/939_115.mp4,939_115,115_939,1,Face2Face,val
FaceForensics++_C23/Face2Face/935_733.mp4,935_733,733_935,1,Face2Face,train
FaceForensics++_C23/Face2Face/940_941.mp4,940_941,940_941,1,Face2Face,train
FaceForensics++_C23/Face2Face/949_868.mp4,949_868,868_949,1,Face2Face,test
FaceForensics++_C23/Face2Face/943_942.mp4,943_942,942_943,1,Face2Face,train
FaceForensics++_C23/Face2Face/938_987.mp4,938_987,938_987,1,Face2Face,train
FaceForensics++_C23/Face2Face/937_888.mp4,937_888,888_937,1,Face2Face,train
FaceForensics++_C23/Face2Face/951_947.mp4,951_947,947_951,1,Face2Face,val
FaceForensics++_C23/Face2Face/934_918.mp4,934_918,918_934,1,Face2Face,train
FaceForensics++_C23/Face2Face/945_044.mp4,945_044,044_945,1,Face2Face,test
FaceForensics++_C23/Face2Face/936_931.mp4,936_931,931_936,1,Face2Face,train
FaceForensics++_C23/Face2Face/950_836.mp4,950_836,836_950,1,Face2Face,train
FaceForensics++_C23/Face2Face/944_032.mp4,944_032,032_944,1,Face2Face,train
FaceForensics++_C23/Face2Face/931_936.mp4,931_936,931_936,1,Face2Face,train
FaceForensics++_C23/Face2Face/941_940.mp4,941_940,940_941,1,Face2Face,train
FaceForensics++_C23/Face2Face/933_925.mp4,933_925,925_933,1,Face2Face,val
FaceForensics++_C23/Face2Face/952_882.mp4,952_882,882_952,1,Face2Face,train
FaceForensics++_C23/Face2Face/932_384.mp4,932_384,384_932,1,Face2Face,test
FaceForensics++_C23/Face2Face/948_965.mp4,948_965,948_965,1,Face2Face,train
FaceForensics++_C23/Face2Face/946_049.mp4,946_049,049_946,1,Face2Face,train
FaceForensics++_C23/Face2Face/959_957.mp4,959_957,957_959,1,Face2Face,train
FaceForensics++_C23/Face2Face/969_897.mp4,969_897,897_969,1,Face2Face,train
FaceForensics++_C23/Face2Face/954_976.mp4,954_976,954_976,1,Face2Face,train
FaceForensics++_C23/Face2Face/960_999.mp4,960_999,960_999,1,Face2Face,train
FaceForensics++_C23/Face2Face/966_988.mp4,966_988,966_988,1,Face2Face,train
FaceForensics++_C23/Face2Face/957_959.mp4,957_959,957_959,1,Face2Face,train
FaceForensics++_C23/Face2Face/963_879.mp4,963_879,879_963,1,Face2Face,train
FaceForensics++_C23/Face2Face/961_069.mp4,961_069,069_961,1,Face2Face,train
FaceForensics++_C23/Face2Face/972_718.mp4,972_718,718_972,1,Face2Face,train
FaceForensics++_C23/Face2Face/971_564.mp4,971_564,564_971,1,Face2Face,val
FaceForensics++_C23/Face2Face/955_078.mp4,955_078,078_955,1,Face2Face,test
FaceForensics++_C23/Face2Face/962_929.mp4,962_929,929_962,1,Face2Face,train
FaceForensics++_C23/Face2Face/958_956.mp4,958_956,956_958,1,Face2Face,val
FaceForensics++_C23/Face2Face/956_958.mp4,956_958,956_958,1,Face2Face,val
FaceForensics++_C23/Face2Face/970_973.mp4,970_973,970_973,1,Face2Face,test
FaceForensics++_C23/Face2Face/953_974.mp4,953_974,953_974,1,Face2Face,test
FaceForensics++_C23/Face2Face/964_174.mp4,964_174,174_964,1,Face2Face,train
FaceForensics++_C23/Face2Face/967_984.mp4,967_984,967_984,1,Face2Face,train
FaceForensics++_C23/Face2Face/968_884.mp4,968_884,884_968,1,Face2Face,train
FaceForensics++_C23/Face2Face/965_948.mp4,965_948,948_965,1,Face2Face,train
FaceForensics++_C23/Face2Face/998_561.mp4,998_561,561_998,1,Face2Face,train
FaceForensics++_C23/Face2Face/994_986.mp4,994_986,986_994,1,Face2Face,train
FaceForensics++_C23/Face2Face/975_978.mp4,975_978,975_978,1,Face2Face,train
FaceForensics++_C23/Face2Face/985_981.mp4,985_981,981_985,1,Face2Face,train
FaceForensics++_C23/Face2Face/976_954.mp4,976_954,954_976,1,Face2Face,train
FaceForensics++_C23/Face2Face/996_056.mp4,996_056,056_996,1,Face2Face,train
FaceForensics++_C23/Face2Face/999_960.mp4,999_960,960_999,1,Face2Face,train
FaceForensics++_C23/Face2Face/984_967.mp4,984_967,967_984,1,Face2Face,train
FaceForensics++_C23/Face2Face/990_008.mp4,990_008,008_990,1,Face2Face,train
FaceForensics++_C23/Face2Face/992_980.mp4,992_980,980_992,1,Face2Face,val
FaceForensics++_C23/Face2Face/991_064.mp4,991_064,064_991,1,Face2Face,val
FaceForensics++_C23/Face2Face/977_075.mp4,977_075,075_977,1,Face2Face,train
FaceForensics++_C23/Face2Face/980_992.mp4,980_992,980_992,1,Face2Face,val
FaceForensics++_C23/Face2Face/993_989.mp4,993_989,989_993,1,Face2Face,train
FaceForensics++_C23/Face2Face/979_875.mp4,979_875,875_979,1,Face2Face,val
FaceForensics++_C23/Face2Face/982_004.mp4,982_004,004_982,1,Face2Face,val
FaceForensics++_C23/Face2Face/989_993.mp4,989_993,989_993,1,Face2Face,train
FaceForensics++_C23/Face2Face/983_113.mp4,983_113,113_983,1,Face2Face,train
FaceForensics++_C23/Face2Face/987_938.mp4,987_938,938_987,1,Face2Face,train
FaceForensics++_C23/Face2Face/997_040.mp4,997_040,040_997,1,Face2Face,train
FaceForensics++_C23/Face2Face/973_970.mp4,973_970,970_973,1,Face2Face,test
FaceForensics++_C23/Face2Face/995_233.mp4,995_233,233_995,1,Face2Face,test
FaceForensics++_C23/Face2Face/986_994.mp4,986_994,986_994,1,Face2Face,train
FaceForensics++_C23/Face2Face/981_985.mp4,981_985,981_985,1,Face2Face,train
FaceForensics++_C23/Face2Face/974_953.mp4,974_953,953_974,1,Face2Face,test
FaceForensics++_C23/Face2Face/978_975.mp4,978_975,975_978,1,Face2Face,train
FaceForensics++_C23/Face2Face/988_966.mp4,988_966,966_988,1,Face2Face,train
FaceForensics++_C23/Deepfakes/011_805.mp4,011_805,011_805,1,Deepfakes,train
FaceForensics++_C23/Deepfakes/001_870.mp4,001_870,001_870,1,Deepfakes,train
FaceForensics++_C23/Deepfakes/012_026.mp4,012_026,012_026,1,Deepfakes,test
FaceForensics++_C23/Deepfakes/010_005.mp4,010_005,005_010,1,Deepfakes,train
FaceForensics++_C23/Deepfakes/005_010.mp4,005_010,005_010,1,Deepfakes,train
FaceForensics++_C23/Deepfakes/013_883.mp4,013_883,013_883,1,Deepfakes,train
FaceForensics++_C23/Deepfakes/007_132.mp4,007_132,007_132,1,Deepfakes,train
FaceForensics++_C23/Deepfakes/009_027.mp4,009_027,009_027,1,Deepfakes,train
FaceForensics++_C23/Deepfakes/006_002.mp4,006_002,002_006,1,Deepfakes,train
FaceForensics++_C23/Deepfakes/004_982.mp4,004_982,004_982,1,Deepfakes,val
FaceForensics++_C23/Deepfakes/000_003.mp4,000_003,000_003,1,Deepfakes,test
FaceForensics++_C23/Deepfakes/008_990.mp4,008_990,008_990,1,Deepfakes,train
FaceForensics++_C23/Deepfakes/014_790.mp4,014_790,014_790,1,Deepfakes,train
FaceForensics++_C23/Deepfakes/002_006.mp4,002_006,002_006,1,Deepfakes,train
FaceForensics++_C23/Deepfakes/003_000.mp4,003_000,000_003,1,Deepfakes,test
FaceForensics++_C23/Deepfakes/035_036.mp4,035_036,035_036,1,Deepfakes,test
FaceForensics++_C23/Deepfakes/017_803.mp4,017_803,017_803,1,Deepfakes,train
FaceForensics++_C23/Deepfakes/044_945.mp4,044_945,044_945,1,Deepfakes,test
FaceForensics++_C23/Deepfakes/034_590.mp4,034_590,034_590,1,Deepfakes,train
FaceForensics++_C23/Deepfakes/040_997.mp4,040_997,040_997,1,Deepfakes,train
FaceForensics++_C23/Deepfakes/031_163.mp4,031_163,031_163,1,Deepfakes,train
FaceForensics++_C23/Deepfakes/030_193.mp4,030_193,030_193,1,Deepfakes,train
FaceForensics++_C23/Deepfakes/016_209.mp4,016_209,016_209,1,Deepfakes,train
FaceForensics++_C23/Deepfakes/043_110.mp4,043_110,043_110,1,Deepfakes,train
FaceForensics++_C23/Deepfakes/045_889.mp4,045_889,045_889,1,Deepfakes,train
FaceForensics++_C23/Deepfakes/019_018.mp4,019_018,018_019,1,Deepfakes,train
FaceForensics++_C23/Deepfakes/028_068.mp4,028_068,028_068,1,Deepfakes,train
FaceForensics++_C23/Deepfakes/015_919.mp4,015_919,015_919,1,Deepfakes,test
FaceForensics++_C23/Deepfakes/032_944.mp4,032_944,032_944,1,Deepfakes,train
FaceForensics++_C23/Deepfakes/037_072.mp4,037_072,037_072,1,Deepfakes,train
FaceForensics++_C23/Deepfakes/038_125.mp4,038_125,038_125,1,Deepfakes,train
FaceForensics++_C23/Deepfakes/039_058.mp4,039_058,039_058,1,Deepfakes,train
FaceForensics++_C23/Deepfakes/027_009.mp4,027_009,009_027,1,Deepfakes,train
FaceForensics++_C23/Deepfakes/036_035.mp4,036_035,035_036,1,Deepfakes,test
FaceForensics++_C23/Deepfakes/033_097.mp4,033_097,033_097,1,Deepfakes,train
FaceForensics++_C23/Deepfakes/041_063.mp4,041_063,041_063,1,Deepfakes,train
FaceForensics++_C23/Deepfakes/024_073.mp4,024_073,024_073,1,Deepfakes,test
FaceForensics++_C23/Deepfakes/022_489.mp4,022_489,022_489,1,Deepfakes,train
FaceForensics++_C23/Deepfakes/025_067.mp4,025_067,025_067,1,Deepfakes,train
FaceForensics++_C23/Deepfakes/020_344.mp4,020_344,020_344,1,Deepfakes,train
FaceForensics++_C23/Deepfakes/029_048.mp4,029_048,029_048,1,Deepfakes,test
FaceForensics++_C23/Deepfakes/021_312.mp4,021_312,021_312,1,Deepfakes,train
FaceForensics++_C23/Deepfakes/018_019.mp4,018_019,018_019,1,Deepfakes,train
FaceForensics++_C23/Deepfakes/023_923.mp4,023_923,023_923,1,Deepfakes,val
FaceForensics++_C23/Deepfakes/026_012.mp4,026_012,012_026,1,Deepfakes,test
FaceForensics++_C23/Deepfakes/042_084.mp4,042_084,042_084,1,Deepfakes,val
FaceForensics++_C23/Deepfakes/054_071.mp4,054_071,054_071,1,Deepfakes,train
FaceForensics++_C23/Deepfakes/068_028.mp4,068_028,028_068,1,Deepfakes,train
FaceForensics++_C23/Deepfakes/066_062.mp4,066_062,062_066,1,Deepfakes,train
FaceForensics++_C23/Deepfakes/070_057.mp4,070_057,057_070,1,Deepfakes,train
FaceForensics++_C23/Deepfakes/059_050.mp4,059_050,050_059,1,Deepfakes,train
FaceForensics++_C23/Deepfakes/064_991.mp4,064_991,064_991,1,Deepfakes,val
FaceForensics++_C23/Deepfakes/048_029.mp4,048_029,029_048,1,Deepfakes,test
FaceForensics++_C23/Deepfakes/058_039.mp4,058_039,039_058,1,Deepfakes,train
FaceForensics++_C23/Deepfakes/053_095.mp4,053_095,053_095,1,Deepfakes,train
FaceForensics++_C23/Deepfakes/069_961.mp4,069_961,069_961,1,Deepfakes,train
FaceForensics++_C23/Deepfakes/047_862.mp4,047_862,047_862,1,Deepfakes,test
FaceForensics++_C23/Deepfakes/046_904.mp4,046_904,046_904,1,Deepfakes,val
FaceForensics++_C23/Deepfakes/062_066.mp4,062_066,062_066,1,Deepfakes,train
FaceForensics++_C23/Deepfakes/065_089.mp4,065_089,065_089,1,Deepfakes,train
FaceForensics++_C23/Deepfakes/061_080.mp4,061_080,061_080,1,Deepfakes,train
FaceForensics++_C23/Deepfakes/060_088.mp4,060_088,060_088,1,Deepfakes,train
FaceForensics++_C23/Deepfakes/049_946.mp4,049_946,049_946,1,Deepfakes,train
FaceForensics++_C23/Deepfakes/067_025.mp4,067_025,025_067,1,Deepfakes,train
FaceForensics++_C23/Deepfakes/050_059.mp4,050_059,050_059,1,Deepfakes,train
FaceForensics++_C23/Deepfakes/055_147.mp4,055_147,055_147,1,Deepfakes,train
FaceForensics++_C23/Deepfakes/056_996.mp4,056_996,056_996,1,Deepfakes,train
FaceForensics++_C23/Deepfakes/063_041.mp4,063_041,041_063,1,Deepfakes,train
FaceForensics++_C23/Deepfakes/051_332.mp4,051_332,051_332,1,Deepfakes,train
FaceForensics++_C23/Deepfakes/057_070.mp4,057_070,057_070,1,Deepfakes,train
FaceForensics++_C23/Deepfakes/071_054.mp4,071_054,054_071,1,Deepfakes,train
FaceForensics++_C23/Deepfakes/072_037.mp4,072_037,037_072,1,Deepfakes,train
FaceForensics++_C23/Deepfakes/052_108.mp4,052_108,052_108,1,Deepfakes,train
FaceForensics++_C23/Deepfakes/077_100.mp4,077_100,077_100,1,Deepfakes,train
FaceForensics++_C23/Deepfakes/079_076.mp4,079_076,076_079,1,Deepfakes,train
FaceForensics++_C23/Deepfakes/073_024.mp4,073_024,024_073,1,Deepfakes,test
FaceForensics++_C23/Deepfakes/084_042.mp4,084_042,042_084,1,Deepfakes,val
FaceForensics++_C23/Deepfakes/076_079.mp4,076_079,076_079,1,Deepfakes,train
FaceForensics++_C23/Deepfakes/081_087.mp4,081_087,081_087,1,Deepfakes,train
FaceForensics++_C23/Deepfakes/074_825.mp4,074_825,074_825,1,Deepfakes,train
FaceForensics++_C23/Deepfakes/087_081.mp4,087_081,081_087,1,Deepfakes,train
FaceForensics++_C23/Deepfakes/080_061.mp4,080_061,061_080,1,Deepfakes,train
FaceForensics++_C23/Deepfakes/089_065.mp4,089_065,065_089,1,Deepfakes,train
FaceForensics++_C23/Deepfakes/075_977.mp4,075_977,075_977,1,Deepfakes,train
FaceForensics++_C23/Deepfakes/088_060.mp4,088_060,060_088,1,Deepfakes,train
FaceForensics++_C23/Deepfakes/078_955.mp4,078_955,078_955,1,Deepfakes,test
FaceForensics++_C23/Deepfakes/086_090.mp4,086_090,086_090,1,Deepfakes,train
FaceForensics++_C23/Deepfakes/090_086.mp4,090_086,086_090,1,Deepfakes,train
FaceForensics++_C23/Deepfakes/082_103.mp4,082_103,082_103,1,Deepfakes,train
FaceForensics++_C23/Deepfakes/085_124.mp4,085_124,085_124,1,Deepfakes,train
FaceForensics++_C23/Deepfakes/083_213.mp4,083_213,083_213,1,Deepfakes,train
FaceForensics++_C23/Deepfakes/107_109.mp4,107_109,107_109,1,Deepfakes,train
FaceForensics++_C23/Deepfakes/103_082.mp4,103_082,082_103,1,Deepfakes,train
FaceForensics++_C23/Deepfakes/106_198.mp4,106_198,106_198,1,Deepfakes,val
FaceForensics++_C23/Deepfakes/097_033.mp4,097_033,033_097,1,Deepfakes,train
FaceForensics++_C23/Deepfakes/093_121.mp4,093_121,093_121,1,Deepfakes,train
FaceForensics++_C23/Deepfakes/100_077.mp4,100_077,077_100,1,Deepfakes,train
FaceForensics++_C23/Deepfakes/104_126.mp4,104_126,104_126,1,Deepfakes,val
FaceForensics++_C23/Deepfakes/110_043.mp4,110_043,043_110,1,Deepfakes,train
FaceForensics++_C23/Deepfakes/108_052.mp4,108_052,052_108,1,Deepfakes,train
FaceForensics++_C23/Deepfakes/099_295.mp4,099_295,099_295,1,Deepfakes,train
FaceForensics++_C23/Deepfakes/094_111.mp4,094_111,094_111,1,Deepfakes,train
FaceForensics++_C23/Deepfakes/109_107.mp4,109_107,107_109,1,Deepfakes,train
FaceForensics++_C23/Deepfakes/101_096.mp4,101_096,096_101,1,Deepfakes,train
FaceForensics++_C23/Deepfakes/096_101.mp4,096_101,096_101,1,Deepfakes,train
FaceForensics++_C23/Deepfakes/095_053.mp4,095_053,053_095,1,Deepfakes,train
FaceForensics++_C23/Deepfakes/105_180.mp4,105_180,105_180,1,Deepfakes,train
FaceForensics++_C23/Deepfakes/092_098.mp4,092_098,092_098,1,Deepfakes,train
FaceForensics++_C23/Deepfakes/098_092.mp4,098_092,092_098,1,Deepfakes,train
FaceForensics++_C23/Deepfakes/102_114.mp4,102_114,102_114,1,Deepfakes,test
FaceForensics++_C23/Deepfakes/091_116.mp4,091_116,091_116,1,Deepfakes,val
FaceForensics++_C23/Deepfakes/129_127.mp4,129_127,127_129,1,Deepfakes,train
FaceForensics++_C23/Deepfakes/131_518.mp4,131_518,131_518,1,Deepfakes,train
FaceForensics++_C23/Deepfakes/113_983.mp4,113_983,113_983,1,Deepfakes,train
FaceForensics++_C23/Deepfakes/125_038.mp4,125_038,038_125,1,Deepfakes,train
FaceForensics++_C23/Deepfakes/132_007.mp4,132_007,007_132,1,Deepfakes,train
FaceForensics++_C23/Deepfakes/111_094.mp4,111_094,094_111,1,Deepfakes,train
FaceForensics++_C23/Deepfakes/124_085.mp4,124_085,085_124,1,Deepfakes,train
FaceForensics++_C23/Deepfakes/118_120.mp4,118_120,118_120,1,Deepfakes,train
FaceForensics++_C23/Deepfakes/133_148.mp4,133_148,133_148,1,Deepfakes,train
FaceForensics++_C23/Deepfakes/119_123.mp4,119_123,119_123,1,Deepfakes,train
FaceForensics++_C23/Deepfakes/126_104.mp4,126_104,104_126,1,Deepfakes,val
FaceForensics++_C23/Deepfakes/130_139.mp4,130_139,130_139,1,Deepfakes,train
FaceForensics++_C23/Deepfakes/115_939.mp4,115_939,115_939,1,Deepfakes,val
FaceForensics++_C23/Deepfakes/128_896.mp4,128_896,128_896,1,Deepfakes,test
FaceForensics++_C23/Deepfakes/121_093.mp4,121_093,093_121,1,Deepfakes,train
FaceForensics++_C23/Deepfakes/116_091.mp4,116_091,091_116,1,Deepfakes,val
FaceForensics++_C23/Deepfakes/120_118.mp4,120_118,118_120,1,Deepfakes,train
FaceForensics++_C23/Deepfakes/112_892.mp4,112_892,112_892,1,Deepfakes,train
FaceForensics++_C23/Deepfakes/123_119.mp4,123_119,119_123,1,Deepfakes,train
FaceForensics++_C23/Deepfakes/117_217.mp4,117_217,117_217,1,Deepfakes,train
FaceForensics++_C23/Deepfakes/114_102.mp4,114_102,102_114,1,Deepfakes,test
FaceForensics++_C23/Deepfakes/134_192.mp4,134_192,134_192,1,Deepfakes,val
FaceForensics++_C23/Deepfakes/122_144.mp4,122_144,122_144,1,Deepfakes,train
FaceForensics++_C23/Deepfakes/127_129.mp4,127_129,127_129,1,Deepfakes,train
FaceForensics++_C23/Deepfakes/155_576.mp4,155_576,155_576,1,Deepfakes,train
FaceForensics++_C23/Deepfakes/152_149.mp4,152_149,149_152,1,Deepfakes,train
FaceForensics++_C23/Deepfakes/160_928.mp4,160_928,160_928,1,Deepfakes,train
FaceForensics++_C23/Deepfakes/151_225.mp4,151_225,151_225,1,Deepfakes,train
FaceForensics++_C23/Deepfakes/158_379.mp4,158_379,158_379,1,Deepfakes,test
FaceForensics++_C23/Deepfakes/144_122.mp4,144_122,122_144,1,Deepfakes,train
FaceForensics++_C23/Deepfakes/157_245.mp4,157_245,157_245,1,Deepfakes,val
FaceForensics++_C23/Deepfakes/139_130.mp4,139_130,130_139,1,Deepfakes,train
FaceForensics++_C23/Deepfakes/142_138.mp4,142_138,138_142,1,Deepfakes,test
FaceForensics++_C23/Deepfakes/137_165.mp4,137_165,137_165,1,Deepfakes,train
FaceForensics++_C23/Deepfakes/147_055.mp4,147_055,055_147,1,Deepfakes,train
FaceForensics++_C23/Deepfakes/135_880.mp4,135_880,135_880,1,Deepfakes,test
FaceForensics++_C23/Deepfakes/154_386.mp4,154_386,154_386,1,Deepfakes,test
FaceForensics++_C23/Deepfakes/141_161.mp4,141_161,141_161,1,Deepfakes,test
FaceForensics++_C23/Deepfakes/138_142.mp4,138_142,138_142,1,Deepfakes,test
FaceForensics++_C23/Deepfakes/148_133.mp4,148_133,133_148,1,Deepfakes,train
FaceForensics++_C23/Deepfakes/146_256.mp4,146_256,146_256,1,Deepfakes,train
FaceForensics++_C23/Deepfakes/153_150.mp4,153_150,150_153,1,Deepfakes,train
FaceForensics++_C23/Deepfakes/156_243.mp4,156_243,156_243,1,Deepfakes,train
FaceForensics++_C23/Deepfakes/140_143.mp4,140_143,140_143,1,Deepfakes,train
FaceForensics++_C23/Deepfakes/162_330.mp4,162_330,162_330,1,Deepfakes,train
FaceForensics++_C23/Deepfakes/143_140.mp4,143_140,140_143,1,Deepfakes,train
FaceForensics++_C23/Deepfakes/159_175.mp4,159_175,159_175,1,Deepfakes,val
FaceForensics++_C23/Deepfakes/145_299.mp4,145_299,145_299,1,Deepfakes,val
FaceForensics++_C23/Deepfakes/149_152.mp4,149_152,149_152,1,Deepfakes,train
FaceForensics++_C23/Deepfakes/150_153.mp4,150_153,150_153,1,Deepfakes,train
FaceForensics++_C23/Deepfakes/136_285.mp4,136_285,136_285,1,Deepfakes,train
FaceForensics++_C23/Deepfakes/161_141.mp4,161_141,141_161,1,Deepfakes,test
FaceForensics++_C23/Deepfakes/181_199.mp4,181_199,181_199,1,Deepfakes,train
FaceForensics++_C23/Deepfakes/186_170.mp4,186_170,170_186,1,Deepfakes,test
FaceForensics++_C23/Deepfakes/174_964.mp4,174_964,174_964,1,Deepfakes,train
FaceForensics++_C23/Deepfakes/169_227.mp4,169_227,169_227,1,Deepfakes,test
FaceForensics++_C23/Deepfakes/170_186.mp4,170_186,170_186,1,Deepfakes,test
FaceForensics++_C23/Deepfakes/173_171.mp4,173_171,171_173,1,Deepfakes,train
FaceForensics++_C23/Deepfakes/185_276.mp4,185_276,185_276,1,Deepfakes,train
FaceForensics++_C23/Deepfakes/180_105.mp4,180_105,105_180,1,Deepfakes,train
FaceForensics++_C23/Deepfakes/182_242.mp4,182_242,182_242,1,Deepfakes,train
FaceForensics++_C23/Deepfakes/165_137.mp4,165_137,137_165,1,Deepfakes,train
FaceForensics++_C23/Deepfakes/176_190.mp4,176_190,176_190,1,Deepfakes,test
FaceForensics++_C23/Deepfakes/167_166.mp4,167_166,166_167,1,Deepfakes,train
FaceForensics++_C23/Deepfakes/179_212.mp4,179_212,179_212,1,Deepfakes,train
FaceForensics++_C23/Deepfakes/177_211.mp4,177_211,177_211,1,Deepfakes,train
FaceForensics++_C23/Deepfakes/172_582.mp4,172_582,172_582,1,Deepfakes,train
FaceForensics++_C23/Deepfakes/163_031.mp4,163_031,031_163,1,Deepfakes,train
FaceForensics++_C23/Deepfakes/175_159.mp4,175_159,159_175,1,Deepfakes,val
FaceForensics++_C23/Deepfakes/184_205.mp4,184_205,184_205,1,Deepfakes,train
FaceForensics++_C23/Deepfakes/178_598.mp4,178_598,178_598,1,Deepfakes,train
FaceForensics++_C23/Deepfakes/171_173.mp4,171_173,171_173,1,Deepfakes,train
FaceForensics++_C23/Deepfakes/164_216.mp4,164_216,164_216,1,Deepfakes,train
FaceForensics++_C23/Deepfakes/183_253.mp4,183_253,183_253,1,Deepfakes,train
FaceForensics++_C23/Deepfakes/166_167.mp4,166_167,166_167,1,Deepfakes,train
FaceForensics++_C23/Deepfakes/168_222.mp4,168_222,168_222,1,Deepfakes,train
FaceForensics++_C23/Deepfakes/195_442.mp4,195_442,195_442,1,Deepfakes,train
FaceForensics++_C23/Deepfakes/196_310.mp4,196_310,196_310,1,Deepfakes,train
FaceForensics++_C23/Deepfakes/191_188.mp4,191_188,188_191,1,Deepfakes,train
FaceForensics++_C23/Deepfakes/193_030.mp4,193_030,030_193,1,Deepfakes,train
FaceForensics++_C23/Deepfakes/200_189.mp4,200_189,189_200,1,Deepfakes,train
FaceForensics++_C23/Deepfakes/205_184.mp4,205_184,184_205,1,Deepfakes,train
FaceForensics++_C23/Deepfakes/201_203.mp4,201_203,201_203,1,Deepfakes,train
FaceForensics++_C23/Deepfakes/197_224.mp4,197_224,197_224,1,Deepfakes,train
FaceForensics++_C23/Deepfakes/202_348.mp4,202_348,202_348,1,Deepfakes,train
FaceForensics++_C23/Deepfakes/206_221.mp4,206_221,206_221,1,Deepfakes,train
FaceForensics++_C23/Deepfakes/194_235.mp4,194_235,194_235,1,Deepfakes,train
FaceForensics++_C23/Deepfakes/192_134.mp4,192_134,134_192,1,Deepfakes,val
FaceForensics++_C23/Deepfakes/188_191.mp4,188_191,188_191,1,Deepfakes,train
FaceForensics++_C23/Deepfakes/189_200.mp4,189_200,189_200,1,Deepfakes,train
FaceForensics++_C23/Deepfakes/207_908.mp4,207_908,207_908,1,Deepfakes,train
FaceForensics++_C23/Deepfakes/199_181.mp4,199_181,181_199,1,Deepfakes,train
FaceForensics++_C23/Deepfakes/187_234.mp4,187_234,187_234,1,Deepfakes,train
FaceForensics++_C23/Deepfakes/203_201.mp4,203_201,201_203,1,Deepfakes,train
FaceForensics++_C23/Deepfakes/190_176.mp4,190_176,176_190,1,Deepfakes,test
FaceForensics++_C23/Deepfakes/198_106.mp4,198_106,106_198,1,Deepfakes,val
FaceForensics++_C23/Deepfakes/204_230.mp4,204_230,204_230,1,Deepfakes,train
FaceForensics++_C23/Deepfakes/213_083.mp4,213_083,083_213,1,Deepfakes,train
FaceForensics++_C23/Deepfakes/224_197.mp4,224_197,197_224,1,Deepfakes,train
FaceForensics++_C23/Deepfakes/228_289.mp4,228_289,228_289,1,Deepfakes,train
FaceForensics++_C23/Deepfakes/219_220.mp4,219_220,219_220,1,Deepfakes,test
FaceForensics++_C23/Deepfakes/232_248.mp4,232_248,232_248,1,Deepfakes,train
FaceForensics++_C23/Deepfakes/226_491.mp4,226_491,226_491,1,Deepfakes,train
FaceForensics++_C23/Deepfakes/216_164.mp4,216_164,164_216,1,Deepfakes,train
FaceForensics++_C23/Deepfakes/225_151.mp4,225_151,151_225,1,Deepfakes,train
FaceForensics++_C23/Deepfakes/233_995.mp4,233_995,233_995,1,Deepfakes,test
FaceForensics++_C23/Deepfakes/209_016.mp4,209_016,016_209,1,Deepfakes,train
FaceForensics++_C23/Deepfakes/227_169.mp4,227_169,169_227,1,Deepfakes,test
FaceForensics++_C23/Deepfakes/229_247.mp4,229_247,229_247,1,Deepfakes,train
FaceForensics++_C23/Deepfakes/211_177.mp4,211_177,177_211,1,Deepfakes,train
FaceForensics++_C23/Deepfakes/210_241.mp4,210_241,210_241,1,Deepfakes,train
FaceForensics++_C23/Deepfakes/218_239.mp4,218_239,218_239,1,Deepfakes,train
FaceForensics++_C23/Deepfakes/223_586.mp4,223_586,223_586,1,Deepfakes,val
FaceForensics++_C23/Deepfakes/217_117.mp4,217_117,117_217,1,Deepfakes,train
FaceForensics++_C23/Deepfakes/214_255.mp4,214_255,214_255,1,Deepfakes,test
FaceForensics++_C23/Deepfakes/220_219.mp4,220_219,219_220,1,Deepfakes,test
FaceForensics++_C23/Deepfakes/208_215.mp4,208_215,208_215,1,Deepfakes,train
FaceForensics++_C23/Deepfakes/212_179.mp4,212_179,179_212,1,Deepfakes,train
FaceForensics++_C23/Deepfakes/231_663.mp4,231_663,231_663,1,Deepfakes,train
FaceForensics++_C23/Deepfakes/230_204.mp4,230_204,204_230,1,Deepfakes,train
FaceForensics++_C23/Deepfakes/215_208.mp4,215_208,208_215,1,Deepfakes,train
FaceForensics++_C23/Deepfakes/221_206.mp4,221_206,206_221,1,Deepfakes,train
FaceForensics++_C23/Deepfakes/222_168.mp4,222_168,168_222,1,Deepfakes,train
FaceForensics++_C23/Deepfakes/248_232.mp4,248_232,232_248,1,Deepfakes,train
FaceForensics++_C23/Deepfakes/255_214.mp4,255_214,214_255,1,Deepfakes,test
FaceForensics++_C23/Deepfakes/238_282.mp4,238_282,238_282,1,Deepfakes,train
FaceForensics++_C23/Deepfakes/241_210.mp4,241_210,210_241,1,Deepfakes,train
FaceForensics++_C23/Deepfakes/236_237.mp4,236_237,236_237,1,Deepfakes,train
FaceForensics++_C23/Deepfakes/243_156.mp4,243_156,156_243,1,Deepfakes,train
FaceForensics++_C23/Deepfakes/253_183.mp4,253_183,183_253,1,Deepfakes,train
FaceForensics++_C23/Deepfakes/240_290.mp4,240_290,240_290,1,Deepfakes,train
FaceForensics++_C23/Deepfakes/234_187.mp4,234_187,187_234,1,Deepfakes,train
FaceForensics++_C23/Deepfakes/257_420.mp4,257_420,257_420,1,Deepfakes,test
FaceForensics++_C23/Deepfakes/256_146.mp4,256_146,146_256,1,Deepfakes,train
FaceForensics++_C23/Deepfakes/237_236.mp4,237_236,236_237,1,Deepfakes,train
FaceForensics++_C23/Deepfakes/235_194.mp4,235_194,194_235,1,Deepfakes,train
FaceForensics++_C23/Deepfakes/250_461.mp4,250_461,250_461,1,Deepfakes,train
FaceForensics++_C23/Deepfakes/252_266.mp4,252_266,252_266,1,Deepfakes,train
FaceForensics++_C23/Deepfakes/254_261.mp4,254_261,254_261,1,Deepfakes,val
FaceForensics++_C23/Deepfakes/246_258.mp4,246_258,246_258,1,Deepfakes,train
FaceForensics++_C23/Deepfakes/247_229.mp4,247_229,229_247,1,Deepfakes,train
FaceForensics++_C23/Deepfakes/244_822.mp4,244_822,244_822,1,Deepfakes,train
FaceForensics++_C23/Deepfakes/242_182.mp4,242_182,182_242,1,Deepfakes,train
FaceForensics++_C23/Deepfakes/239_218.mp4,239_218,218_239,1,Deepfakes,train
FaceForensics++_C23/Deepfakes/249_280.mp4,249_280,249_280,1,Deepfakes,test
FaceForensics++_C23/Deepfakes/245_157.mp4,245_157,157_245,1,Deepfakes,val
FaceForensics++_C23/Deepfakes/251_375.mp4,251_375,251_375,1,Deepfakes,train
FaceForensics++_C23/Deepfakes/259_345.mp4,259_345,259_345,1,Deepfakes,train
FaceForensics++_C23/Deepfakes/283_313.mp4,283_313,283_313,1,Deepfakes,train
FaceForensics++_C23/Deepfakes/258_246.mp4,258_246,246_258,1,Deepfakes,train
FaceForensics++_C23/Deepfakes/263_284.mp4,263_284,263_284,1,Deepfakes,val
FaceForensics++_C23/Deepfakes/281_474.mp4,281_474,281_474,1,Deepfakes,train
FaceForensics++_C23/Deepfakes/271_264.mp4,271_264,264_271,1,Deepfakes,train
FaceForensics++_C23/Deepfakes/269_268.mp4,269_268,268_269,1,Deepfakes,train
FaceForensics++_C23/Deepfakes/279_298.mp4,279_298,279_298,1,Deepfakes,train
FaceForensics++_C23/Deepfakes/284_263.mp4,284_263,263_284,1,Deepfakes,val
FaceForensics++_C23/Deepfakes/272_396.mp4,272_396,272_396,1,Deepfakes,train
FaceForensics++_C23/Deepfakes/275_887.mp4,275_887,275_887,1,Deepfakes,train
FaceForensics++_C23/Deepfakes/267_286.mp4,267_286,267_286,1,Deepfakes,train
FaceForensics++_C23/Deepfakes/262_301.mp4,262_301,262_301,1,Deepfakes,train
FaceForensics++_C23/Deepfakes/277_335.mp4,277_335,277_335,1,Deepfakes,train
FaceForensics++_C23/Deepfakes/273_807.mp4,273_807,273_807,1,Deepfakes,val
FaceForensics++_C23/Deepfakes/278_306.mp4,278_306,278_306,1,Deepfakes,test
FaceForensics++_C23/Deepfakes/270_297.mp4,270_297,270_297,1,Deepfakes,train
FaceForensics++_C23/Deepfakes/264_271.mp4,264_271,264_271,1,Deepfakes,train
FaceForensics++_C23/Deepfakes/280_249.mp4,280_249,249_280,1,Deepfakes,test
FaceForensics++_C23/Deepfakes/260_331.mp4,260_331,260_331,1,Deepfakes,train
FaceForensics++_C23/Deepfakes/276_185.mp4,276_185,185_276,1,Deepfakes,train
FaceForensics++_C23/Deepfakes/282_238.mp4,282_238,238_282,1,Deepfakes,train
FaceForensics++_C23/Deepfakes/265_475.mp4,265_475,265_475,1,Deepfakes,train
FaceForensics++_C23/Deepfakes/261_254.mp4,261_254,254_261,1,Deepfakes,val
FaceForensics++_C23/Deepfakes/268_269.mp4,268_269,268_269,1,Deepfakes,train
FaceForensics++_C23/Deepfakes/266_252.mp4,266_252,252_266,1,Deepfakes,train
FaceForensics++_C23/Deepfakes/274_412.mp4,274_412,274_412,1,Deepfakes,train
FaceForensics++_C23/Deepfakes/300_304.mp4,300_304,300_304,1,Deepfakes,train
FaceForensics++_C23/Deepfakes/306_278.mp4,306_278,278_306,1,Deepfakes,test
FaceForensics++_C23/Deepfakes/292_294.mp4,292_294,292_294,1,Deepfakes,train
FaceForensics++_C23/Deepfakes/287_426.mp4,287_426,287_426,1,Deepfakes,train
FaceForensics++_C23/Deepfakes/303_309.mp4,303_309,303_309,1,Deepfakes,train
FaceForensics++_C23/Deepfakes/308_388.mp4,308_388,308_388,1,Deepfakes,test
FaceForensics++_C23/Deepfakes/290_240.mp4,290_240,240_290,1,Deepfakes,train
FaceForensics++_C23/Deepfakes/291_874.mp4,291_874,291_874,1,Deepfakes,train
FaceForensics++_C23/Deepfakes/293_296.mp4,293_296,293_296,1,Deepfakes,train
FaceForensics++_C23/Deepfakes/304_300.mp4,304_300,300_304,1,Deepfakes,train
FaceForensics++_C23/Deepfakes/307_365.mp4,307_365,307_365,1,Deepfakes,train
FaceForensics++_C23/Deepfakes/289_228.mp4,289_228,228_289,1,Deepfakes,train
FaceForensics++_C23/Deepfakes/286_267.mp4,286_267,267_286,1,Deepfakes,train
FaceForensics++_C23/Deepfakes/295_099.mp4,295_099,099_295,1,Deepfakes,train
FaceForensics++_C23/Deepfakes/298_279.mp4,298_279,279_298,1,Deepfakes,train
FaceForensics++_C23/Deepfakes/302_323.mp4,302_323,302_323,1,Deepfakes,train
FaceForensics++_C23/Deepfakes/288_321.mp4,288_321,288_321,1,Deepfakes,test
FaceForensics++_C23/Deepfakes/301_262.mp4,301_262,262_301,1,Deepfakes,train
FaceForensics++_C23/Deepfakes/294_292.mp4,294_292,292_294,1,Deepfakes,train
FaceForensics++_C23/Deepfakes/285_136.mp4,285_136,136_285,1,Deepfakes,train
FaceForensics++_C23/Deepfakes/299_145.mp4,299_145,145_299,1,Deepfakes,val
FaceForensics++_C23/Deepfakes/297_270.mp4,297_270,270_297,1,Deepfakes,train
FaceForensics++_C23/Deepfakes/296_293.mp4,296_293,293_296,1,Deepfakes,train
FaceForensics++_C23/Deepfakes/305_513.mp4,305_513,305_513,1,Deepfakes,train
FaceForensics++_C23/Deepfakes/314_347.mp4,314_347,314_347,1,Deepfakes,test
FaceForensics++_C23/Deepfakes/333_377.mp4,333_377,333_377,1,Deepfakes,train
FaceForensics++_C23/Deepfakes/331_260.mp4,331_260,260_331,1,Deepfakes,train
FaceForensics++_C23/Deepfakes/309_303.mp4,309_303,303_309,1,Deepfakes,train
FaceForensics++_C23/Deepfakes/312_021.mp4,312_021,021_312,1,Deepfakes,train
FaceForensics++_C23/Deepfakes/310_196.mp4,310_196,196_310,1,Deepfakes,train
FaceForensics++_C23/Deepfakes/325_492.mp4,325_492,325_492,1,Deepfakes,val
FaceForensics++_C23/Deepfakes/316_369.mp4,316_369,316_369,1,Deepfakes,val
FaceForensics++_C23/Deepfakes/322_315.mp4,322_315,315_322,1,Deepfakes,train
FaceForensics++_C23/Deepfakes/324_356.mp4,324_356,324_356,1,Deepfakes,train
FaceForensics++_C23/Deepfakes/332_051.mp4,332_051,051_332,1,Deepfakes,train
FaceForensics++_C23/Deepfakes/327_329.mp4,327_329,327_329,1,Deepfakes,train
FaceForensics++_C23/Deepfakes/330_162.mp4,330_162,162_330,1,Deepfakes,train
FaceForensics++_C23/Deepfakes/321_288.mp4,321_288,288_321,1,Deepfakes,test
FaceForensics++_C23/Deepfakes/328_320.mp4,328_320,320_328,1,Deepfakes,train
FaceForensics++_C23/Deepfakes/320_328.mp4,320_328,320_328,1,Deepfakes,train
FaceForensics++_C23/Deepfakes/323_302.mp4,323_302,302_323,1,Deepfakes,train
FaceForensics++_C23/Deepfakes/318_334.mp4,318_334,318_334,1,Deepfakes,train
FaceForensics++_C23/Deepfakes/313_283.mp4,313_283,283_313,1,Deepfakes,train
FaceForensics++_C23/Deepfakes/329_327.mp4,329_327,327_329,1,Deepfakes,train
FaceForensics++_C23/Deepfakes/315_322.mp4,315_322,315_322,1,Deepfakes,train
FaceForensics++_C23/Deepfakes/311_387.mp4,311_387,311_387,1,Deepfakes,train
FaceForensics++_C23/Deepfakes/317_359.mp4,317_359,317_359,1,Deepfakes,train
FaceForensics++_C23/Deepfakes/319_352.mp4,319_352,319_352,1,Deepfakes,test
FaceForensics++_C23/Deepfakes/326_501.mp4,326_501,326_501,1,Deepfakes,train
FaceForensics++_C23/Deepfakes/346_351.mp4,346_351,346_351,1,Deepfakes,train
FaceForensics++_C23/Deepfakes/351_346.mp4,351_346,346_351,1,Deepfakes,train
FaceForensics++_C23/Deepfakes/341_340.mp4,341_340,340_341,1,Deepfakes,train
FaceForensics++_C23/Deepfakes/356_324.mp4,356_324,324_356,1,Deepfakes,train
FaceForensics++_C23/Deepfakes/338_336.mp4,338_336,336_338,1,Deepfakes,train
FaceForensics++_C23/Deepfakes/334_318.mp4,334_318,318_334,1,Deepfakes,train
FaceForensics++_C23/Deepfakes/348_202.mp4,348_202,202_348,1,Deepfakes,train
FaceForensics++_C23/Deepfakes/337_522.mp4,337_522,337_522,1,Deepfakes,train
FaceForensics++_C23/Deepfakes/349_350.mp4,349_350,349_350,1,Deepfakes,val
FaceForensics++_C23/Deepfakes/350_349.mp4,350_349,349_350,1,Deepfakes,val
FaceForensics++_C23/Deepfakes/355_748.mp4,355_748,355_748,1,Deepfakes,train
FaceForensics++_C23/Deepfakes/344_020.mp4,344_020,020_344,1,Deepfakes,train
FaceForensics++_C23/Deepfakes/347_314.mp4,347_314,314_347,1,Deepfakes,test
FaceForensics++_C23/Deepfakes/345_259.mp4,345_259,259_345,1,Deepfakes,train
FaceForensics++_C23/Deepfakes/335_277.mp4,335_277,277_335,1,Deepfakes,train
FaceForensics++_C23/Deepfakes/343_363.mp4,343_363,343_363,1,Deepfakes,train
FaceForensics++_C23/Deepfakes/352_319.mp4,352_319,319_352,1,Deepfakes,test
FaceForensics++_C23/Deepfakes/358_380.mp4,358_380,358_380,1,Deepfakes,test
FaceForensics++_C23/Deepfakes/340_341.mp4,340_341,340_341,1,Deepfakes,train
FaceForensics++_C23/Deepfakes/336_338.mp4,336_338,336_338,1,Deepfakes,train
FaceForensics++_C23/Deepfakes/357_432.mp4,357_432,357_432,1,Deepfakes,train
FaceForensics++_C23/Deepfakes/354_362.mp4,354_362,354_362,1,Deepfakes,val
FaceForensics++_C23/Deepfakes/339_392.mp4,339_392,339_392,1,Deepfakes,train
FaceForensics++_C23/Deepfakes/342_416.mp4,342_416,342_416,1,Deepfakes,val
FaceForensics++_C23/Deepfakes/353_383.mp4,353_383,353_383,1,Deepfakes,train
FaceForensics++_C23/Deepfakes/364_440.mp4,364_440,364_440,1,Deepfakes,val
FaceForensics++_C23/Deepfakes/382_409.mp4,382_409,382_409,1,Deepfakes,train
FaceForensics++_C23/Deepfakes/377_333.mp4,377_333,333_377,1,Deepfakes,train
FaceForensics++_C23/Deepfakes/370_483.mp4,370_483,370_483,1,Deepfakes,val
FaceForensics++_C23/Deepfakes/375_251.mp4,375_251,251_375,1,Deepfakes,train
FaceForensics++_C23/Deepfakes/373_394.mp4,373_394,373_394,1,Deepfakes,train
FaceForensics++_C23/Deepfakes/371_367.mp4,371_367,367_371,1,Deepfakes,test
FaceForensics++_C23/Deepfakes/367_371.mp4,367_371,367_371,1,Deepfakes,test
FaceForensics++_C23/Deepfakes/360_437.mp4,360_437,360_437,1,Deepfakes,train
FaceForensics++_C23/Deepfakes/366_473.mp4,366_473,366_473,1,Deepfakes,train
FaceForensics++_C23/Deepfakes/376_381.mp4,376_381,376_381,1,Deepfakes,test
FaceForensics++_C23/Deepfakes/365_307.mp4,365_307,307_365,1,Deepfakes,train
FaceForensics++_C23/Deepfakes/378_368.mp4,378_368,368_378,1,Deepfakes,train
FaceForensics++_C23/Deepfakes/368_378.mp4,368_378,368_378,1,Deepfakes,train
FaceForensics++_C23/Deepfakes/379_158.mp4,379_158,158_379,1,Deepfakes,test
FaceForensics++_C23/Deepfakes/374_407.mp4,374_407,374_407,1,Deepfakes,train
FaceForensics++_C23/Deepfakes/372_413.mp4,372_413,372_413,1,Deepfakes,train
FaceForensics++_C23/Deepfakes/361_448.mp4,361_448,361_448,1,Deepfakes,train
FaceForensics++_C23/Deepfakes/383_353.mp4,383_353,353_383,1,Deepfakes,train
FaceForensics++_C23/Deepfakes/381_376.mp4,381_376,376_381,1,Deepfakes,test
FaceForensics++_C23/Deepfakes/362_354.mp4,362_354,354_362,1,Deepfakes,val
FaceForensics++_C23/Deepfakes/369_316.mp4,369_316,316_369,1,Deepfakes,val
FaceForensics++_C23/Deepfakes/380_358.mp4,380_358,358_380,1,Deepfakes,test
FaceForensics++_C23/Deepfakes/363_343.mp4,363_343,343_363,1,Deepfakes,train
FaceForensics++_C23/Deepfakes/359_317.mp4,359_317,317_359,1,Deepfakes,train
FaceForensics++_C23/Deepfakes/384_932.mp4,384_932,384_932,1,Deepfakes,test
FaceForensics++_C23/Deepfakes/394_373.mp4,394_373,373_394,1,Deepfakes,train
FaceForensics++_C23/Deepfakes/393_405.mp4,393_405,393_405,1,Deepfakes,train
FaceForensics++_C23/Deepfakes/392_339.mp4,392_339,339_392,1,Deepfakes,train
FaceForensics++_C23/Deepfakes/391_406.mp4,391_406,391_406,1,Deepfakes,train
FaceForensics++_C23/Deepfakes/399_488.mp4,399_488,399_488,1,Deepfakes,test
FaceForensics++_C23/Deepfakes/389_480.mp4,389_480,389_480,1,Deepfakes,test
FaceForensics++_C23/Deepfakes/388_308.mp4,388_308,308_388,1,Deepfakes,test
FaceForensics++_C23/Deepfakes/396_272.mp4,396_272,272_396,1,Deepfakes,train
FaceForensics++_C23/Deepfakes/386_154.mp4,386_154,154_386,1,Deepfakes,test
FaceForensics++_C23/Deepfakes/390_709.mp4,390_709,390_709,1,Deepfakes,train
FaceForensics++_C23/Deepfakes/385_414.mp4,385_414,385_414,1,Deepfakes,train
FaceForensics++_C23/Deepfakes/397_602.mp4,397_602,397_602,1,Deepfakes,train
FaceForensics++_C23/Deepfakes/395_401.mp4,395_401,395_401,1,Deepfakes,train
FaceForensics++_C23/Deepfakes/387_311.mp4,387_311,311_387,1,Deepfakes,train
FaceForensics++_C23/Deepfakes/398_457.mp4,398_457,398_457,1,Deepfakes,train
FaceForensics++_C23/Deepfakes/400_476.mp4,400_476,400_476,1,Deepfakes,train
FaceForensics++_C23/Deepfakes/404_429.mp4,404_429,404_429,1,Deepfakes,test
FaceForensics++_C23/Deepfakes/406_391.mp4,406_391,391_406,1,Deepfakes,train
FaceForensics++_C23/Deepfakes/414_385.mp4,414_385,385_414,1,Deepfakes,train
FaceForensics++_C23/Deepfakes/402_453.mp4,402_453,402_453,1,Deepfakes,val
FaceForensics++_C23/Deepfakes/413_372.mp4,413_372,372_413,1,Deepfakes,train
FaceForensics++_C23/Deepfakes/401_395.mp4,401_395,395_401,1,Deepfakes,train
FaceForensics++_C23/Deepfakes/405_393.mp4,405_393,393_405,1,Deepfakes,train
FaceForensics++_C23/Deepfakes/403_497.mp4,403_497,403_497,1,Deepfakes,train
FaceForensics++_C23/Deepfakes/411_410.mp4,411_410,410_411,1,Deepfakes,train
FaceForensics++_C23/Deepfakes/412_274.mp4,412_274,274_412,1,Deepfakes,train
FaceForensics++_C23/Deepfakes/410_411.mp4,410_411,410_411,1,Deepfakes,train
FaceForensics++_C23/Deepfakes/407_374.mp4,407_374,374_407,1,Deepfakes,train
FaceForensics++_C23/Deepfakes/409_382.mp4,409_382,382_409,1,Deepfakes,train
FaceForensics++_C23/Deepfakes/408_424.mp4,408_424,408_424,1,Deepfakes,train
FaceForensics++_C23/Deepfakes/432_357.mp4,432_357,357_432,1,Deepfakes,train
FaceForensics++_C23/Deepfakes/415_484.mp4,415_484,415_484,1,Deepfakes,train
FaceForensics++_C23/Deepfakes/425_485.mp4,425_485,425_485,1,Deepfakes,test
FaceForensics++_C23/Deepfakes/416_342.mp4,416_342,342_416,1,Deepfakes,val
FaceForensics++_C23/Deepfakes/426_287.mp4,426_287,287_426,1,Deepfakes,train
FaceForensics++_C23/Deepfakes/417_496.mp4,417_496,417_496,1,Deepfakes,train
FaceForensics++_C23/Deepfakes/435_456.mp4,435_456,435_456,1,Deepfakes,train
FaceForensics++_C23/Deepfakes/429_404.mp4,429_404,404_429,1,Deepfakes,test
FaceForensics++_C23/Deepfakes/421_423.mp4,421_423,421_423,1,Deepfakes,test
FaceForensics++_C23/Deepfakes/420_257.mp4,420_257,257_420,1,Deepfakes,test
FaceForensics++_C23/Deepfakes/431_447.mp4,431_447,431_447,1,Deepfakes,train
FaceForensics++_C23/Deepfakes/434_438.mp4,434_438,434_438,1,Deepfakes,train
FaceForensics++_C23/Deepfakes/433_498.mp4,433_498,433_498,1,Deepfakes,train
FaceForensics++_C23/Deepfakes/430_459.mp4,430_459,430_459,1,Deepfakes,train
FaceForensics++_C23/Deepfakes/428_466.mp4,428_466,428_466,1,Deepfakes,train
FaceForensics++_C23/Deepfakes/423_421.mp4,423_421,421_423,1,Deepfakes,test
FaceForensics++_C23/Deepfakes/419_824.mp4,419_824,419_824,1,Deepfakes,val
FaceForensics++_C23/Deepfakes/418_507.mp4,418_507,418_507,1,Deepfakes,test
FaceForensics++_C23/Deepfakes/424_408.mp4,424_408,408_424,1,Deepfakes,train
FaceForensics++_C23/Deepfakes/422_695.mp4,422_695,422_695,1,Deepfakes,test
FaceForensics++_C23/Deepfakes/427_637.mp4,427_637,427_637,1,Deepfakes,train
FaceForensics++_C23/Deepfakes/436_526.mp4,436_526,436_526,1,Deepfakes,train
FaceForensics++_C23/Deepfakes/442_195.mp4,442_195,195_442,1,Deepfakes,train
FaceForensics++_C23/Deepfakes/446_667.mp4,446_667,446_667,1,Deepfakes,train
FaceForensics++_C23/Deepfakes/447_431.mp4,447_431,431_447,1,Deepfakes,train
FaceForensics++_C23/Deepfakes/455_471.mp4,455_471,455_471,1,Deepfakes,val
FaceForensics++_C23/Deepfakes/439_441.mp4,439_441,439_441,1,Deepfakes,train
FaceForensics++_C23/Deepfakes/451_449.mp4,451_449,449_451,1,Deepfakes,train
FaceForensics++_C23/Deepfakes/453_402.mp4,453_402,402_453,1,Deepfakes,val
FaceForensics++_C23/Deepfakes/441_439.mp4,441_439,439_441,1,Deepfakes,train
FaceForensics++_C23/Deepfakes/440_364.mp4,440_364,364_440,1,Deepfakes,val
FaceForensics++_C23/Deepfakes/452_550.mp4,452_550,452_550,1,Deepfakes,test
FaceForensics++_C23/Deepfakes/444_655.mp4,444_655,444_655,1,Deepfakes,train
FaceForensics++_C23/Deepfakes/445_494.mp4,445_494,445_494,1,Deepfakes,test
FaceForensics++_C23/Deepfakes/450_533.mp4,450_533,450_533,1,Deepfakes,train
FaceForensics++_C23/Deepfakes/437_360.mp4,437_360,360_437,1,Deepfakes,train
FaceForensics++_C23/Deepfakes/438_434.mp4,438_434,434_438,1,Deepfakes,train
FaceForensics++_C23/Deepfakes/449_451.mp4,449_451,449_451,1,Deepfakes,train
FaceForensics++_C23/Deepfakes/448_361.mp4,448_361,361_448,1,Deepfakes,train
FaceForensics++_C23/Deepfakes/443_514.mp4,443_514,443_514,1,Deepfakes,val
FaceForensics++_C23/Deepfakes/454_527.mp4,454_527,454_527,1,Deepfakes,test
FaceForensics++_C23/Deepfakes/472_511.mp4,472_511,472_511,1,Deepfakes,val
FaceForensics++_C23/Deepfakes/459_430.mp4,459_430,430_459,1,Deepfakes,train
FaceForensics++_C23/Deepfakes/478_506.mp4,478_506,478_506,1,Deepfakes,train
FaceForensics++_C23/Deepfakes/466_428.mp4,466_428,428_466,1,Deepfakes,train
FaceForensics++_C23/Deepfakes/476_400.mp4,476_400,400_476,1,Deepfakes,train
FaceForensics++_C23/Deepfakes/468_470.mp4,468_470,468_470,1,Deepfakes,val
FaceForensics++_C23/Deepfakes/464_463.mp4,464_463,463_464,1,Deepfakes,train
FaceForensics++_C23/Deepfakes/481_469.mp4,481_469,469_481,1,Deepfakes,train
FaceForensics++_C23/Deepfakes/458_722.mp4,458_722,458_722,1,Deepfakes,train
FaceForensics++_C23/Deepfakes/456_435.mp4,456_435,435_456,1,Deepfakes,train
FaceForensics++_C23/Deepfakes/462_467.mp4,462_467,462_467,1,Deepfakes,test
FaceForensics++_C23/Deepfakes/463_464.mp4,463_464,463_464,1,Deepfakes,train
FaceForensics++_C23/Deepfakes/467_462.mp4,467_462,462_467,1,Deepfakes,test
FaceForensics++_C23/Deepfakes/469_481.mp4,469_481,469_481,1,Deepfakes,train
FaceForensics++_C23/Deepfakes/480_389.mp4,480_389,389_480,1,Deepfakes,test
FaceForensics++_C23/Deepfakes/465_482.mp4,465_482,465_482,1,Deepfakes,val
FaceForensics++_C23/Deepfakes/479_706.mp4,479_706,479_706,1,Deepfakes,test
FaceForensics++_C23/Deepfakes/460_678.mp4,460_678,460_678,1,Deepfakes,train
FaceForensics++_C23/Deepfakes/473_366.mp4,473_366,366_473,1,Deepfakes,train
FaceForensics++_C23/Deepfakes/471_455.mp4,471_455,455_471,1,Deepfakes,val
FaceForensics++_C23/Deepfakes/475_265.mp4,475_265,265_475,1,Deepfakes,train
FaceForensics++_C23/Deepfakes/470_468.mp4,470_468,468_470,1,Deepfakes,val
FaceForensics++_C23/Deepfakes/457_398.mp4,457_398,398_457,1,Deepfakes,train
FaceForensics++_C23/Deepfakes/474_281.mp4,474_281,281_474,1,Deepfakes,train
FaceForensics++_C23/Deepfakes/461_250.mp4,461_250,250_461,1,Deepfakes,train
FaceForensics++_C23/Deepfakes/477_487.mp4,477_487,477_487,1,Deepfakes,train
FaceForensics++_C23/Deepfakes/499_539.mp4,499_539,499_539,1,Deepfakes,train
FaceForensics++_C23/Deepfakes/497_403.mp4,497_403,403_497,1,Deepfakes,train
FaceForensics++_C23/Deepfakes/487_477.mp4,487_477,477_487,1,Deepfakes,train
FaceForensics++_C23/Deepfakes/495_512.mp4,495_512,495_512,1,Deepfakes,train
FaceForensics++_C23/Deepfakes/498_433.mp4,498_433,433_498,1,Deepfakes,train
FaceForensics++_C23/Deepfakes/503_756.mp4,503_756,503_756,1,Deepfakes,train
FaceForensics++_C23/Deepfakes/485_425.mp4,485_425,425_485,1,Deepfakes,test
FaceForensics++_C23/Deepfakes/500_592.mp4,500_592,500_592,1,Deepfakes,train
FaceForensics++_C23/Deepfakes/492_325.mp4,492_325,325_492,1,Deepfakes,val
FaceForensics++_C23/Deepfakes/494_445.mp4,494_445,445_494,1,Deepfakes,test
FaceForensics++_C23/Deepfakes/493_538.mp4,493_538,493_538,1,Deepfakes,val
FaceForensics++_C23/Deepfakes/505_600.mp4,505_600,505_600,1,Deepfakes,train
FaceForensics++_C23/Deepfakes/502_504.mp4,502_504,502_504,1,Deepfakes,train
FaceForensics++_C23/Deepfakes/491_226.mp4,491_226,226_491,1,Deepfakes,train
FaceForensics++_C23/Deepfakes/490_534.mp4,490_534,490_534,1,Deepfakes,train
FaceForensics++_C23/Deepfakes/488_399.mp4,488_399,399_488,1,Deepfakes,test
FaceForensics++_C23/Deepfakes/501_326.mp4,501_326,326_501,1,Deepfakes,train
FaceForensics++_C23/Deepfakes/504_502.mp4,504_502,502_504,1,Deepfakes,train
FaceForensics++_C23/Deepfakes/489_022.mp4,489_022,022_489,1,Deepfakes,train
FaceForensics++_C23/Deepfakes/484_415.mp4,484_415,415_484,1,Deepfakes,train
FaceForensics++_C23/Deepfakes/496_417.mp4,496_417,417_496,1,Deepfakes,train
FaceForensics++_C23/Deepfakes/482_465.mp4,482_465,465_482,1,Deepfakes,val
FaceForensics++_C23/Deepfakes/483_370.mp4,483_370,370_483,1,Deepfakes,val
FaceForensics++_C23/Deepfakes/486_680.mp4,486_680,486_680,1,Deepfakes,train
FaceForensics++_C23/Deepfakes/512_495.mp4,512_495,495_512,1,Deepfakes,train
FaceForensics++_C23/Deepfakes/517_521.mp4,517_521,517_521,1,Deepfakes,test
FaceForensics++_C23/Deepfakes/510_528.mp4,510_528,510_528,1,Deepfakes,train
FaceForensics++_C23/Deepfakes/515_519.mp4,515_519,515_519,1,Deepfakes,train
FaceForensics++_C23/Deepfakes/514_443.mp4,514_443,443_514,1,Deepfakes,val
FaceForensics++_C23/Deepfakes/507_418.mp4,507_418,418_507,1,Deepfakes,test
FaceForensics++_C23/Deepfakes/527_454.mp4,527_454,454_527,1,Deepfakes,test
FaceForensics++_C23/Deepfakes/524_580.mp4,524_580,524_580,1,Deepfakes,train
FaceForensics++_C23/Deepfakes/516_555.mp4,516_555,516_555,1,Deepfakes,train
FaceForensics++_C23/Deepfakes/521_517.mp4,521_517,517_521,1,Deepfakes,test
FaceForensics++_C23/Deepfakes/513_305.mp4,513_305,305_513,1,Deepfakes,train
FaceForensics++_C23/Deepfakes/511_472.mp4,511_472,472_511,1,Deepfakes,val
FaceForensics++_C23/Deepfakes/525_509.mp4,525_509,509_525,1,Deepfakes,train
FaceForensics++_C23/Deepfakes/518_131.mp4,518_131,131_518,1,Deepfakes,train
FaceForensics++_C23/Deepfakes/520_542.mp4,520_542,520_542,1,Deepfakes,train
FaceForensics++_C23/Deepfakes/519_515.mp4,519_515,515_519,1,Deepfakes,train
FaceForensics++_C23/Deepfakes/526_436.mp4,526_436,436_526,1,Deepfakes,train
FaceForensics++_C23/Deepfakes/522_337.mp4,522_337,337_522,1,Deepfakes,train
FaceForensics++_C23/Deepfakes/508_831.mp4,508_831,508_831,1,Deepfakes,train
FaceForensics++_C23/Deepfakes/506_478.mp4,506_478,478_506,1,Deepfakes,train
FaceForensics++_C23/Deepfakes/523_541.mp4,523_541,523_541,1,Deepfakes,train
FaceForensics++_C23/Deepfakes/509_525.mp4,509_525,509_525,1,Deepfakes,train
FaceForensics++_C23/Deepfakes/539_499.mp4,539_499,499_539,1,Deepfakes,train
FaceForensics++_C23/Deepfakes/535_587.mp4,535_587,535_587,1,Deepfakes,train
FaceForensics++_C23/Deepfakes/542_520.mp4,542_520,520_542,1,Deepfakes,train
FaceForensics++_C23/Deepfakes/547_574.mp4,547_574,547_574,1,Deepfakes,train
FaceForensics++_C23/Deepfakes/548_632.mp4,548_632,548_632,1,Deepfakes,val
FaceForensics++_C23/Deepfakes/538_493.mp4,538_493,493_538,1,Deepfakes,val
FaceForensics++_C23/Deepfakes/529_633.mp4,529_633,529_633,1,Deepfakes,test
FaceForensics++_C23/Deepfakes/531_549.mp4,531_549,531_549,1,Deepfakes,train
FaceForensics++_C23/Deepfakes/532_544.mp4,532_544,532_544,1,Deepfakes,train
FaceForensics++_C23/Deepfakes/544_532.mp4,544_532,532_544,1,Deepfakes,train
FaceForensics++_C23/Deepfakes/537_563.mp4,537_563,537_563,1,Deepfakes,train
FaceForensics++_C23/Deepfakes/536_540.mp4,536_540,536_540,1,Deepfakes,train
FaceForensics++_C23/Deepfakes/546_621.mp4,546_621,546_621,1,Deepfakes,train
FaceForensics++_C23/Deepfakes/534_490.mp4,534_490,490_534,1,Deepfakes,train
FaceForensics++_C23/Deepfakes/530_594.mp4,530_594,530_594,1,Deepfakes,train
FaceForensics++_C23/Deepfakes/545_553.mp4,545_553,545_553,1,Deepfakes,train
FaceForensics++_C23/Deepfakes/543_559.mp4,543_559,543_559,1,Deepfakes,train
FaceForensics++_C23/Deepfakes/528_510.mp4,528_510,510_528,1,Deepfakes,train
FaceForensics++_C23/Deepfakes/540_536.mp4,540_536,536_540,1,Deepfakes,train
FaceForensics++_C23/Deepfakes/533_450.mp4,533_450,450_533,1,Deepfakes,train
FaceForensics++_C23/Deepfakes/549_531.mp4,549_531,531_549,1,Deepfakes,train
FaceForensics++_C23/Deepfakes/541_523.mp4,541_523,523_541,1,Deepfakes,train
FaceForensics++_C23/Deepfakes/554_572.mp4,554_572,554_572,1,Deepfakes,train
FaceForensics++_C23/Deepfakes/552_851.mp4,552_851,552_851,1,Deepfakes,test
FaceForensics++_C23/Deepfakes/563_537.mp4,563_537,537_563,1,Deepfakes,train
FaceForensics++_C23/Deepfakes/556_588.mp4,556_588,556_588,1,Deepfakes,train
FaceForensics++_C23/Deepfakes/550_452.mp4,550_452,452_550,1,Deepfakes,test
FaceForensics++_C23/Deepfakes/551_631.mp4,551_631,551_631,1,Deepfakes,train
FaceForensics++_C23/Deepfakes/558_583.mp4,558_583,558_583,1,Deepfakes,val
FaceForensics++_C23/Deepfakes/559_543.mp4,559_543,543_559,1,Deepfakes,train
FaceForensics++_C23/Deepfakes/561_998.mp4,561_998,561_998,1,Deepfakes,train
FaceForensics++_C23/Deepfakes/562_626.mp4,562_626,562_626,1,Deepfakes,train
FaceForensics++_C23/Deepfakes/560_557.mp4,560_557,557_560,1,Deepfakes,val
FaceForensics++_C23/Deepfakes/555_516.mp4,555_516,516_555,1,Deepfakes,train
FaceForensics++_C23/Deepfakes/557_560.mp4,557_560,557_560,1,Deepfakes,val
FaceForensics++_C23/Deepfakes/553_545.mp4,553_545,545_553,1,Deepfakes,train
FaceForensics++_C23/Deepfakes/577_593.mp4,577_593,577_593,1,Deepfakes,train
FaceForensics++_C23/Deepfakes/566_617.mp4,566_617,566_617,1,Deepfakes,val
FaceForensics++_C23/Deepfakes/567_606.mp4,567_606,567_606,1,Deepfakes,val
FaceForensics++_C23/Deepfakes/564_971.mp4,564_971,564_971,1,Deepfakes,val
FaceForensics++_C23/Deepfakes/571_746.mp4,571_746,571_746,1,Deepfakes,val
FaceForensics++_C23/Deepfakes/574_547.mp4,574_547,547_574,1,Deepfakes,train
FaceForensics++_C23/Deepfakes/572_554.mp4,572_554,554_572,1,Deepfakes,train
FaceForensics++_C23/Deepfakes/578_636.mp4,578_636,578_636,1,Deepfakes,train
FaceForensics++_C23/Deepfakes/580_524.mp4,580_524,524_580,1,Deepfakes,train
FaceForensics++_C23/Deepfakes/579_701.mp4,579_701,579_701,1,Deepfakes,test
FaceForensics++_C23/Deepfakes/568_628.mp4,568_628,568_628,1,Deepfakes,train
FaceForensics++_C23/Deepfakes/576_155.mp4,576_155,155_576,1,Deepfakes,train
FaceForensics++_C23/Deepfakes/575_603.mp4,575_603,575_603,1,Deepfakes,train
FaceForensics++_C23/Deepfakes/569_921.mp4,569_921,569_921,1,Deepfakes,train
FaceForensics++_C23/Deepfakes/565_589.mp4,565_589,565_589,1,Deepfakes,val
FaceForensics++_C23/Deepfakes/573_757.mp4,573_757,573_757,1,Deepfakes,train
FaceForensics++_C23/Deepfakes/581_697.mp4,581_697,581_697,1,Deepfakes,train
FaceForensics++_C23/Deepfakes/570_624.mp4,570_624,570_624,1,Deepfakes,train
FaceForensics++_C23/Deepfakes/595_597.mp4,595_597,595_597,1,Deepfakes,val
FaceForensics++_C23/Deepfakes/589_565.mp4,589_565,565_589,1,Deepfakes,val
FaceForensics++_C23/Deepfakes/597_595.mp4,597_595,595_597,1,Deepfakes,val
FaceForensics++_C23/Deepfakes/600_505.mp4,600_505,505_600,1,Deepfakes,train
FaceForensics++_C23/Deepfakes/602_397.mp4,602_397,397_602,1,Deepfakes,train
FaceForensics++_C23/Deepfakes/587_535.mp4,587_535,535_587,1,Deepfakes,train
FaceForensics++_C23/Deepfakes/583_558.mp4,583_558,558_583,1,Deepfakes,val
FaceForensics++_C23/Deepfakes/601_653.mp4,601_653,601_653,1,Deepfakes,train
FaceForensics++_C23/Deepfakes/593_577.mp4,593_577,577_593,1,Deepfakes,train
FaceForensics++_C23/Deepfakes/590_034.mp4,590_034,034_590,1,Deepfakes,train
FaceForensics++_C23/Deepfakes/586_223.mp4,586_223,223_586,1,Deepfakes,val
FaceForensics++_C23/Deepfakes/594_530.mp4,594_530,530_594,1,Deepfakes,train
FaceForensics++_C23/Deepfakes/596_609.mp4,596_609,596_609,1,Deepfakes,train
FaceForensics++_C23/Deepfakes/592_500.mp4,592_500,500_592,1,Deepfakes,train
FaceForensics++_C23/Deepfakes/588_556.mp4,588_556,556_588,1,Deepfakes,train
FaceForensics++_C23/Deepfakes/599_585.mp4,599_585,585_599,1,Deepfakes,val
FaceForensics++_C23/Deepfakes/582_172.mp4,582_172,172_582,1,Deepfakes,train
FaceForensics++_C23/Deepfakes/584_823.mp4,584_823,584_823,1,Deepfakes,val
FaceForensics++_C23/Deepfakes/585_599.mp4,585_599,585_599,1,Deepfakes,val
FaceForensics++_C23/Deepfakes/598_178.mp4,598_178,178_598,1,Deepfakes,train
FaceForensics++_C23/Deepfakes/591_605.mp4,591_605,591_605,1,Deepfakes,train
FaceForensics++_C23/Deepfakes/616_614.mp4,616_614,614_616,1,Deepfakes,train
FaceForensics++_C23/Deepfakes/610_692.mp4,610_692,610_692,1,Deepfakes,train
FaceForensics++_C23/Deepfakes/604_703.mp4,604_703,604_703,1,Deepfakes,train
FaceForensics++_C23/Deepfakes/619_620.mp4,619_620,619_620,1,Deepfakes,train
FaceForensics++_C23/Deepfakes/605_591.mp4,605_591,591_605,1,Deepfakes,train
FaceForensics++_C23/Deepfakes/622_647.mp4,622_647,622_647,1,Deepfakes,val
FaceForensics++_C23/Deepfakes/626_562.mp4,626_562,562_626,1,Deepfakes,train
FaceForensics++_C23/Deepfakes/618_629.mp4,618_629,618_629,1,Deepfakes,train
FaceForensics++_C23/Deepfakes/615_687.mp4,615_687,615_687,1,Deepfakes,train
FaceForensics++_C23/Deepfakes/625_650.mp4,625_650,625_650,1,Deepfakes,test
FaceForensics++_C23/Deepfakes/613_685.mp4,613_685,613_685,1,Deepfakes,train
FaceForensics++_C23/Deepfakes/612_702.mp4,612_702,612_702,1,Deepfakes,val
FaceForensics++_C23/Deepfakes/623_630.mp4,623_630,623_630,1,Deepfakes,test
FaceForensics++_C23/Deepfakes/620_619.mp4,620_619,619_620,1,Deepfakes,train
FaceForensics++_C23/Deepfakes/608_675.mp4,608_675,608_675,1,Deepfakes,test
FaceForensics++_C23/Deepfakes/606_567.mp4,606_567,567_606,1,Deepfakes,val
FaceForensics++_C23/Deepfakes/609_596.mp4,609_596,596_609,1,Deepfakes,train
FaceForensics++_C23/Deepfakes/624_570.mp4,624_570,570_624,1,Deepfakes,train
FaceForensics++_C23/Deepfakes/611_760.mp4,611_760,611_760,1,Deepfakes,train
FaceForensics++_C23/Deepfakes/621_546.mp4,621_546,546_621,1,Deepfakes,train
FaceForensics++_C23/Deepfakes/607_683.mp4,607_683,607_683,1,Deepfakes,test
FaceForensics++_C23/Deepfakes/617_566.mp4,617_566,566_617,1,Deepfakes,val
FaceForensics++_C23/Deepfakes/614_616.mp4,614_616,614_616,1,Deepfakes,train
FaceForensics++_C23/Deepfakes/603_575.mp4,603_575,575_603,1,Deepfakes,train
FaceForensics++_C23/Deepfakes/643_646.mp4,643_646,643_646,1,Deepfakes,train
FaceForensics++_C23/Deepfakes/640_638.mp4,640_638,638_640,1,Deepfakes,val
FaceForensics++_C23/Deepfakes/633_529.mp4,633_529,529_633,1,Deepfakes,test
FaceForensics++_C23/Deepfakes/631_551.mp4,631_551,551_631,1,Deepfakes,train
FaceForensics++_C23/Deepfakes/641_662.mp4,641_662,641_662,1,Deepfakes,train
FaceForensics++_C23/Deepfakes/630_623.mp4,630_623,623_630,1,Deepfakes,test
FaceForensics++_C23/Deepfakes/645_688.mp4,645_688,645_688,1,Deepfakes,train
FaceForensics++_C23/Deepfakes/636_578.mp4,636_578,578_636,1,Deepfakes,train
FaceForensics++_C23/Deepfakes/637_427.mp4,637_427,427_637,1,Deepfakes,train
FaceForensics++_C23/Deepfakes/647_622.mp4,647_622,622_647,1,Deepfakes,val
FaceForensics++_C23/Deepfakes/646_643.mp4,646_643,643_646,1,Deepfakes,train
FaceForensics++_C23/Deepfakes/638_640.mp4,638_640,638_640,1,Deepfakes,val
FaceForensics++_C23/Deepfakes/632_548.mp4,632_548,548_632,1,Deepfakes,val
FaceForensics++_C23/Deepfakes/635_642.mp4,635_642,635_642,1,Deepfakes,train
FaceForensics++_C23/Deepfakes/634_660.mp4,634_660,634_660,1,Deepfakes,test
FaceForensics++_C23/Deepfakes/639_841.mp4,639_841,639_841,1,Deepfakes,train
FaceForensics++_C23/Deepfakes/642_635.mp4,642_635,635_642,1,Deepfakes,train
FaceForensics++_C23/Deepfakes/628_568.mp4,628_568,568_628,1,Deepfakes,train
FaceForensics++_C23/Deepfakes/629_618.mp4,629_618,618_629,1,Deepfakes,train
FaceForensics++_C23/Deepfakes/644_657.mp4,644_657,644_657,1,Deepfakes,train
FaceForensics++_C23/Deepfakes/627_658.mp4,627_658,627_658,1,Deepfakes,train
FaceForensics++_C23/Deepfakes/656_666.mp4,656_666,656_666,1,Deepfakes,val
FaceForensics++_C23/Deepfakes/654_648.mp4,654_648,648_654,1,Deepfakes,train
FaceForensics++_C23/Deepfakes/659_749.mp4,659_749,659_749,1,Deepfakes,train
FaceForensics++_C23/Deepfakes/661_670.mp4,661_670,661_670,1,Deepfakes,test
FaceForensics++_C23/Deepfakes/663_231.mp4,663_231,231_663,1,Deepfakes,train
FaceForensics++_C23/Deepfakes/669_682.mp4,669_682,669_682,1,Deepfakes,test
FaceForensics++_C23/Deepfakes/653_601.mp4,653_601,601_653,1,Deepfakes,train
FaceForensics++_C23/Deepfakes/668_664.mp4,668_664,664_668,1,Deepfakes,val
FaceForensics++_C23/Deepfakes/660_634.mp4,660_634,634_660,1,Deepfakes,test
FaceForensics++_C23/Deepfakes/649_816.mp4,649_816,649_816,1,Deepfakes,val
FaceForensics++_C23/Deepfakes/671_677.mp4,671_677,671_677,1,Deepfakes,train
FaceForensics++_C23/Deepfakes/662_641.mp4,662_641,641_662,1,Deepfakes,train
FaceForensics++_C23/Deepfakes/651_835.mp4,651_835,651_835,1,Deepfakes,train
FaceForensics++_C23/Deepfakes/670_661.mp4,670_661,661_670,1,Deepfakes,test
FaceForensics++_C23/Deepfakes/665_679.mp4,665_679,665_679,1,Deepfakes,train
FaceForensics++_C23/Deepfakes/648_654.mp4,648_654,648_654,1,Deepfakes,train
FaceForensics++_C23/Deepfakes/666_656.mp4,666_656,656_666,1,Deepfakes,val
FaceForensics++_C23/Deepfakes/650_625.mp4,650_625,625_650,1,Deepfakes,test
FaceForensics++_C23/Deepfakes/652_773.mp4,652_773,652_773,1,Deepfakes,train
FaceForensics++_C23/Deepfakes/667_446.mp4,667_446,446_667,1,Deepfakes,train
FaceForensics++_C23/Deepfakes/664_668.mp4,664_668,664_668,1,Deepfakes,val
FaceForensics++_C23/Deepfakes/657_644.mp4,657_644,644_657,1,Deepfakes,train
FaceForensics++_C23/Deepfakes/655_444.mp4,655_444,444_655,1,Deepfakes,train
FaceForensics++_C23/Deepfakes/658_627.mp4,658_627,627_658,1,Deepfakes,train
FaceForensics++_C23/Deepfakes/676_776.mp4,676_776,676_776,1,Deepfakes,train
FaceForensics++_C23/Deepfakes/690_689.mp4,690_689,689_690,1,Deepfakes,train
FaceForensics++_C23/Deepfakes/684_717.mp4,684_717,684_717,1,Deepfakes,train
FaceForensics++_C23/Deepfakes/674_744.mp4,674_744,674_744,1,Deepfakes,train
FaceForensics++_C23/Deepfakes/673_728.mp4,673_728,673_728,1,Deepfakes,train
FaceForensics++_C23/Deepfakes/681_711.mp4,681_711,681_711,1,Deepfakes,train
FaceForensics++_C23/Deepfakes/679_665.mp4,679_665,665_679,1,Deepfakes,train
FaceForensics++_C23/Deepfakes/694_767.mp4,694_767,694_767,1,Deepfakes,train
FaceForensics++_C23/Deepfakes/689_690.mp4,689_690,689_690,1,Deepfakes,train
FaceForensics++_C23/Deepfakes/675_608.mp4,675_608,608_675,1,Deepfakes,test
FaceForensics++_C23/Deepfakes/678_460.mp4,678_460,460_678,1,Deepfakes,train
FaceForensics++_C23/Deepfakes/686_696.mp4,686_696,686_696,1,Deepfakes,train
FaceForensics++_C23/Deepfakes/672_720.mp4,672_720,672_720,1,Deepfakes,val
FaceForensics++_C23/Deepfakes/680_486.mp4,680_486,486_680,1,Deepfakes,train
FaceForensics++_C23/Deepfakes/695_422.mp4,695_422,422_695,1,Deepfakes,test
FaceForensics++_C23/Deepfakes/685_613.mp4,685_613,613_685,1,Deepfakes,train
FaceForensics++_C23/Deepfakes/683_607.mp4,683_607,607_683,1,Deepfakes,test
FaceForensics++_C23/Deepfakes/677_671.mp4,677_671,671_677,1,Deepfakes,train
FaceForensics++_C23/Deepfakes/688_645.mp4,688_645,645_688,1,Deepfakes,train
FaceForensics++_C23/Deepfakes/693_698.mp4,693_698,693_698,1,Deepfakes,train
FaceForensics++_C23/Deepfakes/682_669.mp4,682_669,669_682,1,Deepfakes,test
FaceForensics++_C23/Deepfakes/692_610.mp4,692_610,610_692,1,Deepfakes,train
FaceForensics++_C23/Deepfakes/691_732.mp4,691_732,691_732,1,Deepfakes,test
FaceForensics++_C23/Deepfakes/687_615.mp4,687_615,615_687,1,Deepfakes,train
FaceForensics++_C23/Deepfakes/703_604.mp4,703_604,604_703,1,Deepfakes,train
FaceForensics++_C23/Deepfakes/696_686.mp4,696_686,686_696,1,Deepfakes,train
FaceForensics++_C23/Deepfakes/698_693.mp4,698_693,693_698,1,Deepfakes,train
FaceForensics++_C23/Deepfakes/699_734.mp4,699_734,699_734,1,Deepfakes,train
FaceForensics++_C23/Deepfakes/697_581.mp4,697_581,581_697,1,Deepfakes,train
FaceForensics++_C23/Deepfakes/710_788.mp4,710_788,710_788,1,Deepfakes,train
FaceForensics++_C23/Deepfakes/701_579.mp4,701_579,579_701,1,Deepfakes,test
FaceForensics++_C23/Deepfakes/709_390.mp4,709_390,390_709,1,Deepfakes,train
FaceForensics++_C23/Deepfakes/707_705.mp4,707_705,705_707,1,Deepfakes,test
FaceForensics++_C23/Deepfakes/713_726.mp4,713_726,713_726,1,Deepfakes,train
FaceForensics++_C23/Deepfakes/708_772.mp4,708_772,708_772,1,Deepfakes,train
FaceForensics++_C23/Deepfakes/712_716.mp4,712_716,712_716,1,Deepfakes,train
FaceForensics++_C23/Deepfakes/705_707.mp4,705_707,705_707,1,Deepfakes,test
FaceForensics++_C23/Deepfakes/711_681.mp4,711_681,681_711,1,Deepfakes,train
FaceForensics++_C23/Deepfakes/704_723.mp4,704_723,704_723,1,Deepfakes,train
FaceForensics++_C23/Deepfakes/700_813.mp4,700_813,700_813,1,Deepfakes,train
FaceForensics++_C23/Deepfakes/702_612.mp4,702_612,612_702,1,Deepfakes,val
FaceForensics++_C23/Deepfakes/706_479.mp4,706_479,479_706,1,Deepfakes,test
FaceForensics++_C23/Deepfakes/730_815.mp4,730_815,730_815,1,Deepfakes,train
FaceForensics++_C23/Deepfakes/721_715.mp4,721_715,715_721,1,Deepfakes,train
FaceForensics++_C23/Deepfakes/726_713.mp4,726_713,713_726,1,Deepfakes,train
FaceForensics++_C23/Deepfakes/722_458.mp4,722_458,458_722,1,Deepfakes,train
FaceForensics++_C23/Deepfakes/715_721.mp4,715_721,715_721,1,Deepfakes,train
FaceForensics++_C23/Deepfakes/714_842.mp4,714_842,714_842,1,Deepfakes,test
FaceForensics++_C23/Deepfakes/725_724.mp4,725_724,724_725,1,Deepfakes,test
FaceForensics++_C23/Deepfakes/728_673.mp4,728_673,673_728,1,Deepfakes,train
FaceForensics++_C23/Deepfakes/727_729.mp4,727_729,727_729,1,Deepfakes,val
FaceForensics++_C23/Deepfakes/729_727.mp4,729_727,727_729,1,Deepfakes,val
FaceForensics++_C23/Deepfakes/720_672.mp4,720_672,672_720,1,Deepfakes,val
FaceForensics++_C23/Deepfakes/724_725.mp4,724_725,724_725,1,Deepfakes,test
FaceForensics++_C23/Deepfakes/716_712.mp4,716_712,712_716,1,Deepfakes,train
FaceForensics++_C23/Deepfakes/723_704.mp4,723_704,704_723,1,Deepfakes,train
FaceForensics++_C23/Deepfakes/717_684.mp4,717_684,684_717,1,Deepfakes,train
FaceForensics++_C23/Deepfakes/718_972.mp4,718_972,718_972,1,Deepfakes,train
FaceForensics++_C23/Deepfakes/719_737.mp4,719_737,719_737,1,Deepfakes,train
FaceForensics++_C23/Deepfakes/738_804.mp4,738_804,738_804,1,Deepfakes,train
FaceForensics++_C23/Deepfakes/734_699.mp4,734_699,699_734,1,Deepfakes,train
FaceForensics++_C23/Deepfakes/749_659.mp4,749_659,659_749,1,Deepfakes,train
FaceForensics++_C23/Deepfakes/752_751.mp4,752_751,751_752,1,Deepfakes,train
FaceForensics++_C23/Deepfakes/744_674.mp4,744_674,674_744,1,Deepfakes,train
FaceForensics++_C23/Deepfakes/746_571.mp4,746_571,571_746,1,Deepfakes,val
FaceForensics++_C23/Deepfakes/733_935.mp4,733_935,733_935,1,Deepfakes,train
FaceForensics++_C23/Deepfakes/739_865.mp4,739_865,739_865,1,Deepfakes,test
FaceForensics++_C23/Deepfakes/741_731.mp4,741_731,731_741,1,Deepfakes,test
FaceForensics++_C23/Deepfakes/743_750.mp4,743_750,743_750,1,Deepfakes,train
FaceForensics++_C23/Deepfakes/735_774.mp4,735_774,735_774,1,Deepfakes,train
FaceForensics++_C23/Deepfakes/736_785.mp4,736_785,736_785,1,Deepfakes,train
FaceForensics++_C23/Deepfakes/751_752.mp4,751_752,751_752,1,Deepfakes,train
FaceForensics++_C23/Deepfakes/747_854.mp4,747_854,747_854,1,Deepfakes,train
FaceForensics++_C23/Deepfakes/740_796.mp4,740_796,740_796,1,Deepfakes,train
FaceForensics++_C23/Deepfakes/737_719.mp4,737_719,719_737,1,Deepfakes,train
FaceForensics++_C23/Deepfakes/732_691.mp4,732_691,691_732,1,Deepfakes,test
FaceForensics++_C23/Deepfakes/750_743.mp4,750_743,743_750,1,Deepfakes,train
FaceForensics++_C23/Deepfakes/742_775.mp4,742_775,742_775,1,Deepfakes,val
FaceForensics++_C23/Deepfakes/731_741.mp4,731_741,731_741,1,Deepfakes,test
FaceForensics++_C23/Deepfakes/748_355.mp4,748_355,355_748,1,Deepfakes,train
FaceForensics++_C23/Deepfakes/745_777.mp4,745_777,745_777,1,Deepfakes,val
FaceForensics++_C23/Deepfakes/762_832.mp4,762_832,762_832,1,Deepfakes,val
FaceForensics++_C23/Deepfakes/768_793.mp4,768_793,768_793,1,Deepfakes,val
FaceForensics++_C23/Deepfakes/773_652.mp4,773_652,652_773,1,Deepfakes,train
FaceForensics++_C23/Deepfakes/756_503.mp4,756_503,503_756,1,Deepfakes,train
FaceForensics++_C23/Deepfakes/774_735.mp4,774_735,735_774,1,Deepfakes,train
FaceForensics++_C23/Deepfakes/758_754.mp4,758_754,754_758,1,Deepfakes,train
FaceForensics++_C23/Deepfakes/753_789.mp4,753_789,753_789,1,Deepfakes,train
FaceForensics++_C23/Deepfakes/766_761.mp4,766_761,761_766,1,Deepfakes,train
FaceForensics++_C23/Deepfakes/761_766.mp4,761_766,761_766,1,Deepfakes,train
FaceForensics++_C23/Deepfakes/754_758.mp4,754_758,754_758,1,Deepfakes,train
FaceForensics++_C23/Deepfakes/760_611.mp4,760_611,611_760,1,Deepfakes,train
FaceForensics++_C23/Deepfakes/755_759.mp4,755_759,755_759,1,Deepfakes,test
FaceForensics++_C23/Deepfakes/771_849.mp4,771_849,771_849,1,Deepfakes,train
FaceForensics++_C23/Deepfakes/769_784.mp4,769_784,769_784,1,Deepfakes,train
FaceForensics++_C23/Deepfakes/772_708.mp4,772_708,708_772,1,Deepfakes,train
FaceForensics++_C23/Deepfakes/757_573.mp4,757_573,573_757,1,Deepfakes,train
FaceForensics++_C23/Deepfakes/770_791.mp4,770_791,770_791,1,Deepfakes,train
FaceForensics++_C23/Deepfakes/763_930.mp4,763_930,763_930,1,Deepfakes,train
FaceForensics++_C23/Deepfakes/765_867.mp4,765_867,765_867,1,Deepfakes,train
FaceForensics++_C23/Deepfakes/767_694.mp4,767_694,694_767,1,Deepfakes,train
FaceForensics++_C23/Deepfakes/759_755.mp4,759_755,755_759,1,Deepfakes,test
FaceForensics++_C23/Deepfakes/764_850.mp4,764_850,764_850,1,Deepfakes,train
FaceForensics++_C23/Deepfakes/775_742.mp4,775_742,742_775,1,Deepfakes,val
FaceForensics++_C23/Deepfakes/788_710.mp4,788_710,710_788,1,Deepfakes,train
FaceForensics++_C23/Deepfakes/790_014.mp4,790_014,014_790,1,Deepfakes,train
FaceForensics++_C23/Deepfakes/784_769.mp4,784_769,769_784,1,Deepfakes,train
FaceForensics++_C23/Deepfakes/778_798.mp4,778_798,778_798,1,Deepfakes,train
FaceForensics++_C23/Deepfakes/789_753.mp4,789_753,753_789,1,Deepfakes,train
FaceForensics++_C23/Deepfakes/787_782.mp4,787_782,782_787,1,Deepfakes,train
FaceForensics++_C23/Deepfakes/781_806.mp4,781_806,781_806,1,Deepfakes,train
FaceForensics++_C23/Deepfakes/791_770.mp4,791_770,770_791,1,Deepfakes,train
FaceForensics++_C23/Deepfakes/792_903.mp4,792_903,792_903,1,Deepfakes,train
FaceForensics++_C23/Deepfakes/783_916.mp4,783_916,783_916,1,Deepfakes,train
FaceForensics++_C23/Deepfakes/780_869.mp4,780_869,780_869,1,Deepfakes,train
FaceForensics++_C23/Deepfakes/782_787.mp4,782_787,782_787,1,Deepfakes,train
FaceForensics++_C23/Deepfakes/786_819.mp4,786_819,786_819,1,Deepfakes,train
FaceForensics++_C23/Deepfakes/779_794.mp4,779_794,779_794,1,Deepfakes,val
FaceForensics++_C23/Deepfakes/776_676.mp4,776_676,676_776,1,Deepfakes,train
FaceForensics++_C23/Deepfakes/777_745.mp4,777_745,745_777,1,Deepfakes,val
FaceForensics++_C23/Deepfakes/785_736.mp4,785_736,736_785,1,Deepfakes,train
FaceForensics++_C23/Deepfakes/793_768.mp4,793_768,768_793,1,Deepfakes,val
FaceForensics++_C23/Deepfakes/795_907.mp4,795_907,795_907,1,Deepfakes,train
FaceForensics++_C23/Deepfakes/802_885.mp4,802_885,802_885,1,Deepfakes,train
FaceForensics++_C23/Deepfakes/808_829.mp4,808_829,808_829,1,Deepfakes,train
FaceForensics++_C23/Deepfakes/794_779.mp4,794_779,779_794,1,Deepfakes,val
FaceForensics++_C23/Deepfakes/797_844.mp4,797_844,797_844,1,Deepfakes,train
FaceForensics++_C23/Deepfakes/798_778.mp4,798_778,778_798,1,Deepfakes,train
FaceForensics++_C23/Deepfakes/799_809.mp4,799_809,799_809,1,Deepfakes,train
FaceForensics++_C23/Deepfakes/801_855.mp4,801_855,801_855,1,Deepfakes,test
FaceForensics++_C23/Deepfakes/800_840.mp4,800_840,800_840,1,Deepfakes,train
FaceForensics++_C23/Deepfakes/805_011.mp4,805_011,011_805,1,Deepfakes,train
FaceForensics++_C23/Deepfakes/796_740.mp4,796_740,740_796,1,Deepfakes,train
FaceForensics++_C23/Deepfakes/804_738.mp4,804_738,738_804,1,Deepfakes,train
FaceForensics++_C23/Deepfakes/803_017.mp4,803_017,017_803,1,Deepfakes,train
FaceForensics++_C23/Deepfakes/806_781.mp4,806_781,781_806,1,Deepfakes,train
FaceForensics++_C23/Deepfakes/807_273.mp4,807_273,273_807,1,Deepfakes,val
FaceForensics++_C23/Deepfakes/816_649.mp4,816_649,649_816,1,Deepfakes,val
FaceForensics++_C23/Deepfakes/821_812.mp4,821_812,812_821,1,Deepfakes,test
FaceForensics++_C23/Deepfakes/811_920.mp4,811_920,811_920,1,Deepfakes,train
FaceForensics++_C23/Deepfakes/812_821.mp4,812_821,812_821,1,Deepfakes,test
FaceForensics++_C23/Deepfakes/815_730.mp4,815_730,730_815,1,Deepfakes,train
FaceForensics++_C23/Deepfakes/823_584.mp4,823_584,584_823,1,Deepfakes,val
FaceForensics++_C23/Deepfakes/824_419.mp4,824_419,419_824,1,Deepfakes,val
FaceForensics++_C23/Deepfakes/818_820.mp4,818_820,818_820,1,Deepfakes,val
FaceForensics++_C23/Deepfakes/825_074.mp4,825_074,074_825,1,Deepfakes,train
FaceForensics++_C23/Deepfakes/820_818.mp4,820_818,818_820,1,Deepfakes,val
FaceForensics++_C23/Deepfakes/813_700.mp4,813_700,700_813,1,Deepfakes,train
FaceForensics++_C23/Deepfakes/819_786.mp4,819_786,786_819,1,Deepfakes,train
FaceForensics++_C23/Deepfakes/817_827.mp4,817_827,817_827,1,Deepfakes,val
FaceForensics++_C23/Deepfakes/810_838.mp4,810_838,810_838,1,Deepfakes,train
FaceForensics++_C23/Deepfakes/822_244.mp4,822_244,244_822,1,Deepfakes,train
FaceForensics++_C23/Deepfakes/814_871.mp4,814_871,814_871,1,Deepfakes,train
FaceForensics++_C23/Deepfakes/809_799.mp4,809_799,799_809,1,Deepfakes,train
FaceForensics++_C23/Deepfakes/836_950.mp4,836_950,836_950,1,Deepfakes,train
FaceForensics++_C23/Deepfakes/840_800.mp4,840_800,800_840,1,Deepfakes,train
FaceForensics++_C23/Deepfakes/828_830.mp4,828_830,828_830,1,Deepfakes,train
FaceForensics++_C23/Deepfakes/845_846.mp4,845_846,845_846,1,Deepfakes,train
FaceForensics++_C23/Deepfakes/839_864.mp4,839_864,839_864,1,Deepfakes,train
FaceForensics++_C23/Deepfakes/844_797.mp4,844_797,797_844,1,Deepfakes,train
FaceForensics++_C23/Deepfakes/827_817.mp4,827_817,817_827,1,Deepfakes,val
FaceForensics++_C23/Deepfakes/838_810.mp4,838_810,810_838,1,Deepfakes,train
FaceForensics++_C23/Deepfakes/835_651.mp4,835_651,651_835,1,Deepfakes,train
FaceForensics++_C23/Deepfakes/833_826.mp4,833_826,826_833,1,Deepfakes,train
FaceForensics++_C23/Deepfakes/834_852.mp4,834_852,834_852,1,Deepfakes,val
FaceForensics++_C23/Deepfakes/837_890.mp4,837_890,837_890,1,Deepfakes,val
FaceForensics++_C23/Deepfakes/847_906.mp4,847_906,847_906,1,Deepfakes,test
FaceForensics++_C23/Deepfakes/832_762.mp4,832_762,762_832,1,Deepfakes,val
FaceForensics++_C23/Deepfakes/841_639.mp4,841_639,639_841,1,Deepfakes,train
FaceForensics++_C23/Deepfakes/846_845.mp4,846_845,845_846,1,Deepfakes,train
FaceForensics++_C23/Deepfakes/826_833.mp4,826_833,826_833,1,Deepfakes,train
FaceForensics++_C23/Deepfakes/843_859.mp4,843_859,843_859,1,Deepfakes,train
FaceForensics++_C23/Deepfakes/831_508.mp4,831_508,508_831,1,Deepfakes,train
FaceForensics++_C23/Deepfakes/830_828.mp4,830_828,828_830,1,Deepfakes,train
FaceForensics++_C23/Deepfakes/848_894.mp4,848_894,848_894,1,Deepfakes,train
FaceForensics++_C23/Deepfakes/829_808.mp4,829_808,808_829,1,Deepfakes,train
FaceForensics++_C23/Deepfakes/842_714.mp4,842_714,714_842,1,Deepfakes,test
FaceForensics++_C23/Deepfakes/861_858.mp4,861_858,858_861,1,Deepfakes,train
FaceForensics++_C23/Deepfakes/863_853.mp4,863_853,853_863,1,Deepfakes,train
FaceForensics++_C23/Deepfakes/851_552.mp4,851_552,552_851,1,Deepfakes,test
FaceForensics++_C23/Deepfakes/866_878.mp4,866_878,866_878,1,Deepfakes,train
FaceForensics++_C23/Deepfakes/865_739.mp4,865_739,739_865,1,Deepfakes,test
FaceForensics++_C23/Deepfakes/854_747.mp4,854_747,747_854,1,Deepfakes,train
FaceForensics++_C23/Deepfakes/849_771.mp4,849_771,771_849,1,Deepfakes,train
FaceForensics++_C23/Deepfakes/850_764.mp4,850_764,764_850,1,Deepfakes,train
FaceForensics++_C23/Deepfakes/859_843.mp4,859_843,843_859,1,Deepfakes,train
FaceForensics++_C23/Deepfakes/855_801.mp4,855_801,801_855,1,Deepfakes,test
FaceForensics++_C23/Deepfakes/867_765.mp4,867_765,765_867,1,Deepfakes,train
FaceForensics++_C23/Deepfakes/862_047.mp4,862_047,047_862,1,Deepfakes,test
FaceForensics++_C23/Deepfakes/860_905.mp4,860_905,860_905,1,Deepfakes,train
FaceForensics++_C23/Deepfakes/856_881.mp4,856_881,856_881,1,Deepfakes,train
FaceForensics++_C23/Deepfakes/858_861.mp4,858_861,858_861,1,Deepfakes,train
FaceForensics++_C23/Deepfakes/853_863.mp4,853_863,853_863,1,Deepfakes,train
FaceForensics++_C23/Deepfakes/864_839.mp4,864_839,839_864,1,Deepfakes,train
FaceForensics++_C23/Deepfakes/857_909.mp4,857_909,857_909,1,Deepfakes,val
FaceForensics++_C23/Deepfakes/852_834.mp4,852_834,834_852,1,Deepfakes,val
FaceForensics++_C23/Deepfakes/878_866.mp4,878_866,866_878,1,Deepfakes,train
FaceForensics++_C23/Deepfakes/880_135.mp4,880_135,135_880,1,Deepfakes,test
FaceForensics++_C23/Deepfakes/881_856.mp4,881_856,856_881,1,Deepfakes,train
FaceForensics++_C23/Deepfakes/888_937.mp4,888_937,888_937,1,Deepfakes,train
FaceForensics++_C23/Deepfakes/883_013.mp4,883_013,013_883,1,Deepfakes,train
FaceForensics++_C23/Deepfakes/879_963.mp4,879_963,879_963,1,Deepfakes,train
FaceForensics++_C23/Deepfakes/874_291.mp4,874_291,291_874,1,Deepfakes,train
FaceForensics++_C23/Deepfakes/885_802.mp4,885_802,802_885,1,Deepfakes,train
FaceForensics++_C23/Deepfakes/868_949.mp4,868_949,868_949,1,Deepfakes,test
FaceForensics++_C23/Deepfakes/873_872.mp4,873_872,872_873,1,Deepfakes,train
FaceForensics++_C23/Deepfakes/887_275.mp4,887_275,275_887,1,Deepfakes,train
FaceForensics++_C23/Deepfakes/871_814.mp4,871_814,814_871,1,Deepfakes,train
FaceForensics++_C23/Deepfakes/889_045.mp4,889_045,045_889,1,Deepfakes,train
FaceForensics++_C23/Deepfakes/872_873.mp4,872_873,872_873,1,Deepfakes,train
FaceForensics++_C23/Deepfakes/870_001.mp4,870_001,001_870,1,Deepfakes,train
FaceForensics++_C23/Deepfakes/875_979.mp4,875_979,875_979,1,Deepfakes,val
FaceForensics++_C23/Deepfakes/876_891.mp4,876_891,876_891,1,Deepfakes,train
FaceForensics++_C23/Deepfakes/877_886.mp4,877_886,877_886,1,Deepfakes,train
FaceForensics++_C23/Deepfakes/884_968.mp4,884_968,884_968,1,Deepfakes,train
FaceForensics++_C23/Deepfakes/869_780.mp4,869_780,780_869,1,Deepfakes,train
FaceForensics++_C23/Deepfakes/882_952.mp4,882_952,882_952,1,Deepfakes,train
FaceForensics++_C23/Deepfakes/886_877.mp4,886_877,877_886,1,Deepfakes,train
FaceForensics++_C23/Deepfakes/896_128.mp4,896_128,128_896,1,Deepfakes,test
FaceForensics++_C23/Deepfakes/890_837.mp4,890_837,837_890,1,Deepfakes,val
FaceForensics++_C23/Deepfakes/891_876.mp4,891_876,876_891,1,Deepfakes,train
FaceForensics++_C23/Deepfakes/898_922.mp4,898_922,898_922,1,Deepfakes,val
FaceForensics++_C23/Deepfakes/909_857.mp4,909_857,857_909,1,Deepfakes,val
FaceForensics++_C23/Deepfakes/897_969.mp4,897_969,897_969,1,Deepfakes,train
FaceForensics++_C23/Deepfakes/895_915.mp4,895_915,895_915,1,Deepfakes,val
FaceForensics++_C23/Deepfakes/902_901.mp4,902_901,901_902,1,Deepfakes,train
FaceForensics++_C23/Deepfakes/907_795.mp4,907_795,795_907,1,Deepfakes,train
FaceForensics++_C23/Deepfakes/904_046.mp4,904_046,046_904,1,Deepfakes,val
FaceForensics++_C23/Deepfakes/894_848.mp4,894_848,848_894,1,Deepfakes,train
FaceForensics++_C23/Deepfakes/910_911.mp4,910_911,910_911,1,Deepfakes,train
FaceForensics++_C23/Deepfakes/903_792.mp4,903_792,792_903,1,Deepfakes,train
FaceForensics++_C23/Deepfakes/901_902.mp4,901_902,901_902,1,Deepfakes,train
FaceForensics++_C23/Deepfakes/912_927.mp4,912_927,912_927,1,Deepfakes,val
FaceForensics++_C23/Deepfakes/892_112.mp4,892_112,112_892,1,Deepfakes,train
FaceForensics++_C23/Deepfakes/911_910.mp4,911_910,910_911,1,Deepfakes,train
FaceForensics++_C23/Deepfakes/906_847.mp4,906_847,847_906,1,Deepfakes,test
FaceForensics++_C23/Deepfakes/908_207.mp4,908_207,207_908,1,Deepfakes,train
FaceForensics++_C23/Deepfakes/905_860.mp4,905_860,860_905,1,Deepfakes,train
FaceForensics++_C23/Deepfakes/900_926.mp4,900_926,900_926,1,Deepfakes,val
FaceForensics++_C23/Deepfakes/893_913.mp4,893_913,893_913,1,Deepfakes,train
FaceForensics++_C23/Deepfakes/899_914.mp4,899_914,899_914,1,Deepfakes,train
FaceForensics++_C23/Deepfakes/922_898.mp4,922_898,898_922,1,Deepfakes,val
FaceForensics++_C23/Deepfakes/920_811.mp4,920_811,811_920,1,Deepfakes,train
FaceForensics++_C23/Deepfakes/931_936.mp4,931_936,931_936,1,Deepfakes,train
FaceForensics++_C23/Deepfakes/915_895.mp4,915_895,895_915,1,Deepfakes,val
FaceForensics++_C23/Deepfakes/919_015.mp4,919_015,015_919,1,Deepfakes,test
FaceForensics++_C23/Deepfakes/914_899.mp4,914_899,899_914,1,Deepfakes,train
FaceForensics++_C23/Deepfakes/932_384.mp4,932_384,384_932,1,Deepfakes,test
FaceForensics++_C23/Deepfakes/935_733.mp4,935_733,733_935,1,Deepfakes,train
FaceForensics++_C23/Deepfakes/927_912.mp4,927_912,912_927,1,Deepfakes,val
FaceForensics++_C23/Deepfakes/928_160.mp4,928_160,160_928,1,Deepfakes,train
FaceForensics++_C23/Deepfakes/923_023.mp4,923_023,023_923,1,Deepfakes,val
FaceForensics++_C23/Deepfakes/918_934.mp4,918_934,918_934,1,Deepfakes,train
FaceForensics++_C23/Deepfakes/924_917.mp4,924_917,917_924,1,Deepfakes,test
FaceForensics++_C23/Deepfakes/925_933.mp4,925_933,925_933,1,Deepfakes,val
FaceForensics++_C23/Deepfakes/934_918.mp4,934_918,918_934,1,Deepfakes,train
FaceForensics++_C23/Deepfakes/926_900.mp4,926_900,900_926,1,Deepfakes,val
FaceForensics++_C23/Deepfakes/933_925.mp4,933_925,925_933,1,Deepfakes,val
FaceForensics++_C23/Deepfakes/930_763.mp4,930_763,763_930,1,Deepfakes,train
FaceForensics++_C23/Deepfakes/913_893.mp4,913_893,893_913,1,Deepfakes,train
FaceForensics++_C23/Deepfakes/936_931.mp4,936_931,931_936,1,Deepfakes,train
FaceForensics++_C23/Deepfakes/921_569.mp4,921_569,569_921,1,Deepfakes,train
FaceForensics++_C23/Deepfakes/929_962.mp4,929_962,929_962,1,Deepfakes,train
FaceForensics++_C23/Deepfakes/917_924.mp4,917_924,917_924,1,Deepfakes,test
FaceForensics++_C23/Deepfakes/916_783.mp4,916_783,783_916,1,Deepfakes,train
FaceForensics++_C23/Deepfakes/948_965.mp4,948_965,948_965,1,Deepfakes,train
FaceForensics++_C23/Deepfakes/938_987.mp4,938_987,938_987,1,Deepfakes,train
FaceForensics++_C23/Deepfakes/950_836.mp4,950_836,836_950,1,Deepfakes,train
FaceForensics++_C23/Deepfakes/951_947.mp4,951_947,947_951,1,Deepfakes,val
FaceForensics++_C23/Deepfakes/937_888.mp4,937_888,888_937,1,Deepfakes,train
FaceForensics++_C23/Deepfakes/947_951.mp4,947_951,947_951,1,Deepfakes,val
FaceForensics++_C23/Deepfakes/940_941.mp4,940_941,940_941,1,Deepfakes,train
FaceForensics++_C23/Deepfakes/952_882.mp4,952_882,882_952,1,Deepfakes,train
FaceForensics++_C23/Deepfakes/953_974.mp4,953_974,953_974,1,Deepfakes,test
FaceForensics++_C23/Deepfakes/949_868.mp4,949_868,868_949,1,Deepfakes,test
FaceForensics++_C23/Deepfakes/944_032.mp4,944_032,032_944,1,Deepfakes,train
FaceForensics++_C23/Deepfakes/942_943.mp4,942_943,942_943,1,Deepfakes,train
FaceForensics++_C23/Deepfakes/954_976.mp4,954_976,954_976,1,Deepfakes,train
FaceForensics++_C23/Deepfakes/943_942.mp4,943_942,942_943,1,Deepfakes,train
FaceForensics++_C23/Deepfakes/946_049.mp4,946_049,049_946,1,Deepfakes,train
FaceForensics++_C23/Deepfakes/941_940.mp4,941_940,940_941,1,Deepfakes,train
FaceForensics++_C23/Deepfakes/945_044.mp4,945_044,044_945,1,Deepfakes,test
FaceForensics++_C23/Deepfakes/939_115.mp4,939_115,115_939,1,Deepfakes,val
FaceForensics++_C23/Deepfakes/955_078.mp4,955_078,078_955,1,Deepfakes,test
FaceForensics++_C23/Deepfakes/965_948.mp4,965_948,948_965,1,Deepfakes,train
FaceForensics++_C23/Deepfakes/971_564.mp4,971_564,564_971,1,Deepfakes,val
FaceForensics++_C23/Deepfakes/970_973.mp4,970_973,970_973,1,Deepfakes,test
FaceForensics++_C23/Deepfakes/963_879.mp4,963_879,879_963,1,Deepfakes,train
FaceForensics++_C23/Deepfakes/967_984.mp4,967_984,967_984,1,Deepfakes,train
FaceForensics++_C23/Deepfakes/966_988.mp4,966_988,966_988,1,Deepfakes,train
FaceForensics++_C23/Deepfakes/972_718.mp4,972_718,718_972,1,Deepfakes,train
FaceForensics++_C23/Deepfakes/969_897.mp4,969_897,897_969,1,Deepfakes,train
FaceForensics++_C23/Deepfakes/964_174.mp4,964_174,174_964,1,Deepfakes,train
FaceForensics++_C23/Deepfakes/959_957.mp4,959_957,957_959,1,Deepfakes,train
FaceForensics++_C23/Deepfakes/956_958.mp4,956_958,956_958,1,Deepfakes,val
FaceForensics++_C23/Deepfakes/977_075.mp4,977_075,075_977,1,Deepfakes,train
FaceForensics++_C23/Deepfakes/975_978.mp4,975_978,975_978,1,Deepfakes,train
FaceForensics++_C23/Deepfakes/973_970.mp4,973_970,970_973,1,Deepfakes,test
FaceForensics++_C23/Deepfakes/958_956.mp4,958_956,956_958,1,Deepfakes,val
FaceForensics++_C23/Deepfakes/962_929.mp4,962_929,929_962,1,Deepfakes,train
FaceForensics++_C23/Deepfakes/974_953.mp4,974_953,953_974,1,Deepfakes,test
FaceForensics++_C23/Deepfakes/961_069.mp4,961_069,069_961,1,Deepfakes,train
FaceForensics++_C23/Deepfakes/976_954.mp4,976_954,954_976,1,Deepfakes,train
FaceForensics++_C23/Deepfakes/968_884.mp4,968_884,884_968,1,Deepfakes,train
FaceForensics++_C23/Deepfakes/957_959.mp4,957_959,957_959,1,Deepfakes,train
FaceForensics++_C23/Deepfakes/978_975.mp4,978_975,975_978,1,Deepfakes,train
FaceForensics++_C23/Deepfakes/960_999.mp4,960_999,960_999,1,Deepfakes,train
FaceForensics++_C23/Deepfakes/998_561.mp4,998_561,561_998,1,Deepfakes,train
FaceForensics++_C23/Deepfakes/982_004.mp4,982_004,004_982,1,Deepfakes,val
FaceForensics++_C23/Deepfakes/980_992.mp4,980_992,980_992,1,Deepfakes,val
FaceForensics++_C23/Deepfakes/983_113.mp4,983_113,113_983,1,Deepfakes,train
FaceForensics++_C23/Deepfakes/985_981.mp4,985_981,981_985,1,Deepfakes,train
FaceForensics++_C23/Deepfakes/993_989.mp4,993_989,989_993,1,Deepfakes,train
FaceForensics++_C23/Deepfakes/989_993.mp4,989_993,989_993,1,Deepfakes,train
FaceForensics++_C23/Deepfakes/999_960.mp4,999_960,960_999,1,Deepfakes,train
FaceForensics++_C23/Deepfakes/979_875.mp4,979_875,875_979,1,Deepfakes,val
FaceForensics++_C23/Deepfakes/987_938.mp4,987_938,938_987,1,Deepfakes,train
FaceForensics++_C23/Deepfakes/997_040.mp4,997_040,040_997,1,Deepfakes,train
FaceForensics++_C23/Deepfakes/994_986.mp4,994_986,986_994,1,Deepfakes,train
FaceForensics++_C23/Deepfakes/988_966.mp4,988_966,966_988,1,Deepfakes,train
FaceForensics++_C23/Deepfakes/984_967.mp4,984_967,967_984,1,Deepfakes,train
FaceForensics++_C23/Deepfakes/995_233.mp4,995_233,233_995,1,Deepfakes,test
FaceForensics++_C23/Deepfakes/981_985.mp4,981_985,981_985,1,Deepfakes,train
FaceForensics++_C23/Deepfakes/992_980.mp4,992_980,980_992,1,Deepfakes,val
FaceForensics++_C23/Deepfakes/991_064.mp4,991_064,064_991,1,Deepfakes,val
FaceForensics++_C23/Deepfakes/990_008.mp4,990_008,008_990,1,Deepfakes,train
FaceForensics++_C23/Deepfakes/986_994.mp4,986_994,986_994,1,Deepfakes,train
FaceForensics++_C23/Deepfakes/996_056.mp4,996_056,056_996,1,Deepfakes,train
FaceForensics++_C23/FaceSwap/022_489.mp4,022_489,022_489,1,FaceSwap,train
FaceForensics++_C23/FaceSwap/026_012.mp4,026_012,012_026,1,FaceSwap,test
FaceForensics++_C23/FaceSwap/031_163.mp4,031_163,031_163,1,FaceSwap,train
FaceForensics++_C23/FaceSwap/011_805.mp4,011_805,011_805,1,FaceSwap,train
FaceForensics++_C23/FaceSwap/014_790.mp4,014_790,014_790,1,FaceSwap,train
FaceForensics++_C23/FaceSwap/008_990.mp4,008_990,008_990,1,FaceSwap,train
FaceForensics++_C23/FaceSwap/015_919.mp4,015_919,015_919,1,FaceSwap,test
FaceForensics++_C23/FaceSwap/030_193.mp4,030_193,030_193,1,FaceSwap,train
FaceForensics++_C23/FaceSwap/036_035.mp4,036_035,035_036,1,FaceSwap,test
FaceForensics++_C23/FaceSwap/028_068.mp4,028_068,028_068,1,FaceSwap,train
FaceForensics++_C23/FaceSwap/007_132.mp4,007_132,007_132,1,FaceSwap,train
FaceForensics++_C23/FaceSwap/024_073.mp4,024_073,024_073,1,FaceSwap,test
FaceForensics++_C23/FaceSwap/033_097.mp4,033_097,033_097,1,FaceSwap,train
FaceForensics++_C23/FaceSwap/000_003.mp4,000_003,000_003,1,FaceSwap,test
FaceForensics++_C23/FaceSwap/010_005.mp4,010_005,005_010,1,FaceSwap,train
FaceForensics++_C23/FaceSwap/019_018.mp4,019_018,018_019,1,FaceSwap,train
FaceForensics++_C23/FaceSwap/016_209.mp4,016_209,016_209,1,FaceSwap,train
FaceForensics++_C23/FaceSwap/020_344.mp4,020_344,020_344,1,FaceSwap,train
FaceForensics++_C23/FaceSwap/003_000.mp4,003_000,000_003,1,FaceSwap,test
FaceForensics++_C23/FaceSwap/009_027.mp4,009_027,009_027,1,FaceSwap,train
FaceForensics++_C23/FaceSwap/001_870.mp4,001_870,001_870,1,FaceSwap,train
FaceForensics++_C23/FaceSwap/027_009.mp4,027_009,009_027,1,FaceSwap,train
FaceForensics++_C23/FaceSwap/005_010.mp4,005_010,005_010,1,FaceSwap,train
FaceForensics++_C23/FaceSwap/006_002.mp4,006_002,002_006,1,FaceSwap,train
FaceForensics++_C23/FaceSwap/034_590.mp4,034_590,034_590,1,FaceSwap,train
FaceForensics++_C23/FaceSwap/018_019.mp4,018_019,018_019,1,FaceSwap,train
FaceForensics++_C23/FaceSwap/029_048.mp4,029_048,029_048,1,FaceSwap,test
FaceForensics++_C23/FaceSwap/032_944.mp4,032_944,032_944,1,FaceSwap,train
FaceForensics++_C23/FaceSwap/017_803.mp4,017_803,017_803,1,FaceSwap,train
FaceForensics++_C23/FaceSwap/013_883.mp4,013_883,013_883,1,FaceSwap,train
FaceForensics++_C23/FaceSwap/002_006.mp4,002_006,002_006,1,FaceSwap,train
FaceForensics++_C23/FaceSwap/035_036.mp4,035_036,035_036,1,FaceSwap,test
FaceForensics++_C23/FaceSwap/004_982.mp4,004_982,004_982,1,FaceSwap,val
FaceForensics++_C23/FaceSwap/023_923.mp4,023_923,023_923,1,FaceSwap,val
FaceForensics++_C23/FaceSwap/025_067.mp4,025_067,025_067,1,FaceSwap,train
FaceForensics++_C23/FaceSwap/021_312.mp4,021_312,021_312,1,FaceSwap,train
FaceForensics++_C23/FaceSwap/012_026.mp4,012_026,012_026,1,FaceSwap,test
FaceForensics++_C23/FaceSwap/051_332.mp4,051_332,051_332,1,FaceSwap,train
FaceForensics++_C23/FaceSwap/059_050.mp4,059_050,050_059,1,FaceSwap,train
FaceForensics++_C23/FaceSwap/047_862.mp4,047_862,047_862,1,FaceSwap,test
FaceForensics++_C23/FaceSwap/056_996.mp4,056_996,056_996,1,FaceSwap,train
FaceForensics++_C23/FaceSwap/039_058.mp4,039_058,039_058,1,FaceSwap,train
FaceForensics++_C23/FaceSwap/057_070.mp4,057_070,057_070,1,FaceSwap,train
FaceForensics++_C23/FaceSwap/054_071.mp4,054_071,054_071,1,FaceSwap,train
FaceForensics++_C23/FaceSwap/042_084.mp4,042_084,042_084,1,FaceSwap,val
FaceForensics++_C23/FaceSwap/066_062.mp4,066_062,062_066,1,FaceSwap,train
FaceForensics++_C23/FaceSwap/048_029.mp4,048_029,029_048,1,FaceSwap,test
FaceForensics++_C23/FaceSwap/065_089.mp4,065_089,065_089,1,FaceSwap,train
FaceForensics++_C23/FaceSwap/040_997.mp4,040_997,040_997,1,FaceSwap,train
FaceForensics++_C23/FaceSwap/046_904.mp4,046_904,046_904,1,FaceSwap,val
FaceForensics++_C23/FaceSwap/068_028.mp4,068_028,028_068,1,FaceSwap,train
FaceForensics++_C23/FaceSwap/064_991.mp4,064_991,064_991,1,FaceSwap,val
FaceForensics++_C23/FaceSwap/053_095.mp4,053_095,053_095,1,FaceSwap,train
FaceForensics++_C23/FaceSwap/044_945.mp4,044_945,044_945,1,FaceSwap,test
FaceForensics++_C23/FaceSwap/062_066.mp4,062_066,062_066,1,FaceSwap,train
FaceForensics++_C23/FaceSwap/067_025.mp4,067_025,025_067,1,FaceSwap,train
FaceForensics++_C23/FaceSwap/052_108.mp4,052_108,052_108,1,FaceSwap,train
FaceForensics++_C23/FaceSwap/038_125.mp4,038_125,038_125,1,FaceSwap,train
FaceForensics++_C23/FaceSwap/045_889.mp4,045_889,045_889,1,FaceSwap,train
FaceForensics++_C23/FaceSwap/060_088.mp4,060_088,060_088,1,FaceSwap,train
FaceForensics++_C23/FaceSwap/058_039.mp4,058_039,039_058,1,FaceSwap,train
FaceForensics++_C23/FaceSwap/041_063.mp4,041_063,041_063,1,FaceSwap,train
FaceForensics++_C23/FaceSwap/063_041.mp4,063_041,041_063,1,FaceSwap,train
FaceForensics++_C23/FaceSwap/049_946.mp4,049_946,049_946,1,FaceSwap,train
FaceForensics++_C23/FaceSwap/061_080.mp4,061_080,061_080,1,FaceSwap,train
FaceForensics++_C23/FaceSwap/050_059.mp4,050_059,050_059,1,FaceSwap,train
FaceForensics++_C23/FaceSwap/055_147.mp4,055_147,055_147,1,FaceSwap,train
FaceForensics++_C23/FaceSwap/037_072.mp4,037_072,037_072,1,FaceSwap,train
FaceForensics++_C23/FaceSwap/043_110.mp4,043_110,043_110,1,FaceSwap,train
FaceForensics++_C23/FaceSwap/074_825.mp4,074_825,074_825,1,FaceSwap,train
FaceForensics++_C23/FaceSwap/085_124.mp4,085_124,085_124,1,FaceSwap,train
FaceForensics++_C23/FaceSwap/094_111.mp4,094_111,094_111,1,FaceSwap,train
FaceForensics++_C23/FaceSwap/073_024.mp4,073_024,024_073,1,FaceSwap,test
FaceForensics++_C23/FaceSwap/080_061.mp4,080_061,061_080,1,FaceSwap,train
FaceForensics++_C23/FaceSwap/084_042.mp4,084_042,042_084,1,FaceSwap,val
FaceForensics++_C23/FaceSwap/072_037.mp4,072_037,037_072,1,FaceSwap,train
FaceForensics++_C23/FaceSwap/088_060.mp4,088_060,060_088,1,FaceSwap,train
FaceForensics++_C23/FaceSwap/077_100.mp4,077_100,077_100,1,FaceSwap,train
FaceForensics++_C23/FaceSwap/079_076.mp4,079_076,076_079,1,FaceSwap,train
FaceForensics++_C23/FaceSwap/082_103.mp4,082_103,082_103,1,FaceSwap,train
FaceForensics++_C23/FaceSwap/091_116.mp4,091_116,091_116,1,FaceSwap,val
FaceForensics++_C23/FaceSwap/071_054.mp4,071_054,054_071,1,FaceSwap,train
FaceForensics++_C23/FaceSwap/089_065.mp4,089_065,065_089,1,FaceSwap,train
FaceForensics++_C23/FaceSwap/078_955.mp4,078_955,078_955,1,FaceSwap,test
FaceForensics++_C23/FaceSwap/086_090.mp4,086_090,086_090,1,FaceSwap,train
FaceForensics++_C23/FaceSwap/076_079.mp4,076_079,076_079,1,FaceSwap,train
FaceForensics++_C23/FaceSwap/069_961.mp4,069_961,069_961,1,FaceSwap,train
FaceForensics++_C23/FaceSwap/092_098.mp4,092_098,092_098,1,FaceSwap,train
FaceForensics++_C23/FaceSwap/093_121.mp4,093_121,093_121,1,FaceSwap,train
FaceForensics++_C23/FaceSwap/081_087.mp4,081_087,081_087,1,FaceSwap,train
FaceForensics++_C23/FaceSwap/075_977.mp4,075_977,075_977,1,FaceSwap,train
FaceForensics++_C23/FaceSwap/087_081.mp4,087_081,081_087,1,FaceSwap,train
FaceForensics++_C23/FaceSwap/090_086.mp4,090_086,086_090,1,FaceSwap,train
FaceForensics++_C23/FaceSwap/083_213.mp4,083_213,083_213,1,FaceSwap,train
FaceForensics++_C23/FaceSwap/070_057.mp4,070_057,057_070,1,FaceSwap,train
FaceForensics++_C23/FaceSwap/105_180.mp4,105_180,105_180,1,FaceSwap,train
FaceForensics++_C23/FaceSwap/121_093.mp4,121_093,093_121,1,FaceSwap,train
FaceForensics++_C23/FaceSwap/111_094.mp4,111_094,094_111,1,FaceSwap,train
FaceForensics++_C23/FaceSwap/114_102.mp4,114_102,102_114,1,FaceSwap,test
FaceForensics++_C23/FaceSwap/108_052.mp4,108_052,052_108,1,FaceSwap,train
FaceForensics++_C23/FaceSwap/116_091.mp4,116_091,091_116,1,FaceSwap,val
FaceForensics++_C23/FaceSwap/095_053.mp4,095_053,053_095,1,FaceSwap,train
FaceForensics++_C23/FaceSwap/104_126.mp4,104_126,104_126,1,FaceSwap,val
FaceForensics++_C23/FaceSwap/096_101.mp4,096_101,096_101,1,FaceSwap,train
FaceForensics++_C23/FaceSwap/106_198.mp4,106_198,106_198,1,FaceSwap,val
FaceForensics++_C23/FaceSwap/118_120.mp4,118_120,118_120,1,FaceSwap,train
FaceForensics++_C23/FaceSwap/100_077.mp4,100_077,077_100,1,FaceSwap,train
FaceForensics++_C23/FaceSwap/115_939.mp4,115_939,115_939,1,FaceSwap,val
FaceForensics++_C23/FaceSwap/112_892.mp4,112_892,112_892,1,FaceSwap,train
FaceForensics++_C23/FaceSwap/102_114.mp4,102_114,102_114,1,FaceSwap,test
FaceForensics++_C23/FaceSwap/110_043.mp4,110_043,043_110,1,FaceSwap,train
FaceForensics++_C23/FaceSwap/117_217.mp4,117_217,117_217,1,FaceSwap,train
FaceForensics++_C23/FaceSwap/107_109.mp4,107_109,107_109,1,FaceSwap,train
FaceForensics++_C23/FaceSwap/119_123.mp4,119_123,119_123,1,FaceSwap,train
FaceForensics++_C23/FaceSwap/120_118.mp4,120_118,118_120,1,FaceSwap,train
FaceForensics++_C23/FaceSwap/113_983.mp4,113_983,113_983,1,FaceSwap,train
FaceForensics++_C23/FaceSwap/097_033.mp4,097_033,033_097,1,FaceSwap,train
FaceForensics++_C23/FaceSwap/101_096.mp4,101_096,096_101,1,FaceSwap,train
FaceForensics++_C23/FaceSwap/103_082.mp4,103_082,082_103,1,FaceSwap,train
FaceForensics++_C23/FaceSwap/099_295.mp4,099_295,099_295,1,FaceSwap,train
FaceForensics++_C23/FaceSwap/109_107.mp4,109_107,107_109,1,FaceSwap,train
FaceForensics++_C23/FaceSwap/098_092.mp4,098_092,092_098,1,FaceSwap,train
FaceForensics++_C23/FaceSwap/133_148.mp4,133_148,133_148,1,FaceSwap,train
FaceForensics++_C23/FaceSwap/141_161.mp4,141_161,141_161,1,FaceSwap,test
FaceForensics++_C23/FaceSwap/126_104.mp4,126_104,104_126,1,FaceSwap,val
FaceForensics++_C23/FaceSwap/122_144.mp4,122_144,122_144,1,FaceSwap,train
FaceForensics++_C23/FaceSwap/140_143.mp4,140_143,140_143,1,FaceSwap,train
FaceForensics++_C23/FaceSwap/136_285.mp4,136_285,136_285,1,FaceSwap,train
FaceForensics++_C23/FaceSwap/157_245.mp4,157_245,157_245,1,FaceSwap,val
FaceForensics++_C23/FaceSwap/129_127.mp4,129_127,127_129,1,FaceSwap,train
FaceForensics++_C23/FaceSwap/135_880.mp4,135_880,135_880,1,FaceSwap,test
FaceForensics++_C23/FaceSwap/132_007.mp4,132_007,007_132,1,FaceSwap,train
FaceForensics++_C23/FaceSwap/150_153.mp4,150_153,150_153,1,FaceSwap,train
FaceForensics++_C23/FaceSwap/139_130.mp4,139_130,130_139,1,FaceSwap,train
FaceForensics++_C23/FaceSwap/128_896.mp4,128_896,128_896,1,FaceSwap,test
FaceForensics++_C23/FaceSwap/154_386.mp4,154_386,154_386,1,FaceSwap,test
FaceForensics++_C23/FaceSwap/147_055.mp4,147_055,055_147,1,FaceSwap,train
FaceForensics++_C23/FaceSwap/134_192.mp4,134_192,134_192,1,FaceSwap,val
FaceForensics++_C23/FaceSwap/124_085.mp4,124_085,085_124,1,FaceSwap,train
FaceForensics++_C23/FaceSwap/152_149.mp4,152_149,149_152,1,FaceSwap,train
FaceForensics++_C23/FaceSwap/151_225.mp4,151_225,151_225,1,FaceSwap,train
FaceForensics++_C23/FaceSwap/137_165.mp4,137_165,137_165,1,FaceSwap,train
FaceForensics++_C23/FaceSwap/138_142.mp4,138_142,138_142,1,FaceSwap,test
FaceForensics++_C23/FaceSwap/144_122.mp4,144_122,122_144,1,FaceSwap,train
FaceForensics++_C23/FaceSwap/146_256.mp4,146_256,146_256,1,FaceSwap,train
FaceForensics++_C23/FaceSwap/131_518.mp4,131_518,131_518,1,FaceSwap,train
FaceForensics++_C23/FaceSwap/153_150.mp4,153_150,150_153,1,FaceSwap,train
FaceForensics++_C23/FaceSwap/125_038.mp4,125_038,038_125,1,FaceSwap,train
FaceForensics++_C23/FaceSwap/142_138.mp4,142_138,138_142,1,FaceSwap,test
FaceForensics++_C23/FaceSwap/158_379.mp4,158_379,158_379,1,FaceSwap,test
FaceForensics++_C23/FaceSwap/156_243.mp4,156_243,156_243,1,FaceSwap,train
FaceForensics++_C23/FaceSwap/148_133.mp4,148_133,133_148,1,FaceSwap,train
FaceForensics++_C23/FaceSwap/149_152.mp4,149_152,149_152,1,FaceSwap,train
FaceForensics++_C23/FaceSwap/155_576.mp4,155_576,155_576,1,FaceSwap,train
FaceForensics++_C23/FaceSwap/127_129.mp4,127_129,127_129,1,FaceSwap,train
FaceForensics++_C23/FaceSwap/123_119.mp4,123_119,119_123,1,FaceSwap,train
FaceForensics++_C23/FaceSwap/143_140.mp4,143_140,140_143,1,FaceSwap,train
FaceForensics++_C23/FaceSwap/130_139.mp4,130_139,130_139,1,FaceSwap,train
FaceForensics++_C23/FaceSwap/145_299.mp4,145_299,145_299,1,FaceSwap,val
FaceForensics++_C23/FaceSwap/163_031.mp4,163_031,031_163,1,FaceSwap,train
FaceForensics++_C23/FaceSwap/160_928.mp4,160_928,160_928,1,FaceSwap,train
FaceForensics++_C23/FaceSwap/177_211.mp4,177_211,177_211,1,FaceSwap,train
FaceForensics++_C23/FaceSwap/159_175.mp4,159_175,159_175,1,FaceSwap,val
FaceForensics++_C23/FaceSwap/172_582.mp4,172_582,172_582,1,FaceSwap,train
FaceForensics++_C23/FaceSwap/174_964.mp4,174_964,174_964,1,FaceSwap,train
FaceForensics++_C23/FaceSwap/181_199.mp4,181_199,181_199,1,FaceSwap,train
FaceForensics++_C23/FaceSwap/164_216.mp4,164_216,164_216,1,FaceSwap,train
FaceForensics++_C23/FaceSwap/165_137.mp4,165_137,137_165,1,FaceSwap,train
FaceForensics++_C23/FaceSwap/162_330.mp4,162_330,162_330,1,FaceSwap,train
FaceForensics++_C23/FaceSwap/183_253.mp4,183_253,183_253,1,FaceSwap,train
FaceForensics++_C23/FaceSwap/178_598.mp4,178_598,178_598,1,FaceSwap,train
FaceForensics++_C23/FaceSwap/170_186.mp4,170_186,170_186,1,FaceSwap,test
FaceForensics++_C23/FaceSwap/169_227.mp4,169_227,169_227,1,FaceSwap,test
FaceForensics++_C23/FaceSwap/168_222.mp4,168_222,168_222,1,FaceSwap,train
FaceForensics++_C23/FaceSwap/176_190.mp4,176_190,176_190,1,FaceSwap,test
FaceForensics++_C23/FaceSwap/171_173.mp4,171_173,171_173,1,FaceSwap,train
FaceForensics++_C23/FaceSwap/184_205.mp4,184_205,184_205,1,FaceSwap,train
FaceForensics++_C23/FaceSwap/175_159.mp4,175_159,159_175,1,FaceSwap,val
FaceForensics++_C23/FaceSwap/186_170.mp4,186_170,170_186,1,FaceSwap,test
FaceForensics++_C23/FaceSwap/180_105.mp4,180_105,105_180,1,FaceSwap,train
FaceForensics++_C23/FaceSwap/166_167.mp4,166_167,166_167,1,FaceSwap,train
FaceForensics++_C23/FaceSwap/161_141.mp4,161_141,141_161,1,FaceSwap,test
FaceForensics++_C23/FaceSwap/167_166.mp4,167_166,166_167,1,FaceSwap,train
FaceForensics++_C23/FaceSwap/185_276.mp4,185_276,185_276,1,FaceSwap,train
FaceForensics++_C23/FaceSwap/182_242.mp4,182_242,182_242,1,FaceSwap,train
FaceForensics++_C23/FaceSwap/173_171.mp4,173_171,171_173,1,FaceSwap,train
FaceForensics++_C23/FaceSwap/179_212.mp4,179_212,179_212,1,FaceSwap,train
FaceForensics++_C23/FaceSwap/204_230.mp4,204_230,204_230,1,FaceSwap,train
FaceForensics++_C23/FaceSwap/208_215.mp4,208_215,208_215,1,FaceSwap,train
FaceForensics++_C23/FaceSwap/209_016.mp4,209_016,016_209,1,FaceSwap,train
FaceForensics++_C23/FaceSwap/210_241.mp4,210_241,210_241,1,FaceSwap,train
FaceForensics++_C23/FaceSwap/193_030.mp4,193_030,030_193,1,FaceSwap,train
FaceForensics++_C23/FaceSwap/197_224.mp4,197_224,197_224,1,FaceSwap,train
FaceForensics++_C23/FaceSwap/187_234.mp4,187_234,187_234,1,FaceSwap,train
FaceForensics++_C23/FaceSwap/203_201.mp4,203_201,201_203,1,FaceSwap,train
FaceForensics++_C23/FaceSwap/206_221.mp4,206_221,206_221,1,FaceSwap,train
FaceForensics++_C23/FaceSwap/190_176.mp4,190_176,176_190,1,FaceSwap,test
FaceForensics++_C23/FaceSwap/202_348.mp4,202_348,202_348,1,FaceSwap,train
FaceForensics++_C23/FaceSwap/198_106.mp4,198_106,106_198,1,FaceSwap,val
FaceForensics++_C23/FaceSwap/195_442.mp4,195_442,195_442,1,FaceSwap,train
FaceForensics++_C23/FaceSwap/205_184.mp4,205_184,184_205,1,FaceSwap,train
FaceForensics++_C23/FaceSwap/207_908.mp4,207_908,207_908,1,FaceSwap,train
FaceForensics++_C23/FaceSwap/191_188.mp4,191_188,188_191,1,FaceSwap,train
FaceForensics++_C23/FaceSwap/213_083.mp4,213_083,083_213,1,FaceSwap,train
FaceForensics++_C23/FaceSwap/214_255.mp4,214_255,214_255,1,FaceSwap,test
FaceForensics++_C23/FaceSwap/199_181.mp4,199_181,181_199,1,FaceSwap,train
FaceForensics++_C23/FaceSwap/201_203.mp4,201_203,201_203,1,FaceSwap,train
FaceForensics++_C23/FaceSwap/188_191.mp4,188_191,188_191,1,FaceSwap,train
FaceForensics++_C23/FaceSwap/196_310.mp4,196_310,196_310,1,FaceSwap,train
FaceForensics++_C23/FaceSwap/189_200.mp4,189_200,189_200,1,FaceSwap,train
FaceForensics++_C23/FaceSwap/200_189.mp4,200_189,189_200,1,FaceSwap,train
FaceForensics++_C23/FaceSwap/194_235.mp4,194_235,194_235,1,FaceSwap,train
FaceForensics++_C23/FaceSwap/192_134.mp4,192_134,134_192,1,FaceSwap,val
FaceForensics++_C23/FaceSwap/212_179.mp4,212_179,179_212,1,FaceSwap,train
FaceForensics++_C23/FaceSwap/211_177.mp4,211_177,177_211,1,FaceSwap,train
FaceForensics++_C23/FaceSwap/215_208.mp4,215_208,208_215,1,FaceSwap,train
FaceForensics++_C23/FaceSwap/235_194.mp4,235_194,194_235,1,FaceSwap,train
FaceForensics++_C23/FaceSwap/245_157.mp4,245_157,157_245,1,FaceSwap,val
FaceForensics++_C23/FaceSwap/243_156.mp4,243_156,156_243,1,FaceSwap,train
FaceForensics++_C23/FaceSwap/240_290.mp4,240_290,240_290,1,FaceSwap,train
FaceForensics++_C23/FaceSwap/222_168.mp4,222_168,168_222,1,FaceSwap,train
FaceForensics++_C23/FaceSwap/244_822.mp4,244_822,244_822,1,FaceSwap,train
FaceForensics++_C23/FaceSwap/234_187.mp4,234_187,187_234,1,FaceSwap,train
FaceForensics++_C23/FaceSwap/224_197.mp4,224_197,197_224,1,FaceSwap,train
FaceForensics++_C23/FaceSwap/228_289.mp4,228_289,228_289,1,FaceSwap,train
FaceForensics++_C23/FaceSwap/239_218.mp4,239_218,218_239,1,FaceSwap,train
FaceForensics++_C23/FaceSwap/238_282.mp4,238_282,238_282,1,FaceSwap,train
FaceForensics++_C23/FaceSwap/217_117.mp4,217_117,117_217,1,FaceSwap,train
FaceForensics++_C23/FaceSwap/232_248.mp4,232_248,232_248,1,FaceSwap,train
FaceForensics++_C23/FaceSwap/223_586.mp4,223_586,223_586,1,FaceSwap,val
FaceForensics++_C23/FaceSwap/216_164.mp4,216_164,164_216,1,FaceSwap,train
FaceForensics++_C23/FaceSwap/241_210.mp4,241_210,210_241,1,FaceSwap,train
FaceForensics++_C23/FaceSwap/242_182.mp4,242_182,182_242,1,FaceSwap,train
FaceForensics++_C23/FaceSwap/233_995.mp4,233_995,233_995,1,FaceSwap,test
FaceForensics++_C23/FaceSwap/229_247.mp4,229_247,229_247,1,FaceSwap,train
FaceForensics++_C23/FaceSwap/225_151.mp4,225_151,151_225,1,FaceSwap,train
FaceForensics++_C23/FaceSwap/237_236.mp4,237_236,236_237,1,FaceSwap,train
FaceForensics++_C23/FaceSwap/220_219.mp4,220_219,219_220,1,FaceSwap,test
FaceForensics++_C23/FaceSwap/218_239.mp4,218_239,218_239,1,FaceSwap,train
FaceForensics++_C23/FaceSwap/230_204.mp4,230_204,204_230,1,FaceSwap,train
FaceForensics++_C23/FaceSwap/236_237.mp4,236_237,236_237,1,FaceSwap,train
FaceForensics++_C23/FaceSwap/231_663.mp4,231_663,231_663,1,FaceSwap,train
FaceForensics++_C23/FaceSwap/227_169.mp4,227_169,169_227,1,FaceSwap,test
FaceForensics++_C23/FaceSwap/221_206.mp4,221_206,206_221,1,FaceSwap,train
FaceForensics++_C23/FaceSwap/219_220.mp4,219_220,219_220,1,FaceSwap,test
FaceForensics++_C23/FaceSwap/226_491.mp4,226_491,226_491,1,FaceSwap,train
FaceForensics++_C23/FaceSwap/262_301.mp4,262_301,262_301,1,FaceSwap,train
FaceForensics++_C23/FaceSwap/261_254.mp4,261_254,254_261,1,FaceSwap,val
FaceForensics++_C23/FaceSwap/251_375.mp4,251_375,251_375,1,FaceSwap,train
FaceForensics++_C23/FaceSwap/266_252.mp4,266_252,252_266,1,FaceSwap,train
FaceForensics++_C23/FaceSwap/260_331.mp4,260_331,260_331,1,FaceSwap,train
FaceForensics++_C23/FaceSwap/246_258.mp4,246_258,246_258,1,FaceSwap,train
FaceForensics++_C23/FaceSwap/257_420.mp4,257_420,257_420,1,FaceSwap,test
FaceForensics++_C23/FaceSwap/269_268.mp4,269_268,268_269,1,FaceSwap,train
FaceForensics++_C23/FaceSwap/271_264.mp4,271_264,264_271,1,FaceSwap,train
FaceForensics++_C23/FaceSwap/267_286.mp4,267_286,267_286,1,FaceSwap,train
FaceForensics++_C23/FaceSwap/248_232.mp4,248_232,232_248,1,FaceSwap,train
FaceForensics++_C23/FaceSwap/272_396.mp4,272_396,272_396,1,FaceSwap,train
FaceForensics++_C23/FaceSwap/273_807.mp4,273_807,273_807,1,FaceSwap,val
FaceForensics++_C23/FaceSwap/268_269.mp4,268_269,268_269,1,FaceSwap,train
FaceForensics++_C23/FaceSwap/254_261.mp4,254_261,254_261,1,FaceSwap,val
FaceForensics++_C23/FaceSwap/253_183.mp4,253_183,183_253,1,FaceSwap,train
FaceForensics++_C23/FaceSwap/265_475.mp4,265_475,265_475,1,FaceSwap,train
FaceForensics++_C23/FaceSwap/255_214.mp4,255_214,214_255,1,FaceSwap,test
FaceForensics++_C23/FaceSwap/264_271.mp4,264_271,264_271,1,FaceSwap,train
FaceForensics++_C23/FaceSwap/259_345.mp4,259_345,259_345,1,FaceSwap,train
FaceForensics++_C23/FaceSwap/258_246.mp4,258_246,246_258,1,FaceSwap,train
FaceForensics++_C23/FaceSwap/274_412.mp4,274_412,274_412,1,FaceSwap,train
FaceForensics++_C23/FaceSwap/250_461.mp4,250_461,250_461,1,FaceSwap,train
FaceForensics++_C23/FaceSwap/263_284.mp4,263_284,263_284,1,FaceSwap,val
FaceForensics++_C23/FaceSwap/256_146.mp4,256_146,146_256,1,FaceSwap,train
FaceForensics++_C23/FaceSwap/249_280.mp4,249_280,249_280,1,FaceSwap,test
FaceForensics++_C23/FaceSwap/270_297.mp4,270_297,270_297,1,FaceSwap,train
FaceForensics++_C23/FaceSwap/252_266.mp4,252_266,252_266,1,FaceSwap,train
FaceForensics++_C23/FaceSwap/247_229.mp4,247_229,229_247,1,FaceSwap,train
FaceForensics++_C23/FaceSwap/306_278.mp4,306_278,278_306,1,FaceSwap,test
FaceForensics++_C23/FaceSwap/289_228.mp4,289_228,228_289,1,FaceSwap,train
FaceForensics++_C23/FaceSwap/278_306.mp4,278_306,278_306,1,FaceSwap,test
FaceForensics++_C23/FaceSwap/282_238.mp4,282_238,238_282,1,FaceSwap,train
FaceForensics++_C23/FaceSwap/293_296.mp4,293_296,293_296,1,FaceSwap,train
FaceForensics++_C23/FaceSwap/287_426.mp4,287_426,287_426,1,FaceSwap,train
FaceForensics++_C23/FaceSwap/291_874.mp4,291_874,291_874,1,FaceSwap,train
FaceForensics++_C23/FaceSwap/304_300.mp4,304_300,300_304,1,FaceSwap,train
FaceForensics++_C23/FaceSwap/290_240.mp4,290_240,240_290,1,FaceSwap,train
FaceForensics++_C23/FaceSwap/288_321.mp4,288_321,288_321,1,FaceSwap,test
FaceForensics++_C23/FaceSwap/275_887.mp4,275_887,275_887,1,FaceSwap,train
FaceForensics++_C23/FaceSwap/302_323.mp4,302_323,302_323,1,FaceSwap,train
FaceForensics++_C23/FaceSwap/296_293.mp4,296_293,293_296,1,FaceSwap,train
FaceForensics++_C23/FaceSwap/280_249.mp4,280_249,249_280,1,FaceSwap,test
FaceForensics++_C23/FaceSwap/277_335.mp4,277_335,277_335,1,FaceSwap,train
FaceForensics++_C23/FaceSwap/276_185.mp4,276_185,185_276,1,FaceSwap,train
FaceForensics++_C23/FaceSwap/305_513.mp4,305_513,305_513,1,FaceSwap,train
FaceForensics++_C23/FaceSwap/284_263.mp4,284_263,263_284,1,FaceSwap,val
FaceForensics++_C23/FaceSwap/281_474.mp4,281_474,281_474,1,FaceSwap,train
FaceForensics++_C23/FaceSwap/295_099.mp4,295_099,099_295,1,FaceSwap,train
FaceForensics++_C23/FaceSwap/301_262.mp4,301_262,262_301,1,FaceSwap,train
FaceForensics++_C23/FaceSwap/279_298.mp4,279_298,279_298,1,FaceSwap,train
FaceForensics++_C23/FaceSwap/303_309.mp4,303_309,303_309,1,FaceSwap,train
FaceForensics++_C23/FaceSwap/294_292.mp4,294_292,292_294,1,FaceSwap,train
FaceForensics++_C23/FaceSwap/299_145.mp4,299_145,145_299,1,FaceSwap,val
FaceForensics++_C23/FaceSwap/283_313.mp4,283_313,283_313,1,FaceSwap,train
FaceForensics++_C23/FaceSwap/307_365.mp4,307_365,307_365,1,FaceSwap,train
FaceForensics++_C23/FaceSwap/297_270.mp4,297_270,270_297,1,FaceSwap,train
FaceForensics++_C23/FaceSwap/285_136.mp4,285_136,136_285,1,FaceSwap,train
FaceForensics++_C23/FaceSwap/292_294.mp4,292_294,292_294,1,FaceSwap,train
FaceForensics++_C23/FaceSwap/298_279.mp4,298_279,279_298,1,FaceSwap,train
FaceForensics++_C23/FaceSwap/300_304.mp4,300_304,300_304,1,FaceSwap,train
FaceForensics++_C23/FaceSwap/286_267.mp4,286_267,267_286,1,FaceSwap,train
FaceForensics++_C23/FaceSwap/333_377.mp4,333_377,333_377,1,FaceSwap,train
FaceForensics++_C23/FaceSwap/311_387.mp4,311_387,311_387,1,FaceSwap,train
FaceForensics++_C23/FaceSwap/323_302.mp4,323_302,302_323,1,FaceSwap,train
FaceForensics++_C23/FaceSwap/317_359.mp4,317_359,317_359,1,FaceSwap,train
FaceForensics++_C23/FaceSwap/326_501.mp4,326_501,326_501,1,FaceSwap,train
FaceForensics++_C23/FaceSwap/338_336.mp4,338_336,336_338,1,FaceSwap,train
FaceForensics++_C23/FaceSwap/314_347.mp4,314_347,314_347,1,FaceSwap,test
FaceForensics++_C23/FaceSwap/336_338.mp4,336_338,336_338,1,FaceSwap,train
FaceForensics++_C23/FaceSwap/322_315.mp4,322_315,315_322,1,FaceSwap,train
FaceForensics++_C23/FaceSwap/335_277.mp4,335_277,277_335,1,FaceSwap,train
FaceForensics++_C23/FaceSwap/340_341.mp4,340_341,340_341,1,FaceSwap,train
FaceForensics++_C23/FaceSwap/309_303.mp4,309_303,303_309,1,FaceSwap,train
FaceForensics++_C23/FaceSwap/331_260.mp4,331_260,260_331,1,FaceSwap,train
FaceForensics++_C23/FaceSwap/329_327.mp4,329_327,327_329,1,FaceSwap,train
FaceForensics++_C23/FaceSwap/316_369.mp4,316_369,316_369,1,FaceSwap,val
FaceForensics++_C23/FaceSwap/313_283.mp4,313_283,283_313,1,FaceSwap,train
FaceForensics++_C23/FaceSwap/339_392.mp4,339_392,339_392,1,FaceSwap,train
FaceForensics++_C23/FaceSwap/334_318.mp4,334_318,318_334,1,FaceSwap,train
FaceForensics++_C23/FaceSwap/324_356.mp4,324_356,324_356,1,FaceSwap,train
FaceForensics++_C23/FaceSwap/310_196.mp4,310_196,196_310,1,FaceSwap,train
FaceForensics++_C23/FaceSwap/332_051.mp4,332_051,051_332,1,FaceSwap,train
FaceForensics++_C23/FaceSwap/321_288.mp4,321_288,288_321,1,FaceSwap,test
FaceForensics++_C23/FaceSwap/315_322.mp4,315_322,315_322,1,FaceSwap,train
FaceForensics++_C23/FaceSwap/327_329.mp4,327_329,327_329,1,FaceSwap,train
FaceForensics++_C23/FaceSwap/318_334.mp4,318_334,318_334,1,FaceSwap,train
FaceForensics++_C23/FaceSwap/319_352.mp4,319_352,319_352,1,FaceSwap,test
FaceForensics++_C23/FaceSwap/337_522.mp4,337_522,337_522,1,FaceSwap,train
FaceForensics++_C23/FaceSwap/320_328.mp4,320_328,320_328,1,FaceSwap,train
FaceForensics++_C23/FaceSwap/341_340.mp4,341_340,340_341,1,FaceSwap,train
FaceForensics++_C23/FaceSwap/328_320.mp4,328_320,320_328,1,FaceSwap,train
FaceForensics++_C23/FaceSwap/325_492.mp4,325_492,325_492,1,FaceSwap,val
FaceForensics++_C23/FaceSwap/308_388.mp4,308_388,308_388,1,FaceSwap,test
FaceForensics++_C23/FaceSwap/330_162.mp4,330_162,162_330,1,FaceSwap,train
FaceForensics++_C23/FaceSwap/312_021.mp4,312_021,021_312,1,FaceSwap,train
FaceForensics++_C23/FaceSwap/368_378.mp4,368_378,368_378,1,FaceSwap,train
FaceForensics++_C23/FaceSwap/373_394.mp4,373_394,373_394,1,FaceSwap,train
FaceForensics++_C23/FaceSwap/347_314.mp4,347_314,314_347,1,FaceSwap,test
FaceForensics++_C23/FaceSwap/353_383.mp4,353_383,353_383,1,FaceSwap,train
FaceForensics++_C23/FaceSwap/364_440.mp4,364_440,364_440,1,FaceSwap,val
FaceForensics++_C23/FaceSwap/370_483.mp4,370_483,370_483,1,FaceSwap,val
FaceForensics++_C23/FaceSwap/363_343.mp4,363_343,343_363,1,FaceSwap,train
FaceForensics++_C23/FaceSwap/360_437.mp4,360_437,360_437,1,FaceSwap,train
FaceForensics++_C23/FaceSwap/361_448.mp4,361_448,361_448,1,FaceSwap,train
FaceForensics++_C23/FaceSwap/356_324.mp4,356_324,324_356,1,FaceSwap,train
FaceForensics++_C23/FaceSwap/345_259.mp4,345_259,259_345,1,FaceSwap,train
FaceForensics++_C23/FaceSwap/344_020.mp4,344_020,020_344,1,FaceSwap,train
FaceForensics++_C23/FaceSwap/366_473.mp4,366_473,366_473,1,FaceSwap,train
FaceForensics++_C23/FaceSwap/348_202.mp4,348_202,202_348,1,FaceSwap,train
FaceForensics++_C23/FaceSwap/365_307.mp4,365_307,307_365,1,FaceSwap,train
FaceForensics++_C23/FaceSwap/351_346.mp4,351_346,346_351,1,FaceSwap,train
FaceForensics++_C23/FaceSwap/349_350.mp4,349_350,349_350,1,FaceSwap,val
FaceForensics++_C23/FaceSwap/358_380.mp4,358_380,358_380,1,FaceSwap,test
FaceForensics++_C23/FaceSwap/359_317.mp4,359_317,317_359,1,FaceSwap,train
FaceForensics++_C23/FaceSwap/367_371.mp4,367_371,367_371,1,FaceSwap,test
FaceForensics++_C23/FaceSwap/355_748.mp4,355_748,355_748,1,FaceSwap,train
FaceForensics++_C23/FaceSwap/357_432.mp4,357_432,357_432,1,FaceSwap,train
FaceForensics++_C23/FaceSwap/372_413.mp4,372_413,372_413,1,FaceSwap,train
FaceForensics++_C23/FaceSwap/346_351.mp4,346_351,346_351,1,FaceSwap,train
FaceForensics++_C23/FaceSwap/371_367.mp4,371_367,367_371,1,FaceSwap,test
FaceForensics++_C23/FaceSwap/362_354.mp4,362_354,354_362,1,FaceSwap,val
FaceForensics++_C23/FaceSwap/352_319.mp4,352_319,319_352,1,FaceSwap,test
FaceForensics++_C23/FaceSwap/342_416.mp4,342_416,342_416,1,FaceSwap,val
FaceForensics++_C23/FaceSwap/354_362.mp4,354_362,354_362,1,FaceSwap,val
FaceForensics++_C23/FaceSwap/343_363.mp4,343_363,343_363,1,FaceSwap,train
FaceForensics++_C23/FaceSwap/350_349.mp4,350_349,349_350,1,FaceSwap,val
FaceForensics++_C23/FaceSwap/369_316.mp4,369_316,316_369,1,FaceSwap,val
FaceForensics++_C23/FaceSwap/380_358.mp4,380_358,358_380,1,FaceSwap,test
FaceForensics++_C23/FaceSwap/393_405.mp4,393_405,393_405,1,FaceSwap,train
FaceForensics++_C23/FaceSwap/384_932.mp4,384_932,384_932,1,FaceSwap,test
FaceForensics++_C23/FaceSwap/390_709.mp4,390_709,390_709,1,FaceSwap,train
FaceForensics++_C23/FaceSwap/388_308.mp4,388_308,308_388,1,FaceSwap,test
FaceForensics++_C23/FaceSwap/394_373.mp4,394_373,373_394,1,FaceSwap,train
FaceForensics++_C23/FaceSwap/387_311.mp4,387_311,311_387,1,FaceSwap,train
FaceForensics++_C23/FaceSwap/389_480.mp4,389_480,389_480,1,FaceSwap,test
FaceForensics++_C23/FaceSwap/383_353.mp4,383_353,353_383,1,FaceSwap,train
FaceForensics++_C23/FaceSwap/395_401.mp4,395_401,395_401,1,FaceSwap,train
FaceForensics++_C23/FaceSwap/379_158.mp4,379_158,158_379,1,FaceSwap,test
FaceForensics++_C23/FaceSwap/375_251.mp4,375_251,251_375,1,FaceSwap,train
FaceForensics++_C23/FaceSwap/374_407.mp4,374_407,374_407,1,FaceSwap,train
FaceForensics++_C23/FaceSwap/382_409.mp4,382_409,382_409,1,FaceSwap,train
FaceForensics++_C23/FaceSwap/381_376.mp4,381_376,376_381,1,FaceSwap,test
FaceForensics++_C23/FaceSwap/378_368.mp4,378_368,368_378,1,FaceSwap,train
FaceForensics++_C23/FaceSwap/392_339.mp4,392_339,339_392,1,FaceSwap,train
FaceForensics++_C23/FaceSwap/398_457.mp4,398_457,398_457,1,FaceSwap,train
FaceForensics++_C23/FaceSwap/385_414.mp4,385_414,385_414,1,FaceSwap,train
FaceForensics++_C23/FaceSwap/391_406.mp4,391_406,391_406,1,FaceSwap,train
FaceForensics++_C23/FaceSwap/396_272.mp4,396_272,272_396,1,FaceSwap,train
FaceForensics++_C23/FaceSwap/397_602.mp4,397_602,397_602,1,FaceSwap,train
FaceForensics++_C23/FaceSwap/377_333.mp4,377_333,333_377,1,FaceSwap,train
FaceForensics++_C23/FaceSwap/386_154.mp4,386_154,154_386,1,FaceSwap,test
FaceForensics++_C23/FaceSwap/376_381.mp4,376_381,376_381,1,FaceSwap,test
FaceForensics++_C23/FaceSwap/399_488.mp4,399_488,399_488,1,FaceSwap,test
FaceForensics++_C23/FaceSwap/400_476.mp4,400_476,400_476,1,FaceSwap,train
FaceForensics++_C23/FaceSwap/415_484.mp4,415_484,415_484,1,FaceSwap,train
FaceForensics++_C23/FaceSwap/412_274.mp4,412_274,274_412,1,FaceSwap,train
FaceForensics++_C23/FaceSwap/401_395.mp4,401_395,395_401,1,FaceSwap,train
FaceForensics++_C23/FaceSwap/411_410.mp4,411_410,410_411,1,FaceSwap,train
FaceForensics++_C23/FaceSwap/403_497.mp4,403_497,403_497,1,FaceSwap,train
FaceForensics++_C23/FaceSwap/419_824.mp4,419_824,419_824,1,FaceSwap,val
FaceForensics++_C23/FaceSwap/407_374.mp4,407_374,374_407,1,FaceSwap,train
FaceForensics++_C23/FaceSwap/418_507.mp4,418_507,418_507,1,FaceSwap,test
FaceForensics++_C23/FaceSwap/414_385.mp4,414_385,385_414,1,FaceSwap,train
FaceForensics++_C23/FaceSwap/417_496.mp4,417_496,417_496,1,FaceSwap,train
FaceForensics++_C23/FaceSwap/405_393.mp4,405_393,393_405,1,FaceSwap,train
FaceForensics++_C23/FaceSwap/408_424.mp4,408_424,408_424,1,FaceSwap,train
FaceForensics++_C23/FaceSwap/406_391.mp4,406_391,391_406,1,FaceSwap,train
FaceForensics++_C23/FaceSwap/402_453.mp4,402_453,402_453,1,FaceSwap,val
FaceForensics++_C23/FaceSwap/413_372.mp4,413_372,372_413,1,FaceSwap,train
FaceForensics++_C23/FaceSwap/409_382.mp4,409_382,382_409,1,FaceSwap,train
FaceForensics++_C23/FaceSwap/416_342.mp4,416_342,342_416,1,FaceSwap,val
FaceForensics++_C23/FaceSwap/404_429.mp4,404_429,404_429,1,FaceSwap,test
FaceForensics++_C23/FaceSwap/410_411.mp4,410_411,410_411,1,FaceSwap,train
FaceForensics++_C23/FaceSwap/423_421.mp4,423_421,421_423,1,FaceSwap,test
FaceForensics++_C23/FaceSwap/422_695.mp4,422_695,422_695,1,FaceSwap,test
FaceForensics++_C23/FaceSwap/437_360.mp4,437_360,360_437,1,FaceSwap,train
FaceForensics++_C23/FaceSwap/442_195.mp4,442_195,195_442,1,FaceSwap,train
FaceForensics++_C23/FaceSwap/444_655.mp4,444_655,444_655,1,FaceSwap,train
FaceForensics++_C23/FaceSwap/436_526.mp4,436_526,436_526,1,FaceSwap,train
FaceForensics++_C23/FaceSwap/440_364.mp4,440_364,364_440,1,FaceSwap,val
FaceForensics++_C23/FaceSwap/432_357.mp4,432_357,357_432,1,FaceSwap,train
FaceForensics++_C23/FaceSwap/434_438.mp4,434_438,434_438,1,FaceSwap,train
FaceForensics++_C23/FaceSwap/430_459.mp4,430_459,430_459,1,FaceSwap,train
FaceForensics++_C23/FaceSwap/445_494.mp4,445_494,445_494,1,FaceSwap,test
FaceForensics++_C23/FaceSwap/435_456.mp4,435_456,435_456,1,FaceSwap,train
FaceForensics++_C23/FaceSwap/438_434.mp4,438_434,434_438,1,FaceSwap,train
FaceForensics++_C23/FaceSwap/429_404.mp4,429_404,404_429,1,FaceSwap,test
FaceForensics++_C23/FaceSwap/426_287.mp4,426_287,287_426,1,FaceSwap,train
FaceForensics++_C23/FaceSwap/425_485.mp4,425_485,425_485,1,FaceSwap,test
FaceForensics++_C23/FaceSwap/424_408.mp4,424_408,408_424,1,FaceSwap,train
FaceForensics++_C23/FaceSwap/431_447.mp4,431_447,431_447,1,FaceSwap,train
FaceForensics++_C23/FaceSwap/443_514.mp4,443_514,443_514,1,FaceSwap,val
FaceForensics++_C23/FaceSwap/421_423.mp4,421_423,421_423,1,FaceSwap,test
FaceForensics++_C23/FaceSwap/446_667.mp4,446_667,446_667,1,FaceSwap,train
FaceForensics++_C23/FaceSwap/428_466.mp4,428_466,428_466,1,FaceSwap,train
FaceForensics++_C23/FaceSwap/441_439.mp4,441_439,439_441,1,FaceSwap,train
FaceForensics++_C23/FaceSwap/420_257.mp4,420_257,257_420,1,FaceSwap,test
FaceForensics++_C23/FaceSwap/433_498.mp4,433_498,433_498,1,FaceSwap,train
FaceForensics++_C23/FaceSwap/439_441.mp4,439_441,439_441,1,FaceSwap,train
FaceForensics++_C23/FaceSwap/427_637.mp4,427_637,427_637,1,FaceSwap,train
FaceForensics++_C23/FaceSwap/475_265.mp4,475_265,265_475,1,FaceSwap,train
FaceForensics++_C23/FaceSwap/459_430.mp4,459_430,430_459,1,FaceSwap,train
FaceForensics++_C23/FaceSwap/465_482.mp4,465_482,465_482,1,FaceSwap,val
FaceForensics++_C23/FaceSwap/454_527.mp4,454_527,454_527,1,FaceSwap,test
FaceForensics++_C23/FaceSwap/469_481.mp4,469_481,469_481,1,FaceSwap,train
FaceForensics++_C23/FaceSwap/462_467.mp4,462_467,462_467,1,FaceSwap,test
FaceForensics++_C23/FaceSwap/452_550.mp4,452_550,452_550,1,FaceSwap,test
FaceForensics++_C23/FaceSwap/451_449.mp4,451_449,449_451,1,FaceSwap,train
FaceForensics++_C23/FaceSwap/476_400.mp4,476_400,400_476,1,FaceSwap,train
FaceForensics++_C23/FaceSwap/463_464.mp4,463_464,463_464,1,FaceSwap,train
FaceForensics++_C23/FaceSwap/472_511.mp4,472_511,472_511,1,FaceSwap,val
FaceForensics++_C23/FaceSwap/468_470.mp4,468_470,468_470,1,FaceSwap,val
FaceForensics++_C23/FaceSwap/464_463.mp4,464_463,463_464,1,FaceSwap,train
FaceForensics++_C23/FaceSwap/461_250.mp4,461_250,250_461,1,FaceSwap,train
FaceForensics++_C23/FaceSwap/471_455.mp4,471_455,455_471,1,FaceSwap,val
FaceForensics++_C23/FaceSwap/447_431.mp4,447_431,431_447,1,FaceSwap,train
FaceForensics++_C23/FaceSwap/455_471.mp4,455_471,455_471,1,FaceSwap,val
FaceForensics++_C23/FaceSwap/448_361.mp4,448_361,361_448,1,FaceSwap,train
FaceForensics++_C23/FaceSwap/470_468.mp4,470_468,468_470,1,FaceSwap,val
FaceForensics++_C23/FaceSwap/450_533.mp4,450_533,450_533,1,FaceSwap,train
FaceForensics++_C23/FaceSwap/466_428.mp4,466_428,428_466,1,FaceSwap,train
FaceForensics++_C23/FaceSwap/477_487.mp4,477_487,477_487,1,FaceSwap,train
FaceForensics++_C23/FaceSwap/460_678.mp4,460_678,460_678,1,FaceSwap,train
FaceForensics++_C23/FaceSwap/474_281.mp4,474_281,281_474,1,FaceSwap,train
FaceForensics++_C23/FaceSwap/467_462.mp4,467_462,462_467,1,FaceSwap,test
FaceForensics++_C23/FaceSwap/457_398.mp4,457_398,398_457,1,FaceSwap,train
FaceForensics++_C23/FaceSwap/458_722.mp4,458_722,458_722,1,FaceSwap,train
FaceForensics++_C23/FaceSwap/453_402.mp4,453_402,402_453,1,FaceSwap,val
FaceForensics++_C23/FaceSwap/449_451.mp4,449_451,449_451,1,FaceSwap,train
FaceForensics++_C23/FaceSwap/473_366.mp4,473_366,366_473,1,FaceSwap,train
FaceForensics++_C23/FaceSwap/456_435.mp4,456_435,435_456,1,FaceSwap,train
FaceForensics++_C23/FaceSwap/491_226.mp4,491_226,226_491,1,FaceSwap,train
FaceForensics++_C23/FaceSwap/487_477.mp4,487_477,477_487,1,FaceSwap,train
FaceForensics++_C23/FaceSwap/499_539.mp4,499_539,499_539,1,FaceSwap,train
FaceForensics++_C23/FaceSwap/492_325.mp4,492_325,325_492,1,FaceSwap,val
FaceForensics++_C23/FaceSwap/505_600.mp4,505_600,505_600,1,FaceSwap,train
FaceForensics++_C23/FaceSwap/500_592.mp4,500_592,500_592,1,FaceSwap,train
FaceForensics++_C23/FaceSwap/495_512.mp4,495_512,495_512,1,FaceSwap,train
FaceForensics++_C23/FaceSwap/496_417.mp4,496_417,417_496,1,FaceSwap,train
FaceForensics++_C23/FaceSwap/479_706.mp4,479_706,479_706,1,FaceSwap,test
FaceForensics++_C23/FaceSwap/489_022.mp4,489_022,022_489,1,FaceSwap,train
FaceForensics++_C23/FaceSwap/501_326.mp4,501_326,326_501,1,FaceSwap,train
FaceForensics++_C23/FaceSwap/504_502.mp4,504_502,502_504,1,FaceSwap,train
FaceForensics++_C23/FaceSwap/486_680.mp4,486_680,486_680,1,FaceSwap,train
FaceForensics++_C23/FaceSwap/498_433.mp4,498_433,433_498,1,FaceSwap,train
FaceForensics++_C23/FaceSwap/484_415.mp4,484_415,415_484,1,FaceSwap,train
FaceForensics++_C23/FaceSwap/485_425.mp4,485_425,425_485,1,FaceSwap,test
FaceForensics++_C23/FaceSwap/494_445.mp4,494_445,445_494,1,FaceSwap,test
FaceForensics++_C23/FaceSwap/483_370.mp4,483_370,370_483,1,FaceSwap,val
FaceForensics++_C23/FaceSwap/497_403.mp4,497_403,403_497,1,FaceSwap,train
FaceForensics++_C23/FaceSwap/493_538.mp4,493_538,493_538,1,FaceSwap,val
FaceForensics++_C23/FaceSwap/481_469.mp4,481_469,469_481,1,FaceSwap,train
FaceForensics++_C23/FaceSwap/506_478.mp4,506_478,478_506,1,FaceSwap,train
FaceForensics++_C23/FaceSwap/488_399.mp4,488_399,399_488,1,FaceSwap,test
FaceForensics++_C23/FaceSwap/503_756.mp4,503_756,503_756,1,FaceSwap,train
FaceForensics++_C23/FaceSwap/482_465.mp4,482_465,465_482,1,FaceSwap,val
FaceForensics++_C23/FaceSwap/502_504.mp4,502_504,502_504,1,FaceSwap,train
FaceForensics++_C23/FaceSwap/478_506.mp4,478_506,478_506,1,FaceSwap,train
FaceForensics++_C23/FaceSwap/480_389.mp4,480_389,389_480,1,FaceSwap,test
FaceForensics++_C23/FaceSwap/490_534.mp4,490_534,490_534,1,FaceSwap,train
FaceForensics++_C23/FaceSwap/508_831.mp4,508_831,508_831,1,FaceSwap,train
FaceForensics++_C23/FaceSwap/513_305.mp4,513_305,305_513,1,FaceSwap,train
FaceForensics++_C23/FaceSwap/524_580.mp4,524_580,524_580,1,FaceSwap,train
FaceForensics++_C23/FaceSwap/518_131.mp4,518_131,131_518,1,FaceSwap,train
FaceForensics++_C23/FaceSwap/515_519.mp4,515_519,515_519,1,FaceSwap,train
FaceForensics++_C23/FaceSwap/517_521.mp4,517_521,517_521,1,FaceSwap,test
FaceForensics++_C23/FaceSwap/532_544.mp4,532_544,532_544,1,FaceSwap,train
FaceForensics++_C23/FaceSwap/526_436.mp4,526_436,436_526,1,FaceSwap,train
FaceForensics++_C23/FaceSwap/525_509.mp4,525_509,509_525,1,FaceSwap,train
FaceForensics++_C23/FaceSwap/527_454.mp4,527_454,454_527,1,FaceSwap,test
FaceForensics++_C23/FaceSwap/519_515.mp4,519_515,515_519,1,FaceSwap,train
FaceForensics++_C23/FaceSwap/512_495.mp4,512_495,495_512,1,FaceSwap,train
FaceForensics++_C23/FaceSwap/520_542.mp4,520_542,520_542,1,FaceSwap,train
FaceForensics++_C23/FaceSwap/529_633.mp4,529_633,529_633,1,FaceSwap,test
FaceForensics++_C23/FaceSwap/516_555.mp4,516_555,516_555,1,FaceSwap,train
FaceForensics++_C23/FaceSwap/530_594.mp4,530_594,530_594,1,FaceSwap,train
FaceForensics++_C23/FaceSwap/509_525.mp4,509_525,509_525,1,FaceSwap,train
FaceForensics++_C23/FaceSwap/507_418.mp4,507_418,418_507,1,FaceSwap,test
FaceForensics++_C23/FaceSwap/523_541.mp4,523_541,523_541,1,FaceSwap,train
FaceForensics++_C23/FaceSwap/531_549.mp4,531_549,531_549,1,FaceSwap,train
FaceForensics++_C23/FaceSwap/510_528.mp4,510_528,510_528,1,FaceSwap,train
FaceForensics++_C23/FaceSwap/521_517.mp4,521_517,517_521,1,FaceSwap,test
FaceForensics++_C23/FaceSwap/514_443.mp4,514_443,443_514,1,FaceSwap,val
FaceForensics++_C23/FaceSwap/522_337.mp4,522_337,337_522,1,FaceSwap,train
FaceForensics++_C23/FaceSwap/528_510.mp4,528_510,510_528,1,FaceSwap,train
FaceForensics++_C23/FaceSwap/511_472.mp4,511_472,472_511,1,FaceSwap,val
FaceForensics++_C23/FaceSwap/533_450.mp4,533_450,450_533,1,FaceSwap,train
FaceForensics++_C23/FaceSwap/555_516.mp4,555_516,516_555,1,FaceSwap,train
FaceForensics++_C23/FaceSwap/534_490.mp4,534_490,490_534,1,FaceSwap,train
FaceForensics++_C23/FaceSwap/548_632.mp4,548_632,548_632,1,FaceSwap,val
FaceForensics++_C23/FaceSwap/541_523.mp4,541_523,523_541,1,FaceSwap,train
FaceForensics++_C23/FaceSwap/559_543.mp4,559_543,543_559,1,FaceSwap,train
FaceForensics++_C23/FaceSwap/549_531.mp4,549_531,531_549,1,FaceSwap,train
FaceForensics++_C23/FaceSwap/535_587.mp4,535_587,535_587,1,FaceSwap,train
FaceForensics++_C23/FaceSwap/538_493.mp4,538_493,493_538,1,FaceSwap,val
FaceForensics++_C23/FaceSwap/547_574.mp4,547_574,547_574,1,FaceSwap,train
FaceForensics++_C23/FaceSwap/539_499.mp4,539_499,499_539,1,FaceSwap,train
FaceForensics++_C23/FaceSwap/540_536.mp4,540_536,536_540,1,FaceSwap,train
FaceForensics++_C23/FaceSwap/545_553.mp4,545_553,545_553,1,FaceSwap,train
FaceForensics++_C23/FaceSwap/558_583.mp4,558_583,558_583,1,FaceSwap,val
FaceForensics++_C23/FaceSwap/556_588.mp4,556_588,556_588,1,FaceSwap,train
FaceForensics++_C23/FaceSwap/542_520.mp4,542_520,520_542,1,FaceSwap,train
FaceForensics++_C23/FaceSwap/543_559.mp4,543_559,543_559,1,FaceSwap,train
FaceForensics++_C23/FaceSwap/536_540.mp4,536_540,536_540,1,FaceSwap,train
FaceForensics++_C23/FaceSwap/537_563.mp4,537_563,537_563,1,FaceSwap,train
FaceForensics++_C23/FaceSwap/544_532.mp4,544_532,532_544,1,FaceSwap,train
FaceForensics++_C23/FaceSwap/551_631.mp4,551_631,551_631,1,FaceSwap,train
FaceForensics++_C23/FaceSwap/546_621.mp4,546_621,546_621,1,FaceSwap,train
FaceForensics++_C23/FaceSwap/553_545.mp4,553_545,545_553,1,FaceSwap,train
FaceForensics++_C23/FaceSwap/550_452.mp4,550_452,452_550,1,FaceSwap,test
FaceForensics++_C23/FaceSwap/552_851.mp4,552_851,552_851,1,FaceSwap,test
FaceForensics++_C23/FaceSwap/554_572.mp4,554_572,554_572,1,FaceSwap,train
FaceForensics++_C23/FaceSwap/557_560.mp4,557_560,557_560,1,FaceSwap,val
FaceForensics++_C23/FaceSwap/564_971.mp4,564_971,564_971,1,FaceSwap,val
FaceForensics++_C23/FaceSwap/560_557.mp4,560_557,557_560,1,FaceSwap,val
FaceForensics++_C23/FaceSwap/583_558.mp4,583_558,558_583,1,FaceSwap,val
FaceForensics++_C23/FaceSwap/577_593.mp4,577_593,577_593,1,FaceSwap,train
FaceForensics++_C23/FaceSwap/567_606.mp4,567_606,567_606,1,FaceSwap,val
FaceForensics++_C23/FaceSwap/571_746.mp4,571_746,571_746,1,FaceSwap,val
FaceForensics++_C23/FaceSwap/574_547.mp4,574_547,547_574,1,FaceSwap,train
FaceForensics++_C23/FaceSwap/568_628.mp4,568_628,568_628,1,FaceSwap,train
FaceForensics++_C23/FaceSwap/572_554.mp4,572_554,554_572,1,FaceSwap,train
FaceForensics++_C23/FaceSwap/561_998.mp4,561_998,561_998,1,FaceSwap,train
FaceForensics++_C23/FaceSwap/566_617.mp4,566_617,566_617,1,FaceSwap,val
FaceForensics++_C23/FaceSwap/565_589.mp4,565_589,565_589,1,FaceSwap,val
FaceForensics++_C23/FaceSwap/570_624.mp4,570_624,570_624,1,FaceSwap,train
FaceForensics++_C23/FaceSwap/576_155.mp4,576_155,155_576,1,FaceSwap,train
FaceForensics++_C23/FaceSwap/579_701.mp4,579_701,579_701,1,FaceSwap,test
FaceForensics++_C23/FaceSwap/581_697.mp4,581_697,581_697,1,FaceSwap,train
FaceForensics++_C23/FaceSwap/573_757.mp4,573_757,573_757,1,FaceSwap,train
FaceForensics++_C23/FaceSwap/578_636.mp4,578_636,578_636,1,FaceSwap,train
FaceForensics++_C23/FaceSwap/582_172.mp4,582_172,172_582,1,FaceSwap,train
FaceForensics++_C23/FaceSwap/562_626.mp4,562_626,562_626,1,FaceSwap,train
FaceForensics++_C23/FaceSwap/575_603.mp4,575_603,575_603,1,FaceSwap,train
FaceForensics++_C23/FaceSwap/569_921.mp4,569_921,569_921,1,FaceSwap,train
FaceForensics++_C23/FaceSwap/563_537.mp4,563_537,537_563,1,FaceSwap,train
FaceForensics++_C23/FaceSwap/580_524.mp4,580_524,524_580,1,FaceSwap,train
FaceForensics++_C23/FaceSwap/600_505.mp4,600_505,505_600,1,FaceSwap,train
FaceForensics++_C23/FaceSwap/609_596.mp4,609_596,596_609,1,FaceSwap,train
FaceForensics++_C23/FaceSwap/587_535.mp4,587_535,535_587,1,FaceSwap,train
FaceForensics++_C23/FaceSwap/588_556.mp4,588_556,556_588,1,FaceSwap,train
FaceForensics++_C23/FaceSwap/607_683.mp4,607_683,607_683,1,FaceSwap,test
FaceForensics++_C23/FaceSwap/601_653.mp4,601_653,601_653,1,FaceSwap,train
FaceForensics++_C23/FaceSwap/585_599.mp4,585_599,585_599,1,FaceSwap,val
FaceForensics++_C23/FaceSwap/608_675.mp4,608_675,608_675,1,FaceSwap,test
FaceForensics++_C23/FaceSwap/590_034.mp4,590_034,034_590,1,FaceSwap,train
FaceForensics++_C23/FaceSwap/606_567.mp4,606_567,567_606,1,FaceSwap,val
FaceForensics++_C23/FaceSwap/604_703.mp4,604_703,604_703,1,FaceSwap,train
FaceForensics++_C23/FaceSwap/612_702.mp4,612_702,612_702,1,FaceSwap,val
FaceForensics++_C23/FaceSwap/599_585.mp4,599_585,585_599,1,FaceSwap,val
FaceForensics++_C23/FaceSwap/602_397.mp4,602_397,397_602,1,FaceSwap,train
FaceForensics++_C23/FaceSwap/594_530.mp4,594_530,530_594,1,FaceSwap,train
FaceForensics++_C23/FaceSwap/596_609.mp4,596_609,596_609,1,FaceSwap,train
FaceForensics++_C23/FaceSwap/592_500.mp4,592_500,500_592,1,FaceSwap,train
FaceForensics++_C23/FaceSwap/584_823.mp4,584_823,584_823,1,FaceSwap,val
FaceForensics++_C23/FaceSwap/611_760.mp4,611_760,611_760,1,FaceSwap,train
FaceForensics++_C23/FaceSwap/589_565.mp4,589_565,565_589,1,FaceSwap,val
FaceForensics++_C23/FaceSwap/598_178.mp4,598_178,178_598,1,FaceSwap,train
FaceForensics++_C23/FaceSwap/605_591.mp4,605_591,591_605,1,FaceSwap,train
FaceForensics++_C23/FaceSwap/593_577.mp4,593_577,577_593,1,FaceSwap,train
FaceForensics++_C23/FaceSwap/591_605.mp4,591_605,591_605,1,FaceSwap,train
FaceForensics++_C23/FaceSwap/597_595.mp4,597_595,595_597,1,FaceSwap,val
FaceForensics++_C23/FaceSwap/595_597.mp4,595_597,595_597,1,FaceSwap,val
FaceForensics++_C23/FaceSwap/586_223.mp4,586_223,223_586,1,FaceSwap,val
FaceForensics++_C23/FaceSwap/610_692.mp4,610_692,610_692,1,FaceSwap,train
FaceForensics++_C23/FaceSwap/603_575.mp4,603_575,575_603,1,FaceSwap,train
FaceForensics++_C23/FaceSwap/626_562.mp4,626_562,562_626,1,FaceSwap,train
FaceForensics++_C23/FaceSwap/623_630.mp4,623_630,623_630,1,FaceSwap,test
FaceForensics++_C23/FaceSwap/622_647.mp4,622_647,622_647,1,FaceSwap,val
FaceForensics++_C23/FaceSwap/634_660.mp4,634_660,634_660,1,FaceSwap,test
FaceForensics++_C23/FaceSwap/616_614.mp4,616_614,614_616,1,FaceSwap,train
FaceForensics++_C23/FaceSwap/621_546.mp4,621_546,546_621,1,FaceSwap,train
FaceForensics++_C23/FaceSwap/640_638.mp4,640_638,638_640,1,FaceSwap,val
FaceForensics++_C23/FaceSwap/614_616.mp4,614_616,614_616,1,FaceSwap,train
FaceForensics++_C23/FaceSwap/631_551.mp4,631_551,551_631,1,FaceSwap,train
FaceForensics++_C23/FaceSwap/627_658.mp4,627_658,627_658,1,FaceSwap,train
FaceForensics++_C23/FaceSwap/619_620.mp4,619_620,619_620,1,FaceSwap,train
FaceForensics++_C23/FaceSwap/620_619.mp4,620_619,619_620,1,FaceSwap,train
FaceForensics++_C23/FaceSwap/633_529.mp4,633_529,529_633,1,FaceSwap,test
FaceForensics++_C23/FaceSwap/638_640.mp4,638_640,638_640,1,FaceSwap,val
FaceForensics++_C23/FaceSwap/639_841.mp4,639_841,639_841,1,FaceSwap,train
FaceForensics++_C23/FaceSwap/637_427.mp4,637_427,427_637,1,FaceSwap,train
FaceForensics++_C23/FaceSwap/636_578.mp4,636_578,578_636,1,FaceSwap,train
FaceForensics++_C23/FaceSwap/630_623.mp4,630_623,623_630,1,FaceSwap,test
FaceForensics++_C23/FaceSwap/642_635.mp4,642_635,635_642,1,FaceSwap,train
FaceForensics++_C23/FaceSwap/632_548.mp4,632_548,548_632,1,FaceSwap,val
FaceForensics++_C23/FaceSwap/615_687.mp4,615_687,615_687,1,FaceSwap,train
FaceForensics++_C23/FaceSwap/618_629.mp4,618_629,618_629,1,FaceSwap,train
FaceForensics++_C23/FaceSwap/613_685.mp4,613_685,613_685,1,FaceSwap,train
FaceForensics++_C23/FaceSwap/641_662.mp4,641_662,641_662,1,FaceSwap,train
FaceForensics++_C23/FaceSwap/635_642.mp4,635_642,635_642,1,FaceSwap,train
FaceForensics++_C23/FaceSwap/643_646.mp4,643_646,643_646,1,FaceSwap,train
FaceForensics++_C23/FaceSwap/629_618.mp4,629_618,618_629,1,FaceSwap,train
FaceForensics++_C23/FaceSwap/617_566.mp4,617_566,566_617,1,FaceSwap,val
FaceForensics++_C23/FaceSwap/625_650.mp4,625_650,625_650,1,FaceSwap,test
FaceForensics++_C23/FaceSwap/624_570.mp4,624_570,570_624,1,FaceSwap,train
FaceForensics++_C23/FaceSwap/628_568.mp4,628_568,568_628,1,FaceSwap,train
FaceForensics++_C23/FaceSwap/665_679.mp4,665_679,665_679,1,FaceSwap,train
FaceForensics++_C23/FaceSwap/662_641.mp4,662_641,641_662,1,FaceSwap,train
FaceForensics++_C23/FaceSwap/653_601.mp4,653_601,601_653,1,FaceSwap,train
FaceForensics++_C23/FaceSwap/658_627.mp4,658_627,627_658,1,FaceSwap,train
FaceForensics++_C23/FaceSwap/664_668.mp4,664_668,664_668,1,FaceSwap,val
FaceForensics++_C23/FaceSwap/652_773.mp4,652_773,652_773,1,FaceSwap,train
FaceForensics++_C23/FaceSwap/644_657.mp4,644_657,644_657,1,FaceSwap,train
FaceForensics++_C23/FaceSwap/654_648.mp4,654_648,648_654,1,FaceSwap,train
FaceForensics++_C23/FaceSwap/646_643.mp4,646_643,643_646,1,FaceSwap,train
FaceForensics++_C23/FaceSwap/645_688.mp4,645_688,645_688,1,FaceSwap,train
FaceForensics++_C23/FaceSwap/661_670.mp4,661_670,661_670,1,FaceSwap,test
FaceForensics++_C23/FaceSwap/649_816.mp4,649_816,649_816,1,FaceSwap,val
FaceForensics++_C23/FaceSwap/650_625.mp4,650_625,625_650,1,FaceSwap,test
FaceForensics++_C23/FaceSwap/656_666.mp4,656_666,656_666,1,FaceSwap,val
FaceForensics++_C23/FaceSwap/647_622.mp4,647_622,622_647,1,FaceSwap,val
FaceForensics++_C23/FaceSwap/660_634.mp4,660_634,634_660,1,FaceSwap,test
FaceForensics++_C23/FaceSwap/651_835.mp4,651_835,651_835,1,FaceSwap,train
FaceForensics++_C23/FaceSwap/657_644.mp4,657_644,644_657,1,FaceSwap,train
FaceForensics++_C23/FaceSwap/648_654.mp4,648_654,648_654,1,FaceSwap,train
FaceForensics++_C23/FaceSwap/663_231.mp4,663_231,231_663,1,FaceSwap,train
FaceForensics++_C23/FaceSwap/655_444.mp4,655_444,444_655,1,FaceSwap,train
FaceForensics++_C23/FaceSwap/659_749.mp4,659_749,659_749,1,FaceSwap,train
FaceForensics++_C23/FaceSwap/680_486.mp4,680_486,486_680,1,FaceSwap,train
FaceForensics++_C23/FaceSwap/677_671.mp4,677_671,671_677,1,FaceSwap,train
FaceForensics++_C23/FaceSwap/670_661.mp4,670_661,661_670,1,FaceSwap,test
FaceForensics++_C23/FaceSwap/689_690.mp4,689_690,689_690,1,FaceSwap,train
FaceForensics++_C23/FaceSwap/683_607.mp4,683_607,607_683,1,FaceSwap,test
FaceForensics++_C23/FaceSwap/679_665.mp4,679_665,665_679,1,FaceSwap,train
FaceForensics++_C23/FaceSwap/669_682.mp4,669_682,669_682,1,FaceSwap,test
FaceForensics++_C23/FaceSwap/691_732.mp4,691_732,691_732,1,FaceSwap,test
FaceForensics++_C23/FaceSwap/666_656.mp4,666_656,656_666,1,FaceSwap,val
FaceForensics++_C23/FaceSwap/676_776.mp4,676_776,676_776,1,FaceSwap,train
FaceForensics++_C23/FaceSwap/690_689.mp4,690_689,689_690,1,FaceSwap,train
FaceForensics++_C23/FaceSwap/681_711.mp4,681_711,681_711,1,FaceSwap,train
FaceForensics++_C23/FaceSwap/667_446.mp4,667_446,446_667,1,FaceSwap,train
FaceForensics++_C23/FaceSwap/682_669.mp4,682_669,669_682,1,FaceSwap,test
FaceForensics++_C23/FaceSwap/671_677.mp4,671_677,671_677,1,FaceSwap,train
FaceForensics++_C23/FaceSwap/674_744.mp4,674_744,674_744,1,FaceSwap,train
FaceForensics++_C23/FaceSwap/685_613.mp4,685_613,613_685,1,FaceSwap,train
FaceForensics++_C23/FaceSwap/673_728.mp4,673_728,673_728,1,FaceSwap,train
FaceForensics++_C23/FaceSwap/692_610.mp4,692_610,610_692,1,FaceSwap,train
FaceForensics++_C23/FaceSwap/678_460.mp4,678_460,460_678,1,FaceSwap,train
FaceForensics++_C23/FaceSwap/684_717.mp4,684_717,684_717,1,FaceSwap,train
FaceForensics++_C23/FaceSwap/688_645.mp4,688_645,645_688,1,FaceSwap,train
FaceForensics++_C23/FaceSwap/686_696.mp4,686_696,686_696,1,FaceSwap,train
FaceForensics++_C23/FaceSwap/668_664.mp4,668_664,664_668,1,FaceSwap,val
FaceForensics++_C23/FaceSwap/687_615.mp4,687_615,615_687,1,FaceSwap,train
FaceForensics++_C23/FaceSwap/672_720.mp4,672_720,672_720,1,FaceSwap,val
FaceForensics++_C23/FaceSwap/675_608.mp4,675_608,608_675,1,FaceSwap,test
FaceForensics++_C23/FaceSwap/710_788.mp4,710_788,710_788,1,FaceSwap,train
FaceForensics++_C23/FaceSwap/713_726.mp4,713_726,713_726,1,FaceSwap,train
FaceForensics++_C23/FaceSwap/694_767.mp4,694_767,694_767,1,FaceSwap,train
FaceForensics++_C23/FaceSwap/702_612.mp4,702_612,612_702,1,FaceSwap,val
FaceForensics++_C23/FaceSwap/700_813.mp4,700_813,700_813,1,FaceSwap,train
FaceForensics++_C23/FaceSwap/701_579.mp4,701_579,579_701,1,FaceSwap,test
FaceForensics++_C23/FaceSwap/704_723.mp4,704_723,704_723,1,FaceSwap,train
FaceForensics++_C23/FaceSwap/697_581.mp4,697_581,581_697,1,FaceSwap,train
FaceForensics++_C23/FaceSwap/698_693.mp4,698_693,693_698,1,FaceSwap,train
FaceForensics++_C23/FaceSwap/696_686.mp4,696_686,686_696,1,FaceSwap,train
FaceForensics++_C23/FaceSwap/711_681.mp4,711_681,681_711,1,FaceSwap,train
FaceForensics++_C23/FaceSwap/712_716.mp4,712_716,712_716,1,FaceSwap,train
FaceForensics++_C23/FaceSwap/705_707.mp4,705_707,705_707,1,FaceSwap,test
FaceForensics++_C23/FaceSwap/708_772.mp4,708_772,708_772,1,FaceSwap,train
FaceForensics++_C23/FaceSwap/715_721.mp4,715_721,715_721,1,FaceSwap,train
FaceForensics++_C23/FaceSwap/707_705.mp4,707_705,705_707,1,FaceSwap,test
FaceForensics++_C23/FaceSwap/709_390.mp4,709_390,390_709,1,FaceSwap,train
FaceForensics++_C23/FaceSwap/693_698.mp4,693_698,693_698,1,FaceSwap,train
FaceForensics++_C23/FaceSwap/703_604.mp4,703_604,604_703,1,FaceSwap,train
FaceForensics++_C23/FaceSwap/706_479.mp4,706_479,479_706,1,FaceSwap,test
FaceForensics++_C23/FaceSwap/714_842.mp4,714_842,714_842,1,FaceSwap,test
FaceForensics++_C23/FaceSwap/699_734.mp4,699_734,699_734,1,FaceSwap,train
FaceForensics++_C23/FaceSwap/695_422.mp4,695_422,422_695,1,FaceSwap,test
FaceForensics++_C23/FaceSwap/723_704.mp4,723_704,704_723,1,FaceSwap,train
FaceForensics++_C23/FaceSwap/737_719.mp4,737_719,719_737,1,FaceSwap,train
FaceForensics++_C23/FaceSwap/729_727.mp4,729_727,727_729,1,FaceSwap,val
FaceForensics++_C23/FaceSwap/717_684.mp4,717_684,684_717,1,FaceSwap,train
FaceForensics++_C23/FaceSwap/719_737.mp4,719_737,719_737,1,FaceSwap,train
FaceForensics++_C23/FaceSwap/738_804.mp4,738_804,738_804,1,FaceSwap,train
FaceForensics++_C23/FaceSwap/734_699.mp4,734_699,699_734,1,FaceSwap,train
FaceForensics++_C23/FaceSwap/728_673.mp4,728_673,673_728,1,FaceSwap,train
FaceForensics++_C23/FaceSwap/727_729.mp4,727_729,727_729,1,FaceSwap,val
FaceForensics++_C23/FaceSwap/716_712.mp4,716_712,712_716,1,FaceSwap,train
FaceForensics++_C23/FaceSwap/726_713.mp4,726_713,713_726,1,FaceSwap,train
FaceForensics++_C23/FaceSwap/735_774.mp4,735_774,735_774,1,FaceSwap,train
FaceForensics++_C23/FaceSwap/722_458.mp4,722_458,458_722,1,FaceSwap,train
FaceForensics++_C23/FaceSwap/736_785.mp4,736_785,736_785,1,FaceSwap,train
FaceForensics++_C23/FaceSwap/730_815.mp4,730_815,730_815,1,FaceSwap,train
FaceForensics++_C23/FaceSwap/721_715.mp4,721_715,715_721,1,FaceSwap,train
FaceForensics++_C23/FaceSwap/733_935.mp4,733_935,733_935,1,FaceSwap,train
FaceForensics++_C23/FaceSwap/732_691.mp4,732_691,691_732,1,FaceSwap,test
FaceForensics++_C23/FaceSwap/725_724.mp4,725_724,724_725,1,FaceSwap,test
FaceForensics++_C23/FaceSwap/720_672.mp4,720_672,672_720,1,FaceSwap,val
FaceForensics++_C23/FaceSwap/718_972.mp4,718_972,718_972,1,FaceSwap,train
FaceForensics++_C23/FaceSwap/731_741.mp4,731_741,731_741,1,FaceSwap,test
FaceForensics++_C23/FaceSwap/724_725.mp4,724_725,724_725,1,FaceSwap,test
FaceForensics++_C23/FaceSwap/742_775.mp4,742_775,742_775,1,FaceSwap,val
FaceForensics++_C23/FaceSwap/750_743.mp4,750_743,743_750,1,FaceSwap,train
FaceForensics++_C23/FaceSwap/745_777.mp4,745_777,745_777,1,FaceSwap,val
FaceForensics++_C23/FaceSwap/753_789.mp4,753_789,753_789,1,FaceSwap,train
FaceForensics++_C23/FaceSwap/754_758.mp4,754_758,754_758,1,FaceSwap,train
FaceForensics++_C23/FaceSwap/740_796.mp4,740_796,740_796,1,FaceSwap,train
FaceForensics++_C23/FaceSwap/760_611.mp4,760_611,611_760,1,FaceSwap,train
FaceForensics++_C23/FaceSwap/765_867.mp4,765_867,765_867,1,FaceSwap,train
FaceForensics++_C23/FaceSwap/762_832.mp4,762_832,762_832,1,FaceSwap,val
FaceForensics++_C23/FaceSwap/756_503.mp4,756_503,503_756,1,FaceSwap,train
FaceForensics++_C23/FaceSwap/749_659.mp4,749_659,659_749,1,FaceSwap,train
FaceForensics++_C23/FaceSwap/744_674.mp4,744_674,674_744,1,FaceSwap,train
FaceForensics++_C23/FaceSwap/757_573.mp4,757_573,573_757,1,FaceSwap,train
FaceForensics++_C23/FaceSwap/758_754.mp4,758_754,754_758,1,FaceSwap,train
FaceForensics++_C23/FaceSwap/761_766.mp4,761_766,761_766,1,FaceSwap,train
FaceForensics++_C23/FaceSwap/755_759.mp4,755_759,755_759,1,FaceSwap,test
FaceForensics++_C23/FaceSwap/739_865.mp4,739_865,739_865,1,FaceSwap,test
FaceForensics++_C23/FaceSwap/759_755.mp4,759_755,755_759,1,FaceSwap,test
FaceForensics++_C23/FaceSwap/743_750.mp4,743_750,743_750,1,FaceSwap,train
FaceForensics++_C23/FaceSwap/747_854.mp4,747_854,747_854,1,FaceSwap,train
FaceForensics++_C23/FaceSwap/766_761.mp4,766_761,761_766,1,FaceSwap,train
FaceForensics++_C23/FaceSwap/751_752.mp4,751_752,751_752,1,FaceSwap,train
FaceForensics++_C23/FaceSwap/763_930.mp4,763_930,763_930,1,FaceSwap,train
FaceForensics++_C23/FaceSwap/741_731.mp4,741_731,731_741,1,FaceSwap,test
FaceForensics++_C23/FaceSwap/746_571.mp4,746_571,571_746,1,FaceSwap,val
FaceForensics++_C23/FaceSwap/764_850.mp4,764_850,764_850,1,FaceSwap,train
FaceForensics++_C23/FaceSwap/748_355.mp4,748_355,355_748,1,FaceSwap,train
FaceForensics++_C23/FaceSwap/752_751.mp4,752_751,751_752,1,FaceSwap,train
FaceForensics++_C23/FaceSwap/773_652.mp4,773_652,652_773,1,FaceSwap,train
FaceForensics++_C23/FaceSwap/787_782.mp4,787_782,782_787,1,FaceSwap,train
FaceForensics++_C23/FaceSwap/772_708.mp4,772_708,708_772,1,FaceSwap,train
FaceForensics++_C23/FaceSwap/774_735.mp4,774_735,735_774,1,FaceSwap,train
FaceForensics++_C23/FaceSwap/779_794.mp4,779_794,779_794,1,FaceSwap,val
FaceForensics++_C23/FaceSwap/782_787.mp4,782_787,782_787,1,FaceSwap,train
FaceForensics++_C23/FaceSwap/785_736.mp4,785_736,736_785,1,FaceSwap,train
FaceForensics++_C23/FaceSwap/769_784.mp4,769_784,769_784,1,FaceSwap,train
FaceForensics++_C23/FaceSwap/771_849.mp4,771_849,771_849,1,FaceSwap,train
FaceForensics++_C23/FaceSwap/768_793.mp4,768_793,768_793,1,FaceSwap,val
FaceForensics++_C23/FaceSwap/780_869.mp4,780_869,780_869,1,FaceSwap,train
FaceForensics++_C23/FaceSwap/778_798.mp4,778_798,778_798,1,FaceSwap,train
FaceForensics++_C23/FaceSwap/770_791.mp4,770_791,770_791,1,FaceSwap,train
FaceForensics++_C23/FaceSwap/775_742.mp4,775_742,742_775,1,FaceSwap,val
FaceForensics++_C23/FaceSwap/783_916.mp4,783_916,783_916,1,FaceSwap,train
FaceForensics++_C23/FaceSwap/788_710.mp4,788_710,710_788,1,FaceSwap,train
FaceForensics++_C23/FaceSwap/784_769.mp4,784_769,769_784,1,FaceSwap,train
FaceForensics++_C23/FaceSwap/789_753.mp4,789_753,753_789,1,FaceSwap,train
FaceForensics++_C23/FaceSwap/776_676.mp4,776_676,676_776,1,FaceSwap,train
FaceForensics++_C23/FaceSwap/767_694.mp4,767_694,694_767,1,FaceSwap,train
FaceForensics++_C23/FaceSwap/777_745.mp4,777_745,745_777,1,FaceSwap,val
FaceForensics++_C23/FaceSwap/781_806.mp4,781_806,781_806,1,FaceSwap,train
FaceForensics++_C23/FaceSwap/786_819.mp4,786_819,786_819,1,FaceSwap,train
FaceForensics++_C23/FaceSwap/805_011.mp4,805_011,011_805,1,FaceSwap,train
FaceForensics++_C23/FaceSwap/813_700.mp4,813_700,700_813,1,FaceSwap,train
FaceForensics++_C23/FaceSwap/792_903.mp4,792_903,792_903,1,FaceSwap,train
FaceForensics++_C23/FaceSwap/815_730.mp4,815_730,730_815,1,FaceSwap,train
FaceForensics++_C23/FaceSwap/811_920.mp4,811_920,811_920,1,FaceSwap,train
FaceForensics++_C23/FaceSwap/808_829.mp4,808_829,808_829,1,FaceSwap,train
FaceForensics++_C23/FaceSwap/807_273.mp4,807_273,273_807,1,FaceSwap,val
FaceForensics++_C23/FaceSwap/795_907.mp4,795_907,795_907,1,FaceSwap,train
FaceForensics++_C23/FaceSwap/799_809.mp4,799_809,799_809,1,FaceSwap,train
FaceForensics++_C23/FaceSwap/810_838.mp4,810_838,810_838,1,FaceSwap,train
FaceForensics++_C23/FaceSwap/801_855.mp4,801_855,801_855,1,FaceSwap,test
FaceForensics++_C23/FaceSwap/790_014.mp4,790_014,014_790,1,FaceSwap,train
FaceForensics++_C23/FaceSwap/796_740.mp4,796_740,740_796,1,FaceSwap,train
FaceForensics++_C23/FaceSwap/798_778.mp4,798_778,778_798,1,FaceSwap,train
FaceForensics++_C23/FaceSwap/791_770.mp4,791_770,770_791,1,FaceSwap,train
FaceForensics++_C23/FaceSwap/812_821.mp4,812_821,812_821,1,FaceSwap,test
FaceForensics++_C23/FaceSwap/793_768.mp4,793_768,768_793,1,FaceSwap,val
FaceForensics++_C23/FaceSwap/802_885.mp4,802_885,802_885,1,FaceSwap,train
FaceForensics++_C23/FaceSwap/797_844.mp4,797_844,797_844,1,FaceSwap,train
FaceForensics++_C23/FaceSwap/794_779.mp4,794_779,779_794,1,FaceSwap,val
FaceForensics++_C23/FaceSwap/804_738.mp4,804_738,738_804,1,FaceSwap,train
FaceForensics++_C23/FaceSwap/809_799.mp4,809_799,799_809,1,FaceSwap,train
FaceForensics++_C23/FaceSwap/800_840.mp4,800_840,800_840,1,FaceSwap,train
FaceForensics++_C23/FaceSwap/803_017.mp4,803_017,017_803,1,FaceSwap,train
FaceForensics++_C23/FaceSwap/814_871.mp4,814_871,814_871,1,FaceSwap,train
FaceForensics++_C23/FaceSwap/806_781.mp4,806_781,781_806,1,FaceSwap,train
FaceForensics++_C23/FaceSwap/826_833.mp4,826_833,826_833,1,FaceSwap,train
FaceForensics++_C23/FaceSwap/820_818.mp4,820_818,818_820,1,FaceSwap,val
FaceForensics++_C23/FaceSwap/832_762.mp4,832_762,762_832,1,FaceSwap,val
FaceForensics++_C23/FaceSwap/824_419.mp4,824_419,419_824,1,FaceSwap,val
FaceForensics++_C23/FaceSwap/828_830.mp4,828_830,828_830,1,FaceSwap,train
FaceForensics++_C23/FaceSwap/823_584.mp4,823_584,584_823,1,FaceSwap,val
FaceForensics++_C23/FaceSwap/821_812.mp4,821_812,812_821,1,FaceSwap,test
FaceForensics++_C23/FaceSwap/837_890.mp4,837_890,837_890,1,FaceSwap,val
FaceForensics++_C23/FaceSwap/819_786.mp4,819_786,786_819,1,FaceSwap,train
FaceForensics++_C23/FaceSwap/835_651.mp4,835_651,651_835,1,FaceSwap,train
FaceForensics++_C23/FaceSwap/822_244.mp4,822_244,244_822,1,FaceSwap,train
FaceForensics++_C23/FaceSwap/827_817.mp4,827_817,817_827,1,FaceSwap,val
FaceForensics++_C23/FaceSwap/816_649.mp4,816_649,649_816,1,FaceSwap,val
FaceForensics++_C23/FaceSwap/833_826.mp4,833_826,826_833,1,FaceSwap,train
FaceForensics++_C23/FaceSwap/825_074.mp4,825_074,074_825,1,FaceSwap,train
FaceForensics++_C23/FaceSwap/836_950.mp4,836_950,836_950,1,FaceSwap,train
FaceForensics++_C23/FaceSwap/818_820.mp4,818_820,818_820,1,FaceSwap,val
FaceForensics++_C23/FaceSwap/830_828.mp4,830_828,828_830,1,FaceSwap,train
FaceForensics++_C23/FaceSwap/817_827.mp4,817_827,817_827,1,FaceSwap,val
FaceForensics++_C23/FaceSwap/829_808.mp4,829_808,808_829,1,FaceSwap,train
FaceForensics++_C23/FaceSwap/834_852.mp4,834_852,834_852,1,FaceSwap,val
FaceForensics++_C23/FaceSwap/831_508.mp4,831_508,508_831,1,FaceSwap,train
FaceForensics++_C23/FaceSwap/849_771.mp4,849_771,771_849,1,FaceSwap,train
FaceForensics++_C23/FaceSwap/868_949.mp4,868_949,868_949,1,FaceSwap,test
FaceForensics++_C23/FaceSwap/851_552.mp4,851_552,552_851,1,FaceSwap,test
FaceForensics++_C23/FaceSwap/848_894.mp4,848_894,848_894,1,FaceSwap,train
FaceForensics++_C23/FaceSwap/856_881.mp4,856_881,856_881,1,FaceSwap,train
FaceForensics++_C23/FaceSwap/855_801.mp4,855_801,801_855,1,FaceSwap,test
FaceForensics++_C23/FaceSwap/839_864.mp4,839_864,839_864,1,FaceSwap,train
FaceForensics++_C23/FaceSwap/862_047.mp4,862_047,047_862,1,FaceSwap,test
FaceForensics++_C23/FaceSwap/866_878.mp4,866_878,866_878,1,FaceSwap,train
FaceForensics++_C23/FaceSwap/863_853.mp4,863_853,853_863,1,FaceSwap,train
FaceForensics++_C23/FaceSwap/861_858.mp4,861_858,858_861,1,FaceSwap,train
FaceForensics++_C23/FaceSwap/841_639.mp4,841_639,639_841,1,FaceSwap,train
FaceForensics++_C23/FaceSwap/860_905.mp4,860_905,860_905,1,FaceSwap,train
FaceForensics++_C23/FaceSwap/843_859.mp4,843_859,843_859,1,FaceSwap,train
FaceForensics++_C23/FaceSwap/838_810.mp4,838_810,810_838,1,FaceSwap,train
FaceForensics++_C23/FaceSwap/846_845.mp4,846_845,845_846,1,FaceSwap,train
FaceForensics++_C23/FaceSwap/842_714.mp4,842_714,714_842,1,FaceSwap,test
FaceForensics++_C23/FaceSwap/847_906.mp4,847_906,847_906,1,FaceSwap,test
FaceForensics++_C23/FaceSwap/844_797.mp4,844_797,797_844,1,FaceSwap,train
FaceForensics++_C23/FaceSwap/853_863.mp4,853_863,853_863,1,FaceSwap,train
FaceForensics++_C23/FaceSwap/857_909.mp4,857_909,857_909,1,FaceSwap,val
FaceForensics++_C23/FaceSwap/854_747.mp4,854_747,747_854,1,FaceSwap,train
FaceForensics++_C23/FaceSwap/864_839.mp4,864_839,839_864,1,FaceSwap,train
FaceForensics++_C23/FaceSwap/850_764.mp4,850_764,764_850,1,FaceSwap,train
FaceForensics++_C23/FaceSwap/867_765.mp4,867_765,765_867,1,FaceSwap,train
FaceForensics++_C23/FaceSwap/865_739.mp4,865_739,739_865,1,FaceSwap,test
FaceForensics++_C23/FaceSwap/845_846.mp4,845_846,845_846,1,FaceSwap,train
FaceForensics++_C23/FaceSwap/840_800.mp4,840_800,800_840,1,FaceSwap,train
FaceForensics++_C23/FaceSwap/858_861.mp4,858_861,858_861,1,FaceSwap,train
FaceForensics++_C23/FaceSwap/859_843.mp4,859_843,843_859,1,FaceSwap,train
FaceForensics++_C23/FaceSwap/852_834.mp4,852_834,834_852,1,FaceSwap,val
FaceForensics++_C23/FaceSwap/870_001.mp4,870_001,001_870,1,FaceSwap,train
FaceForensics++_C23/FaceSwap/869_780.mp4,869_780,780_869,1,FaceSwap,train
FaceForensics++_C23/FaceSwap/880_135.mp4,880_135,135_880,1,FaceSwap,test
FaceForensics++_C23/FaceSwap/886_877.mp4,886_877,877_886,1,FaceSwap,train
FaceForensics++_C23/FaceSwap/879_963.mp4,879_963,879_963,1,FaceSwap,train
FaceForensics++_C23/FaceSwap/882_952.mp4,882_952,882_952,1,FaceSwap,train
FaceForensics++_C23/FaceSwap/885_802.mp4,885_802,802_885,1,FaceSwap,train
FaceForensics++_C23/FaceSwap/878_866.mp4,878_866,866_878,1,FaceSwap,train
FaceForensics++_C23/FaceSwap/876_891.mp4,876_891,876_891,1,FaceSwap,train
FaceForensics++_C23/FaceSwap/872_873.mp4,872_873,872_873,1,FaceSwap,train
FaceForensics++_C23/FaceSwap/877_886.mp4,877_886,877_886,1,FaceSwap,train
FaceForensics++_C23/FaceSwap/871_814.mp4,871_814,814_871,1,FaceSwap,train
FaceForensics++_C23/FaceSwap/874_291.mp4,874_291,291_874,1,FaceSwap,train
FaceForensics++_C23/FaceSwap/888_937.mp4,888_937,888_937,1,FaceSwap,train
FaceForensics++_C23/FaceSwap/881_856.mp4,881_856,856_881,1,FaceSwap,train
FaceForensics++_C23/FaceSwap/890_837.mp4,890_837,837_890,1,FaceSwap,val
FaceForensics++_C23/FaceSwap/884_968.mp4,884_968,884_968,1,FaceSwap,train
FaceForensics++_C23/FaceSwap/873_872.mp4,873_872,872_873,1,FaceSwap,train
FaceForensics++_C23/FaceSwap/891_876.mp4,891_876,876_891,1,FaceSwap,train
FaceForensics++_C23/FaceSwap/889_045.mp4,889_045,045_889,1,FaceSwap,train
FaceForensics++_C23/FaceSwap/883_013.mp4,883_013,013_883,1,FaceSwap,train
FaceForensics++_C23/FaceSwap/892_112.mp4,892_112,112_892,1,FaceSwap,train
FaceForensics++_C23/FaceSwap/887_275.mp4,887_275,275_887,1,FaceSwap,train
FaceForensics++_C23/FaceSwap/875_979.mp4,875_979,875_979,1,FaceSwap,val
FaceForensics++_C23/FaceSwap/902_901.mp4,902_901,901_902,1,FaceSwap,train
FaceForensics++_C23/FaceSwap/917_924.mp4,917_924,917_924,1,FaceSwap,test
FaceForensics++_C23/FaceSwap/916_783.mp4,916_783,783_916,1,FaceSwap,train
FaceForensics++_C23/FaceSwap/914_899.mp4,914_899,899_914,1,FaceSwap,train
FaceForensics++_C23/FaceSwap/911_910.mp4,911_910,910_911,1,FaceSwap,train
FaceForensics++_C23/FaceSwap/908_207.mp4,908_207,207_908,1,FaceSwap,train
FaceForensics++_C23/FaceSwap/913_893.mp4,913_893,893_913,1,FaceSwap,train
FaceForensics++_C23/FaceSwap/919_015.mp4,919_015,015_919,1,FaceSwap,test
FaceForensics++_C23/FaceSwap/904_046.mp4,904_046,046_904,1,FaceSwap,val
FaceForensics++_C23/FaceSwap/909_857.mp4,909_857,857_909,1,FaceSwap,val
FaceForensics++_C23/FaceSwap/922_898.mp4,922_898,898_922,1,FaceSwap,val
FaceForensics++_C23/FaceSwap/901_902.mp4,901_902,901_902,1,FaceSwap,train
FaceForensics++_C23/FaceSwap/906_847.mp4,906_847,847_906,1,FaceSwap,test
FaceForensics++_C23/FaceSwap/895_915.mp4,895_915,895_915,1,FaceSwap,val
FaceForensics++_C23/FaceSwap/894_848.mp4,894_848,848_894,1,FaceSwap,train
FaceForensics++_C23/FaceSwap/903_792.mp4,903_792,792_903,1,FaceSwap,train
FaceForensics++_C23/FaceSwap/921_569.mp4,921_569,569_921,1,FaceSwap,train
FaceForensics++_C23/FaceSwap/923_023.mp4,923_023,023_923,1,FaceSwap,val
FaceForensics++_C23/FaceSwap/912_927.mp4,912_927,912_927,1,FaceSwap,val
FaceForensics++_C23/FaceSwap/907_795.mp4,907_795,795_907,1,FaceSwap,train
FaceForensics++_C23/FaceSwap/898_922.mp4,898_922,898_922,1,FaceSwap,val
FaceForensics++_C23/FaceSwap/905_860.mp4,905_860,860_905,1,FaceSwap,train
FaceForensics++_C23/FaceSwap/918_934.mp4,918_934,918_934,1,FaceSwap,train
FaceForensics++_C23/FaceSwap/900_926.mp4,900_926,900_926,1,FaceSwap,val
FaceForensics++_C23/FaceSwap/896_128.mp4,896_128,128_896,1,FaceSwap,test
FaceForensics++_C23/FaceSwap/920_811.mp4,920_811,811_920,1,FaceSwap,train
FaceForensics++_C23/FaceSwap/893_913.mp4,893_913,893_913,1,FaceSwap,train
FaceForensics++_C23/FaceSwap/899_914.mp4,899_914,899_914,1,FaceSwap,train
FaceForensics++_C23/FaceSwap/915_895.mp4,915_895,895_915,1,FaceSwap,val
FaceForensics++_C23/FaceSwap/910_911.mp4,910_911,910_911,1,FaceSwap,train
FaceForensics++_C23/FaceSwap/897_969.mp4,897_969,897_969,1,FaceSwap,train
FaceForensics++_C23/FaceSwap/949_868.mp4,949_868,868_949,1,FaceSwap,test
FaceForensics++_C23/FaceSwap/933_925.mp4,933_925,925_933,1,FaceSwap,val
FaceForensics++_C23/FaceSwap/939_115.mp4,939_115,115_939,1,FaceSwap,val
FaceForensics++_C23/FaceSwap/926_900.mp4,926_900,900_926,1,FaceSwap,val
FaceForensics++_C23/FaceSwap/930_763.mp4,930_763,763_930,1,FaceSwap,train
FaceForensics++_C23/FaceSwap/934_918.mp4,934_918,918_934,1,FaceSwap,train
FaceForensics++_C23/FaceSwap/924_917.mp4,924_917,917_924,1,FaceSwap,test
FaceForensics++_C23/FaceSwap/947_951.mp4,947_951,947_951,1,FaceSwap,val
FaceForensics++_C23/FaceSwap/946_049.mp4,946_049,049_946,1,FaceSwap,train
FaceForensics++_C23/FaceSwap/942_943.mp4,942_943,942_943,1,FaceSwap,train
FaceForensics++_C23/FaceSwap/938_987.mp4,938_987,938_987,1,FaceSwap,train
FaceForensics++_C23/FaceSwap/948_965.mp4,948_965,948_965,1,FaceSwap,train
FaceForensics++_C23/FaceSwap/927_912.mp4,927_912,912_927,1,FaceSwap,val
FaceForensics++_C23/FaceSwap/940_941.mp4,940_941,940_941,1,FaceSwap,train
FaceForensics++_C23/FaceSwap/935_733.mp4,935_733,733_935,1,FaceSwap,train
FaceForensics++_C23/FaceSwap/931_936.mp4,931_936,931_936,1,FaceSwap,train
FaceForensics++_C23/FaceSwap/929_962.mp4,929_962,929_962,1,FaceSwap,train
FaceForensics++_C23/FaceSwap/950_836.mp4,950_836,836_950,1,FaceSwap,train
FaceForensics++_C23/FaceSwap/928_160.mp4,928_160,160_928,1,FaceSwap,train
FaceForensics++_C23/FaceSwap/944_032.mp4,944_032,032_944,1,FaceSwap,train
FaceForensics++_C23/FaceSwap/943_942.mp4,943_942,942_943,1,FaceSwap,train
FaceForensics++_C23/FaceSwap/932_384.mp4,932_384,384_932,1,FaceSwap,test
FaceForensics++_C23/FaceSwap/945_044.mp4,945_044,044_945,1,FaceSwap,test
FaceForensics++_C23/FaceSwap/925_933.mp4,925_933,925_933,1,FaceSwap,val
FaceForensics++_C23/FaceSwap/936_931.mp4,936_931,931_936,1,FaceSwap,train
FaceForensics++_C23/FaceSwap/937_888.mp4,937_888,888_937,1,FaceSwap,train
FaceForensics++_C23/FaceSwap/941_940.mp4,941_940,940_941,1,FaceSwap,train
FaceForensics++_C23/FaceSwap/958_956.mp4,958_956,956_958,1,FaceSwap,val
FaceForensics++_C23/FaceSwap/965_948.mp4,965_948,948_965,1,FaceSwap,train
FaceForensics++_C23/FaceSwap/970_973.mp4,970_973,970_973,1,FaceSwap,test
FaceForensics++_C23/FaceSwap/968_884.mp4,968_884,884_968,1,FaceSwap,train
FaceForensics++_C23/FaceSwap/951_947.mp4,951_947,947_951,1,FaceSwap,val
FaceForensics++_C23/FaceSwap/971_564.mp4,971_564,564_971,1,FaceSwap,val
FaceForensics++_C23/FaceSwap/960_999.mp4,960_999,960_999,1,FaceSwap,train
FaceForensics++_C23/FaceSwap/967_984.mp4,967_984,967_984,1,FaceSwap,train
FaceForensics++_C23/FaceSwap/966_988.mp4,966_988,966_988,1,FaceSwap,train
FaceForensics++_C23/FaceSwap/953_974.mp4,953_974,953_974,1,FaceSwap,test
FaceForensics++_C23/FaceSwap/959_957.mp4,959_957,957_959,1,FaceSwap,train
FaceForensics++_C23/FaceSwap/955_078.mp4,955_078,078_955,1,FaceSwap,test
FaceForensics++_C23/FaceSwap/973_970.mp4,973_970,970_973,1,FaceSwap,test
FaceForensics++_C23/FaceSwap/962_929.mp4,962_929,929_962,1,FaceSwap,train
FaceForensics++_C23/FaceSwap/964_174.mp4,964_174,174_964,1,FaceSwap,train
FaceForensics++_C23/FaceSwap/969_897.mp4,969_897,897_969,1,FaceSwap,train
FaceForensics++_C23/FaceSwap/954_976.mp4,954_976,954_976,1,FaceSwap,train
FaceForensics++_C23/FaceSwap/956_958.mp4,956_958,956_958,1,FaceSwap,val
FaceForensics++_C23/FaceSwap/957_959.mp4,957_959,957_959,1,FaceSwap,train
FaceForensics++_C23/FaceSwap/963_879.mp4,963_879,879_963,1,FaceSwap,train
FaceForensics++_C23/FaceSwap/952_882.mp4,952_882,882_952,1,FaceSwap,train
FaceForensics++_C23/FaceSwap/961_069.mp4,961_069,069_961,1,FaceSwap,train
FaceForensics++_C23/FaceSwap/972_718.mp4,972_718,718_972,1,FaceSwap,train
FaceForensics++_C23/FaceSwap/974_953.mp4,974_953,953_974,1,FaceSwap,test
FaceForensics++_C23/FaceSwap/987_938.mp4,987_938,938_987,1,FaceSwap,train
FaceForensics++_C23/FaceSwap/981_985.mp4,981_985,981_985,1,FaceSwap,train
FaceForensics++_C23/FaceSwap/975_978.mp4,975_978,975_978,1,FaceSwap,train
FaceForensics++_C23/FaceSwap/980_992.mp4,980_992,980_992,1,FaceSwap,val
FaceForensics++_C23/FaceSwap/995_233.mp4,995_233,233_995,1,FaceSwap,test
FaceForensics++_C23/FaceSwap/994_986.mp4,994_986,986_994,1,FaceSwap,train
FaceForensics++_C23/FaceSwap/978_975.mp4,978_975,975_978,1,FaceSwap,train
FaceForensics++_C23/FaceSwap/988_966.mp4,988_966,966_988,1,FaceSwap,train
FaceForensics++_C23/FaceSwap/996_056.mp4,996_056,056_996,1,FaceSwap,train
FaceForensics++_C23/FaceSwap/979_875.mp4,979_875,875_979,1,FaceSwap,val
FaceForensics++_C23/FaceSwap/983_113.mp4,983_113,113_983,1,FaceSwap,train
FaceForensics++_C23/FaceSwap/985_981.mp4,985_981,981_985,1,FaceSwap,train
FaceForensics++_C23/FaceSwap/993_989.mp4,993_989,989_993,1,FaceSwap,train
FaceForensics++_C23/FaceSwap/977_075.mp4,977_075,075_977,1,FaceSwap,train
FaceForensics++_C23/FaceSwap/999_960.mp4,999_960,960_999,1,FaceSwap,train
FaceForensics++_C23/FaceSwap/989_993.mp4,989_993,989_993,1,FaceSwap,train
FaceForensics++_C23/FaceSwap/992_980.mp4,992_980,980_992,1,FaceSwap,val
FaceForensics++_C23/FaceSwap/982_004.mp4,982_004,004_982,1,FaceSwap,val
FaceForensics++_C23/FaceSwap/984_967.mp4,984_967,967_984,1,FaceSwap,train
FaceForensics++_C23/FaceSwap/990_008.mp4,990_008,008_990,1,FaceSwap,train
FaceForensics++_C23/FaceSwap/997_040.mp4,997_040,040_997,1,FaceSwap,train
FaceForensics++_C23/FaceSwap/986_994.mp4,986_994,986_994,1,FaceSwap,train
FaceForensics++_C23/FaceSwap/998_561.mp4,998_561,561_998,1,FaceSwap,train
FaceForensics++_C23/FaceSwap/976_954.mp4,976_954,954_976,1,FaceSwap,train
FaceForensics++_C23/FaceSwap/991_064.mp4,991_064,064_991,1,FaceSwap,val
FaceForensics++_C23/NeuralTextures/006_002.mp4,006_002,002_006,1,NeuralTextures,train
FaceForensics++_C23/NeuralTextures/007_132.mp4,007_132,007_132,1,NeuralTextures,train
FaceForensics++_C23/NeuralTextures/004_982.mp4,004_982,004_982,1,NeuralTextures,val
FaceForensics++_C23/NeuralTextures/003_000.mp4,003_000,000_003,1,NeuralTextures,test
FaceForensics++_C23/NeuralTextures/002_006.mp4,002_006,002_006,1,NeuralTextures,train
FaceForensics++_C23/NeuralTextures/005_010.mp4,005_010,005_010,1,NeuralTextures,train
FaceForensics++_C23/NeuralTextures/001_870.mp4,001_870,001_870,1,NeuralTextures,train
FaceForensics++_C23/NeuralTextures/009_027.mp4,009_027,009_027,1,NeuralTextures,train
FaceForensics++_C23/NeuralTextures/008_990.mp4,008_990,008_990,1,NeuralTextures,train
FaceForensics++_C23/NeuralTextures/000_003.mp4,000_003,000_003,1,NeuralTextures,test
FaceForensics++_C23/NeuralTextures/045_889.mp4,045_889,045_889,1,NeuralTextures,train
FaceForensics++_C23/NeuralTextures/011_805.mp4,011_805,011_805,1,NeuralTextures,train
FaceForensics++_C23/NeuralTextures/039_058.mp4,039_058,039_058,1,NeuralTextures,train
FaceForensics++_C23/NeuralTextures/035_036.mp4,035_036,035_036,1,NeuralTextures,test
FaceForensics++_C23/NeuralTextures/041_063.mp4,041_063,041_063,1,NeuralTextures,train
FaceForensics++_C23/NeuralTextures/040_997.mp4,040_997,040_997,1,NeuralTextures,train
FaceForensics++_C23/NeuralTextures/033_097.mp4,033_097,033_097,1,NeuralTextures,train
FaceForensics++_C23/NeuralTextures/013_883.mp4,013_883,013_883,1,NeuralTextures,train
FaceForensics++_C23/NeuralTextures/027_009.mp4,027_009,009_027,1,NeuralTextures,train
FaceForensics++_C23/NeuralTextures/019_018.mp4,019_018,018_019,1,NeuralTextures,train
FaceForensics++_C23/NeuralTextures/043_110.mp4,043_110,043_110,1,NeuralTextures,train
FaceForensics++_C23/NeuralTextures/018_019.mp4,018_019,018_019,1,NeuralTextures,train
FaceForensics++_C23/NeuralTextures/030_193.mp4,030_193,030_193,1,NeuralTextures,train
FaceForensics++_C23/NeuralTextures/038_125.mp4,038_125,038_125,1,NeuralTextures,train
FaceForensics++_C23/NeuralTextures/028_068.mp4,028_068,028_068,1,NeuralTextures,train
FaceForensics++_C23/NeuralTextures/037_072.mp4,037_072,037_072,1,NeuralTextures,train
FaceForensics++_C23/NeuralTextures/046_904.mp4,046_904,046_904,1,NeuralTextures,val
FaceForensics++_C23/NeuralTextures/017_803.mp4,017_803,017_803,1,NeuralTextures,train
FaceForensics++_C23/NeuralTextures/036_035.mp4,036_035,035_036,1,NeuralTextures,test
FaceForensics++_C23/NeuralTextures/026_012.mp4,026_012,012_026,1,NeuralTextures,test
FaceForensics++_C23/NeuralTextures/024_073.mp4,024_073,024_073,1,NeuralTextures,test
FaceForensics++_C23/NeuralTextures/029_048.mp4,029_048,029_048,1,NeuralTextures,test
FaceForensics++_C23/NeuralTextures/025_067.mp4,025_067,025_067,1,NeuralTextures,train
FaceForensics++_C23/NeuralTextures/020_344.mp4,020_344,020_344,1,NeuralTextures,train
FaceForensics++_C23/NeuralTextures/015_919.mp4,015_919,015_919,1,NeuralTextures,test
FaceForensics++_C23/NeuralTextures/022_489.mp4,022_489,022_489,1,NeuralTextures,train
FaceForensics++_C23/NeuralTextures/021_312.mp4,021_312,021_312,1,NeuralTextures,train
FaceForensics++_C23/NeuralTextures/031_163.mp4,031_163,031_163,1,NeuralTextures,train
FaceForensics++_C23/NeuralTextures/034_590.mp4,034_590,034_590,1,NeuralTextures,train
FaceForensics++_C23/NeuralTextures/042_084.mp4,042_084,042_084,1,NeuralTextures,val
FaceForensics++_C23/NeuralTextures/016_209.mp4,016_209,016_209,1,NeuralTextures,train
FaceForensics++_C23/NeuralTextures/014_790.mp4,014_790,014_790,1,NeuralTextures,train
FaceForensics++_C23/NeuralTextures/044_945.mp4,044_945,044_945,1,NeuralTextures,test
FaceForensics++_C23/NeuralTextures/012_026.mp4,012_026,012_026,1,NeuralTextures,test
FaceForensics++_C23/NeuralTextures/023_923.mp4,023_923,023_923,1,NeuralTextures,val
FaceForensics++_C23/NeuralTextures/032_944.mp4,032_944,032_944,1,NeuralTextures,train
FaceForensics++_C23/NeuralTextures/010_005.mp4,010_005,005_010,1,NeuralTextures,train
FaceForensics++_C23/NeuralTextures/065_089.mp4,065_089,065_089,1,NeuralTextures,train
FaceForensics++_C23/NeuralTextures/070_057.mp4,070_057,057_070,1,NeuralTextures,train
FaceForensics++_C23/NeuralTextures/059_050.mp4,059_050,050_059,1,NeuralTextures,train
FaceForensics++_C23/NeuralTextures/082_103.mp4,082_103,082_103,1,NeuralTextures,train
FaceForensics++_C23/NeuralTextures/054_071.mp4,054_071,054_071,1,NeuralTextures,train
FaceForensics++_C23/NeuralTextures/080_061.mp4,080_061,061_080,1,NeuralTextures,train
FaceForensics++_C23/NeuralTextures/056_996.mp4,056_996,056_996,1,NeuralTextures,train
FaceForensics++_C23/NeuralTextures/081_087.mp4,081_087,081_087,1,NeuralTextures,train
FaceForensics++_C23/NeuralTextures/069_961.mp4,069_961,069_961,1,NeuralTextures,train
FaceForensics++_C23/NeuralTextures/066_062.mp4,066_062,062_066,1,NeuralTextures,train
FaceForensics++_C23/NeuralTextures/072_037.mp4,072_037,037_072,1,NeuralTextures,train
FaceForensics++_C23/NeuralTextures/061_080.mp4,061_080,061_080,1,NeuralTextures,train
FaceForensics++_C23/NeuralTextures/079_076.mp4,079_076,076_079,1,NeuralTextures,train
FaceForensics++_C23/NeuralTextures/077_100.mp4,077_100,077_100,1,NeuralTextures,train
FaceForensics++_C23/NeuralTextures/049_946.mp4,049_946,049_946,1,NeuralTextures,train
FaceForensics++_C23/NeuralTextures/048_029.mp4,048_029,029_048,1,NeuralTextures,test
FaceForensics++_C23/NeuralTextures/075_977.mp4,075_977,075_977,1,NeuralTextures,train
FaceForensics++_C23/NeuralTextures/071_054.mp4,071_054,054_071,1,NeuralTextures,train
FaceForensics++_C23/NeuralTextures/051_332.mp4,051_332,051_332,1,NeuralTextures,train
FaceForensics++_C23/NeuralTextures/052_108.mp4,052_108,052_108,1,NeuralTextures,train
FaceForensics++_C23/NeuralTextures/073_024.mp4,073_024,024_073,1,NeuralTextures,test
FaceForensics++_C23/NeuralTextures/074_825.mp4,074_825,074_825,1,NeuralTextures,train
FaceForensics++_C23/NeuralTextures/060_088.mp4,060_088,060_088,1,NeuralTextures,train
FaceForensics++_C23/NeuralTextures/076_079.mp4,076_079,076_079,1,NeuralTextures,train
FaceForensics++_C23/NeuralTextures/078_955.mp4,078_955,078_955,1,NeuralTextures,test
FaceForensics++_C23/NeuralTextures/064_991.mp4,064_991,064_991,1,NeuralTextures,val
FaceForensics++_C23/NeuralTextures/083_213.mp4,083_213,083_213,1,NeuralTextures,train
FaceForensics++_C23/NeuralTextures/062_066.mp4,062_066,062_066,1,NeuralTextures,train
FaceForensics++_C23/NeuralTextures/058_039.mp4,058_039,039_058,1,NeuralTextures,train
FaceForensics++_C23/NeuralTextures/067_025.mp4,067_025,025_067,1,NeuralTextures,train
FaceForensics++_C23/NeuralTextures/050_059.mp4,050_059,050_059,1,NeuralTextures,train
FaceForensics++_C23/NeuralTextures/068_028.mp4,068_028,028_068,1,NeuralTextures,train
FaceForensics++_C23/NeuralTextures/047_862.mp4,047_862,047_862,1,NeuralTextures,test
FaceForensics++_C23/NeuralTextures/063_041.mp4,063_041,041_063,1,NeuralTextures,train
FaceForensics++_C23/NeuralTextures/055_147.mp4,055_147,055_147,1,NeuralTextures,train
FaceForensics++_C23/NeuralTextures/053_095.mp4,053_095,053_095,1,NeuralTextures,train
FaceForensics++_C23/NeuralTextures/057_070.mp4,057_070,057_070,1,NeuralTextures,train
FaceForensics++_C23/NeuralTextures/089_065.mp4,089_065,065_089,1,NeuralTextures,train
FaceForensics++_C23/NeuralTextures/104_126.mp4,104_126,104_126,1,NeuralTextures,val
FaceForensics++_C23/NeuralTextures/101_096.mp4,101_096,096_101,1,NeuralTextures,train
FaceForensics++_C23/NeuralTextures/091_116.mp4,091_116,091_116,1,NeuralTextures,val
FaceForensics++_C23/NeuralTextures/087_081.mp4,087_081,081_087,1,NeuralTextures,train
FaceForensics++_C23/NeuralTextures/095_053.mp4,095_053,053_095,1,NeuralTextures,train
FaceForensics++_C23/NeuralTextures/106_198.mp4,106_198,106_198,1,NeuralTextures,val
FaceForensics++_C23/NeuralTextures/105_180.mp4,105_180,105_180,1,NeuralTextures,train
FaceForensics++_C23/NeuralTextures/094_111.mp4,094_111,094_111,1,NeuralTextures,train
FaceForensics++_C23/NeuralTextures/084_042.mp4,084_042,042_084,1,NeuralTextures,val
FaceForensics++_C23/NeuralTextures/107_109.mp4,107_109,107_109,1,NeuralTextures,train
FaceForensics++_C23/NeuralTextures/085_124.mp4,085_124,085_124,1,NeuralTextures,train
FaceForensics++_C23/NeuralTextures/102_114.mp4,102_114,102_114,1,NeuralTextures,test
FaceForensics++_C23/NeuralTextures/097_033.mp4,097_033,033_097,1,NeuralTextures,train
FaceForensics++_C23/NeuralTextures/088_060.mp4,088_060,060_088,1,NeuralTextures,train
FaceForensics++_C23/NeuralTextures/092_098.mp4,092_098,092_098,1,NeuralTextures,train
FaceForensics++_C23/NeuralTextures/090_086.mp4,090_086,086_090,1,NeuralTextures,train
FaceForensics++_C23/NeuralTextures/098_092.mp4,098_092,092_098,1,NeuralTextures,train
FaceForensics++_C23/NeuralTextures/108_052.mp4,108_052,052_108,1,NeuralTextures,train
FaceForensics++_C23/NeuralTextures/099_295.mp4,099_295,099_295,1,NeuralTextures,train
FaceForensics++_C23/NeuralTextures/100_077.mp4,100_077,077_100,1,NeuralTextures,train
FaceForensics++_C23/NeuralTextures/086_090.mp4,086_090,086_090,1,NeuralTextures,train
FaceForensics++_C23/NeuralTextures/093_121.mp4,093_121,093_121,1,NeuralTextures,train
FaceForensics++_C23/NeuralTextures/096_101.mp4,096_101,096_101,1,NeuralTextures,train
FaceForensics++_C23/NeuralTextures/103_082.mp4,103_082,082_103,1,NeuralTextures,train
FaceForensics++_C23/NeuralTextures/109_107.mp4,109_107,107_109,1,NeuralTextures,train
FaceForensics++_C23/NeuralTextures/115_939.mp4,115_939,115_939,1,NeuralTextures,val
FaceForensics++_C23/NeuralTextures/143_140.mp4,143_140,140_143,1,NeuralTextures,train
FaceForensics++_C23/NeuralTextures/117_217.mp4,117_217,117_217,1,NeuralTextures,train
FaceForensics++_C23/NeuralTextures/123_119.mp4,123_119,119_123,1,NeuralTextures,train
FaceForensics++_C23/NeuralTextures/118_120.mp4,118_120,118_120,1,NeuralTextures,train
FaceForensics++_C23/NeuralTextures/121_093.mp4,121_093,093_121,1,NeuralTextures,train
FaceForensics++_C23/NeuralTextures/146_256.mp4,146_256,146_256,1,NeuralTextures,train
FaceForensics++_C23/NeuralTextures/110_043.mp4,110_043,043_110,1,NeuralTextures,train
FaceForensics++_C23/NeuralTextures/145_299.mp4,145_299,145_299,1,NeuralTextures,val
FaceForensics++_C23/NeuralTextures/144_122.mp4,144_122,122_144,1,NeuralTextures,train
FaceForensics++_C23/NeuralTextures/142_138.mp4,142_138,138_142,1,NeuralTextures,test
FaceForensics++_C23/NeuralTextures/119_123.mp4,119_123,119_123,1,NeuralTextures,train
FaceForensics++_C23/NeuralTextures/111_094.mp4,111_094,094_111,1,NeuralTextures,train
FaceForensics++_C23/NeuralTextures/132_007.mp4,132_007,007_132,1,NeuralTextures,train
FaceForensics++_C23/NeuralTextures/112_892.mp4,112_892,112_892,1,NeuralTextures,train
FaceForensics++_C23/NeuralTextures/140_143.mp4,140_143,140_143,1,NeuralTextures,train
FaceForensics++_C23/NeuralTextures/131_518.mp4,131_518,131_518,1,NeuralTextures,train
FaceForensics++_C23/NeuralTextures/129_127.mp4,129_127,127_129,1,NeuralTextures,train
FaceForensics++_C23/NeuralTextures/133_148.mp4,133_148,133_148,1,NeuralTextures,train
FaceForensics++_C23/NeuralTextures/114_102.mp4,114_102,102_114,1,NeuralTextures,test
FaceForensics++_C23/NeuralTextures/135_880.mp4,135_880,135_880,1,NeuralTextures,test
FaceForensics++_C23/NeuralTextures/138_142.mp4,138_142,138_142,1,NeuralTextures,test
FaceForensics++_C23/NeuralTextures/130_139.mp4,130_139,130_139,1,NeuralTextures,train
FaceForensics++_C23/NeuralTextures/116_091.mp4,116_091,091_116,1,NeuralTextures,val
FaceForensics++_C23/NeuralTextures/139_130.mp4,139_130,130_139,1,NeuralTextures,train
FaceForensics++_C23/NeuralTextures/126_104.mp4,126_104,104_126,1,NeuralTextures,val
FaceForensics++_C23/NeuralTextures/127_129.mp4,127_129,127_129,1,NeuralTextures,train
FaceForensics++_C23/NeuralTextures/128_896.mp4,128_896,128_896,1,NeuralTextures,test
FaceForensics++_C23/NeuralTextures/113_983.mp4,113_983,113_983,1,NeuralTextures,train
FaceForensics++_C23/NeuralTextures/124_085.mp4,124_085,085_124,1,NeuralTextures,train
FaceForensics++_C23/NeuralTextures/141_161.mp4,141_161,141_161,1,NeuralTextures,test
FaceForensics++_C23/NeuralTextures/137_165.mp4,137_165,137_165,1,NeuralTextures,train
FaceForensics++_C23/NeuralTextures/120_118.mp4,120_118,118_120,1,NeuralTextures,train
FaceForensics++_C23/NeuralTextures/125_038.mp4,125_038,038_125,1,NeuralTextures,train
FaceForensics++_C23/NeuralTextures/122_144.mp4,122_144,122_144,1,NeuralTextures,train
FaceForensics++_C23/NeuralTextures/136_285.mp4,136_285,136_285,1,NeuralTextures,train
FaceForensics++_C23/NeuralTextures/134_192.mp4,134_192,134_192,1,NeuralTextures,val
FaceForensics++_C23/NeuralTextures/165_137.mp4,165_137,137_165,1,NeuralTextures,train
FaceForensics++_C23/NeuralTextures/150_153.mp4,150_153,150_153,1,NeuralTextures,train
FaceForensics++_C23/NeuralTextures/164_216.mp4,164_216,164_216,1,NeuralTextures,train
FaceForensics++_C23/NeuralTextures/174_964.mp4,174_964,174_964,1,NeuralTextures,train
FaceForensics++_C23/NeuralTextures/173_171.mp4,173_171,171_173,1,NeuralTextures,train
FaceForensics++_C23/NeuralTextures/152_149.mp4,152_149,149_152,1,NeuralTextures,train
FaceForensics++_C23/NeuralTextures/155_576.mp4,155_576,155_576,1,NeuralTextures,train
FaceForensics++_C23/NeuralTextures/169_227.mp4,169_227,169_227,1,NeuralTextures,test
FaceForensics++_C23/NeuralTextures/156_243.mp4,156_243,156_243,1,NeuralTextures,train
FaceForensics++_C23/NeuralTextures/168_222.mp4,168_222,168_222,1,NeuralTextures,train
FaceForensics++_C23/NeuralTextures/160_928.mp4,160_928,160_928,1,NeuralTextures,train
FaceForensics++_C23/NeuralTextures/176_190.mp4,176_190,176_190,1,NeuralTextures,test
FaceForensics++_C23/NeuralTextures/149_152.mp4,149_152,149_152,1,NeuralTextures,train
FaceForensics++_C23/NeuralTextures/154_386.mp4,154_386,154_386,1,NeuralTextures,test
FaceForensics++_C23/NeuralTextures/161_141.mp4,161_141,141_161,1,NeuralTextures,test
FaceForensics++_C23/NeuralTextures/171_173.mp4,171_173,171_173,1,NeuralTextures,train
FaceForensics++_C23/NeuralTextures/163_031.mp4,163_031,031_163,1,NeuralTextures,train
FaceForensics++_C23/NeuralTextures/172_582.mp4,172_582,172_582,1,NeuralTextures,train
FaceForensics++_C23/NeuralTextures/175_159.mp4,175_159,159_175,1,NeuralTextures,val
FaceForensics++_C23/NeuralTextures/148_133.mp4,148_133,133_148,1,NeuralTextures,train
FaceForensics++_C23/NeuralTextures/167_166.mp4,167_166,166_167,1,NeuralTextures,train
FaceForensics++_C23/NeuralTextures/158_379.mp4,158_379,158_379,1,NeuralTextures,test
FaceForensics++_C23/NeuralTextures/162_330.mp4,162_330,162_330,1,NeuralTextures,train
FaceForensics++_C23/NeuralTextures/159_175.mp4,159_175,159_175,1,NeuralTextures,val
FaceForensics++_C23/NeuralTextures/147_055.mp4,147_055,055_147,1,NeuralTextures,train
FaceForensics++_C23/NeuralTextures/157_245.mp4,157_245,157_245,1,NeuralTextures,val
FaceForensics++_C23/NeuralTextures/170_186.mp4,170_186,170_186,1,NeuralTextures,test
FaceForensics++_C23/NeuralTextures/166_167.mp4,166_167,166_167,1,NeuralTextures,train
FaceForensics++_C23/NeuralTextures/151_225.mp4,151_225,151_225,1,NeuralTextures,train
FaceForensics++_C23/NeuralTextures/153_150.mp4,153_150,150_153,1,NeuralTextures,train
FaceForensics++_C23/NeuralTextures/192_134.mp4,192_134,134_192,1,NeuralTextures,val
FaceForensics++_C23/NeuralTextures/180_105.mp4,180_105,105_180,1,NeuralTextures,train
FaceForensics++_C23/NeuralTextures/203_201.mp4,203_201,201_203,1,NeuralTextures,train
FaceForensics++_C23/NeuralTextures/189_200.mp4,189_200,189_200,1,NeuralTextures,train
FaceForensics++_C23/NeuralTextures/193_030.mp4,193_030,030_193,1,NeuralTextures,train
FaceForensics++_C23/NeuralTextures/188_191.mp4,188_191,188_191,1,NeuralTextures,train
FaceForensics++_C23/NeuralTextures/199_181.mp4,199_181,181_199,1,NeuralTextures,train
FaceForensics++_C23/NeuralTextures/179_212.mp4,179_212,179_212,1,NeuralTextures,train
FaceForensics++_C23/NeuralTextures/190_176.mp4,190_176,176_190,1,NeuralTextures,test
FaceForensics++_C23/NeuralTextures/182_242.mp4,182_242,182_242,1,NeuralTextures,train
FaceForensics++_C23/NeuralTextures/201_203.mp4,201_203,201_203,1,NeuralTextures,train
FaceForensics++_C23/NeuralTextures/186_170.mp4,186_170,170_186,1,NeuralTextures,test
FaceForensics++_C23/NeuralTextures/181_199.mp4,181_199,181_199,1,NeuralTextures,train
FaceForensics++_C23/NeuralTextures/196_310.mp4,196_310,196_310,1,NeuralTextures,train
FaceForensics++_C23/NeuralTextures/198_106.mp4,198_106,106_198,1,NeuralTextures,val
FaceForensics++_C23/NeuralTextures/191_188.mp4,191_188,188_191,1,NeuralTextures,train
FaceForensics++_C23/NeuralTextures/195_442.mp4,195_442,195_442,1,NeuralTextures,train
FaceForensics++_C23/NeuralTextures/184_205.mp4,184_205,184_205,1,NeuralTextures,train
FaceForensics++_C23/NeuralTextures/185_276.mp4,185_276,185_276,1,NeuralTextures,train
FaceForensics++_C23/NeuralTextures/177_211.mp4,177_211,177_211,1,NeuralTextures,train
FaceForensics++_C23/NeuralTextures/202_348.mp4,202_348,202_348,1,NeuralTextures,train
FaceForensics++_C23/NeuralTextures/197_224.mp4,197_224,197_224,1,NeuralTextures,train
FaceForensics++_C23/NeuralTextures/206_221.mp4,206_221,206_221,1,NeuralTextures,train
FaceForensics++_C23/NeuralTextures/187_234.mp4,187_234,187_234,1,NeuralTextures,train
FaceForensics++_C23/NeuralTextures/205_184.mp4,205_184,184_205,1,NeuralTextures,train
FaceForensics++_C23/NeuralTextures/204_230.mp4,204_230,204_230,1,NeuralTextures,train
FaceForensics++_C23/NeuralTextures/200_189.mp4,200_189,189_200,1,NeuralTextures,train
FaceForensics++_C23/NeuralTextures/194_235.mp4,194_235,194_235,1,NeuralTextures,train
FaceForensics++_C23/NeuralTextures/178_598.mp4,178_598,178_598,1,NeuralTextures,train
FaceForensics++_C23/NeuralTextures/183_253.mp4,183_253,183_253,1,NeuralTextures,train
FaceForensics++_C23/NeuralTextures/216_164.mp4,216_164,164_216,1,NeuralTextures,train
FaceForensics++_C23/NeuralTextures/226_491.mp4,226_491,226_491,1,NeuralTextures,train
FaceForensics++_C23/NeuralTextures/224_197.mp4,224_197,197_224,1,NeuralTextures,train
FaceForensics++_C23/NeuralTextures/211_177.mp4,211_177,177_211,1,NeuralTextures,train
FaceForensics++_C23/NeuralTextures/210_241.mp4,210_241,210_241,1,NeuralTextures,train
FaceForensics++_C23/NeuralTextures/235_194.mp4,235_194,194_235,1,NeuralTextures,train
FaceForensics++_C23/NeuralTextures/212_179.mp4,212_179,179_212,1,NeuralTextures,train
FaceForensics++_C23/NeuralTextures/228_289.mp4,228_289,228_289,1,NeuralTextures,train
FaceForensics++_C23/NeuralTextures/208_215.mp4,208_215,208_215,1,NeuralTextures,train
FaceForensics++_C23/NeuralTextures/234_187.mp4,234_187,187_234,1,NeuralTextures,train
FaceForensics++_C23/NeuralTextures/236_237.mp4,236_237,236_237,1,NeuralTextures,train
FaceForensics++_C23/NeuralTextures/225_151.mp4,225_151,151_225,1,NeuralTextures,train
FaceForensics++_C23/NeuralTextures/222_168.mp4,222_168,168_222,1,NeuralTextures,train
FaceForensics++_C23/NeuralTextures/237_236.mp4,237_236,236_237,1,NeuralTextures,train
FaceForensics++_C23/NeuralTextures/233_995.mp4,233_995,233_995,1,NeuralTextures,test
FaceForensics++_C23/NeuralTextures/217_117.mp4,217_117,117_217,1,NeuralTextures,train
FaceForensics++_C23/NeuralTextures/223_586.mp4,223_586,223_586,1,NeuralTextures,val
FaceForensics++_C23/NeuralTextures/231_663.mp4,231_663,231_663,1,NeuralTextures,train
FaceForensics++_C23/NeuralTextures/213_083.mp4,213_083,083_213,1,NeuralTextures,train
FaceForensics++_C23/NeuralTextures/230_204.mp4,230_204,204_230,1,NeuralTextures,train
FaceForensics++_C23/NeuralTextures/219_220.mp4,219_220,219_220,1,NeuralTextures,test
FaceForensics++_C23/NeuralTextures/214_255.mp4,214_255,214_255,1,NeuralTextures,test
FaceForensics++_C23/NeuralTextures/232_248.mp4,232_248,232_248,1,NeuralTextures,train
FaceForensics++_C23/NeuralTextures/207_908.mp4,207_908,207_908,1,NeuralTextures,train
FaceForensics++_C23/NeuralTextures/221_206.mp4,221_206,206_221,1,NeuralTextures,train
FaceForensics++_C23/NeuralTextures/227_169.mp4,227_169,169_227,1,NeuralTextures,test
FaceForensics++_C23/NeuralTextures/229_247.mp4,229_247,229_247,1,NeuralTextures,train
FaceForensics++_C23/NeuralTextures/215_208.mp4,215_208,208_215,1,NeuralTextures,train
FaceForensics++_C23/NeuralTextures/209_016.mp4,209_016,016_209,1,NeuralTextures,train
FaceForensics++_C23/NeuralTextures/220_219.mp4,220_219,219_220,1,NeuralTextures,test
FaceForensics++_C23/NeuralTextures/218_239.mp4,218_239,218_239,1,NeuralTextures,train
FaceForensics++_C23/NeuralTextures/267_286.mp4,267_286,267_286,1,NeuralTextures,train
FaceForensics++_C23/NeuralTextures/254_261.mp4,254_261,254_261,1,NeuralTextures,val
FaceForensics++_C23/NeuralTextures/268_269.mp4,268_269,268_269,1,NeuralTextures,train
FaceForensics++_C23/NeuralTextures/249_280.mp4,249_280,249_280,1,NeuralTextures,test
FaceForensics++_C23/NeuralTextures/247_229.mp4,247_229,229_247,1,NeuralTextures,train
FaceForensics++_C23/NeuralTextures/245_157.mp4,245_157,157_245,1,NeuralTextures,val
FaceForensics++_C23/NeuralTextures/238_282.mp4,238_282,238_282,1,NeuralTextures,train
FaceForensics++_C23/NeuralTextures/242_182.mp4,242_182,182_242,1,NeuralTextures,train
FaceForensics++_C23/NeuralTextures/244_822.mp4,244_822,244_822,1,NeuralTextures,train
FaceForensics++_C23/NeuralTextures/260_331.mp4,260_331,260_331,1,NeuralTextures,train
FaceForensics++_C23/NeuralTextures/265_475.mp4,265_475,265_475,1,NeuralTextures,train
FaceForensics++_C23/NeuralTextures/264_271.mp4,264_271,264_271,1,NeuralTextures,train
FaceForensics++_C23/NeuralTextures/239_218.mp4,239_218,218_239,1,NeuralTextures,train
FaceForensics++_C23/NeuralTextures/248_232.mp4,248_232,232_248,1,NeuralTextures,train
FaceForensics++_C23/NeuralTextures/258_246.mp4,258_246,246_258,1,NeuralTextures,train
FaceForensics++_C23/NeuralTextures/261_254.mp4,261_254,254_261,1,NeuralTextures,val
FaceForensics++_C23/NeuralTextures/257_420.mp4,257_420,257_420,1,NeuralTextures,test
FaceForensics++_C23/NeuralTextures/252_266.mp4,252_266,252_266,1,NeuralTextures,train
FaceForensics++_C23/NeuralTextures/250_461.mp4,250_461,250_461,1,NeuralTextures,train
FaceForensics++_C23/NeuralTextures/255_214.mp4,255_214,214_255,1,NeuralTextures,test
FaceForensics++_C23/NeuralTextures/262_301.mp4,262_301,262_301,1,NeuralTextures,train
FaceForensics++_C23/NeuralTextures/246_258.mp4,246_258,246_258,1,NeuralTextures,train
FaceForensics++_C23/NeuralTextures/240_290.mp4,240_290,240_290,1,NeuralTextures,train
FaceForensics++_C23/NeuralTextures/256_146.mp4,256_146,146_256,1,NeuralTextures,train
FaceForensics++_C23/NeuralTextures/243_156.mp4,243_156,156_243,1,NeuralTextures,train
FaceForensics++_C23/NeuralTextures/259_345.mp4,259_345,259_345,1,NeuralTextures,train
FaceForensics++_C23/NeuralTextures/263_284.mp4,263_284,263_284,1,NeuralTextures,val
FaceForensics++_C23/NeuralTextures/241_210.mp4,241_210,210_241,1,NeuralTextures,train
FaceForensics++_C23/NeuralTextures/251_375.mp4,251_375,251_375,1,NeuralTextures,train
FaceForensics++_C23/NeuralTextures/266_252.mp4,266_252,252_266,1,NeuralTextures,train
FaceForensics++_C23/NeuralTextures/253_183.mp4,253_183,183_253,1,NeuralTextures,train
FaceForensics++_C23/NeuralTextures/293_296.mp4,293_296,293_296,1,NeuralTextures,train
FaceForensics++_C23/NeuralTextures/275_887.mp4,275_887,275_887,1,NeuralTextures,train
FaceForensics++_C23/NeuralTextures/294_292.mp4,294_292,292_294,1,NeuralTextures,train
FaceForensics++_C23/NeuralTextures/303_309.mp4,303_309,303_309,1,NeuralTextures,train
FaceForensics++_C23/NeuralTextures/305_513.mp4,305_513,305_513,1,NeuralTextures,train
FaceForensics++_C23/NeuralTextures/302_323.mp4,302_323,302_323,1,NeuralTextures,train
FaceForensics++_C23/NeuralTextures/277_335.mp4,277_335,277_335,1,NeuralTextures,train
FaceForensics++_C23/NeuralTextures/298_279.mp4,298_279,279_298,1,NeuralTextures,train
FaceForensics++_C23/NeuralTextures/283_313.mp4,283_313,283_313,1,NeuralTextures,train
FaceForensics++_C23/NeuralTextures/289_228.mp4,289_228,228_289,1,NeuralTextures,train
FaceForensics++_C23/NeuralTextures/296_293.mp4,296_293,293_296,1,NeuralTextures,train
FaceForensics++_C23/NeuralTextures/295_099.mp4,295_099,099_295,1,NeuralTextures,train
FaceForensics++_C23/NeuralTextures/279_298.mp4,279_298,279_298,1,NeuralTextures,train
FaceForensics++_C23/NeuralTextures/276_185.mp4,276_185,185_276,1,NeuralTextures,train
FaceForensics++_C23/NeuralTextures/285_136.mp4,285_136,136_285,1,NeuralTextures,train
FaceForensics++_C23/NeuralTextures/292_294.mp4,292_294,292_294,1,NeuralTextures,train
FaceForensics++_C23/NeuralTextures/287_426.mp4,287_426,287_426,1,NeuralTextures,train
FaceForensics++_C23/NeuralTextures/270_297.mp4,270_297,270_297,1,NeuralTextures,train
FaceForensics++_C23/NeuralTextures/291_874.mp4,291_874,291_874,1,NeuralTextures,train
FaceForensics++_C23/NeuralTextures/280_249.mp4,280_249,249_280,1,NeuralTextures,test
FaceForensics++_C23/NeuralTextures/278_306.mp4,278_306,278_306,1,NeuralTextures,test
FaceForensics++_C23/NeuralTextures/301_262.mp4,301_262,262_301,1,NeuralTextures,train
FaceForensics++_C23/NeuralTextures/273_807.mp4,273_807,273_807,1,NeuralTextures,val
FaceForensics++_C23/NeuralTextures/274_412.mp4,274_412,274_412,1,NeuralTextures,train
FaceForensics++_C23/NeuralTextures/282_238.mp4,282_238,238_282,1,NeuralTextures,train
FaceForensics++_C23/NeuralTextures/299_145.mp4,299_145,145_299,1,NeuralTextures,val
FaceForensics++_C23/NeuralTextures/300_304.mp4,300_304,300_304,1,NeuralTextures,train
FaceForensics++_C23/NeuralTextures/286_267.mp4,286_267,267_286,1,NeuralTextures,train
FaceForensics++_C23/NeuralTextures/288_321.mp4,288_321,288_321,1,NeuralTextures,test
FaceForensics++_C23/NeuralTextures/271_264.mp4,271_264,264_271,1,NeuralTextures,train
FaceForensics++_C23/NeuralTextures/281_474.mp4,281_474,281_474,1,NeuralTextures,train
FaceForensics++_C23/NeuralTextures/290_240.mp4,290_240,240_290,1,NeuralTextures,train
FaceForensics++_C23/NeuralTextures/269_268.mp4,269_268,268_269,1,NeuralTextures,train
FaceForensics++_C23/NeuralTextures/272_396.mp4,272_396,272_396,1,NeuralTextures,train
FaceForensics++_C23/NeuralTextures/297_270.mp4,297_270,270_297,1,NeuralTextures,train
FaceForensics++_C23/NeuralTextures/304_300.mp4,304_300,300_304,1,NeuralTextures,train
FaceForensics++_C23/NeuralTextures/284_263.mp4,284_263,263_284,1,NeuralTextures,val
FaceForensics++_C23/NeuralTextures/338_336.mp4,338_336,336_338,1,NeuralTextures,train
FaceForensics++_C23/NeuralTextures/334_318.mp4,334_318,318_334,1,NeuralTextures,train
FaceForensics++_C23/NeuralTextures/336_338.mp4,336_338,336_338,1,NeuralTextures,train
FaceForensics++_C23/NeuralTextures/325_492.mp4,325_492,325_492,1,NeuralTextures,val
FaceForensics++_C23/NeuralTextures/307_365.mp4,307_365,307_365,1,NeuralTextures,train
FaceForensics++_C23/NeuralTextures/327_329.mp4,327_329,327_329,1,NeuralTextures,train
FaceForensics++_C23/NeuralTextures/315_322.mp4,315_322,315_322,1,NeuralTextures,train
FaceForensics++_C23/NeuralTextures/342_416.mp4,342_416,342_416,1,NeuralTextures,val
FaceForensics++_C23/NeuralTextures/308_388.mp4,308_388,308_388,1,NeuralTextures,test
FaceForensics++_C23/NeuralTextures/333_377.mp4,333_377,333_377,1,NeuralTextures,train
FaceForensics++_C23/NeuralTextures/321_288.mp4,321_288,288_321,1,NeuralTextures,test
FaceForensics++_C23/NeuralTextures/322_315.mp4,322_315,315_322,1,NeuralTextures,train
FaceForensics++_C23/NeuralTextures/339_392.mp4,339_392,339_392,1,NeuralTextures,train
FaceForensics++_C23/NeuralTextures/335_277.mp4,335_277,277_335,1,NeuralTextures,train
FaceForensics++_C23/NeuralTextures/340_341.mp4,340_341,340_341,1,NeuralTextures,train
FaceForensics++_C23/NeuralTextures/328_320.mp4,328_320,320_328,1,NeuralTextures,train
FaceForensics++_C23/NeuralTextures/313_283.mp4,313_283,283_313,1,NeuralTextures,train
FaceForensics++_C23/NeuralTextures/312_021.mp4,312_021,021_312,1,NeuralTextures,train
FaceForensics++_C23/NeuralTextures/310_196.mp4,310_196,196_310,1,NeuralTextures,train
FaceForensics++_C23/NeuralTextures/311_387.mp4,311_387,311_387,1,NeuralTextures,train
FaceForensics++_C23/NeuralTextures/306_278.mp4,306_278,278_306,1,NeuralTextures,test
FaceForensics++_C23/NeuralTextures/341_340.mp4,341_340,340_341,1,NeuralTextures,train
FaceForensics++_C23/NeuralTextures/309_303.mp4,309_303,303_309,1,NeuralTextures,train
FaceForensics++_C23/NeuralTextures/323_302.mp4,323_302,302_323,1,NeuralTextures,train
FaceForensics++_C23/NeuralTextures/316_369.mp4,316_369,316_369,1,NeuralTextures,val
FaceForensics++_C23/NeuralTextures/320_328.mp4,320_328,320_328,1,NeuralTextures,train
FaceForensics++_C23/NeuralTextures/319_352.mp4,319_352,319_352,1,NeuralTextures,test
FaceForensics++_C23/NeuralTextures/314_347.mp4,314_347,314_347,1,NeuralTextures,test
FaceForensics++_C23/NeuralTextures/326_501.mp4,326_501,326_501,1,NeuralTextures,train
FaceForensics++_C23/NeuralTextures/331_260.mp4,331_260,260_331,1,NeuralTextures,train
FaceForensics++_C23/NeuralTextures/317_359.mp4,317_359,317_359,1,NeuralTextures,train
FaceForensics++_C23/NeuralTextures/329_327.mp4,329_327,327_329,1,NeuralTextures,train
FaceForensics++_C23/NeuralTextures/337_522.mp4,337_522,337_522,1,NeuralTextures,train
FaceForensics++_C23/NeuralTextures/324_356.mp4,324_356,324_356,1,NeuralTextures,train
FaceForensics++_C23/NeuralTextures/330_162.mp4,330_162,162_330,1,NeuralTextures,train
FaceForensics++_C23/NeuralTextures/332_051.mp4,332_051,051_332,1,NeuralTextures,train
FaceForensics++_C23/NeuralTextures/318_334.mp4,318_334,318_334,1,NeuralTextures,train
FaceForensics++_C23/NeuralTextures/343_363.mp4,343_363,343_363,1,NeuralTextures,train
FaceForensics++_C23/NeuralTextures/366_473.mp4,366_473,366_473,1,NeuralTextures,train
FaceForensics++_C23/NeuralTextures/369_316.mp4,369_316,316_369,1,NeuralTextures,val
FaceForensics++_C23/NeuralTextures/349_350.mp4,349_350,349_350,1,NeuralTextures,val
FaceForensics++_C23/NeuralTextures/360_437.mp4,360_437,360_437,1,NeuralTextures,train
FaceForensics++_C23/NeuralTextures/370_483.mp4,370_483,370_483,1,NeuralTextures,val
FaceForensics++_C23/NeuralTextures/359_317.mp4,359_317,317_359,1,NeuralTextures,train
FaceForensics++_C23/NeuralTextures/371_367.mp4,371_367,367_371,1,NeuralTextures,test
FaceForensics++_C23/NeuralTextures/345_259.mp4,345_259,259_345,1,NeuralTextures,train
FaceForensics++_C23/NeuralTextures/351_346.mp4,351_346,346_351,1,NeuralTextures,train
FaceForensics++_C23/NeuralTextures/354_362.mp4,354_362,354_362,1,NeuralTextures,val
FaceForensics++_C23/NeuralTextures/346_351.mp4,346_351,346_351,1,NeuralTextures,train
FaceForensics++_C23/NeuralTextures/357_432.mp4,357_432,357_432,1,NeuralTextures,train
FaceForensics++_C23/NeuralTextures/358_380.mp4,358_380,358_380,1,NeuralTextures,test
FaceForensics++_C23/NeuralTextures/365_307.mp4,365_307,307_365,1,NeuralTextures,train
FaceForensics++_C23/NeuralTextures/374_407.mp4,374_407,374_407,1,NeuralTextures,train
FaceForensics++_C23/NeuralTextures/352_319.mp4,352_319,319_352,1,NeuralTextures,test
FaceForensics++_C23/NeuralTextures/353_383.mp4,353_383,353_383,1,NeuralTextures,train
FaceForensics++_C23/NeuralTextures/355_748.mp4,355_748,355_748,1,NeuralTextures,train
FaceForensics++_C23/NeuralTextures/347_314.mp4,347_314,314_347,1,NeuralTextures,test
FaceForensics++_C23/NeuralTextures/368_378.mp4,368_378,368_378,1,NeuralTextures,train
FaceForensics++_C23/NeuralTextures/364_440.mp4,364_440,364_440,1,NeuralTextures,val
FaceForensics++_C23/NeuralTextures/377_333.mp4,377_333,333_377,1,NeuralTextures,train
FaceForensics++_C23/NeuralTextures/375_251.mp4,375_251,251_375,1,NeuralTextures,train
FaceForensics++_C23/NeuralTextures/376_381.mp4,376_381,376_381,1,NeuralTextures,test
FaceForensics++_C23/NeuralTextures/362_354.mp4,362_354,354_362,1,NeuralTextures,val
FaceForensics++_C23/NeuralTextures/363_343.mp4,363_343,343_363,1,NeuralTextures,train
FaceForensics++_C23/NeuralTextures/350_349.mp4,350_349,349_350,1,NeuralTextures,val
FaceForensics++_C23/NeuralTextures/344_020.mp4,344_020,020_344,1,NeuralTextures,train
FaceForensics++_C23/NeuralTextures/361_448.mp4,361_448,361_448,1,NeuralTextures,train
FaceForensics++_C23/NeuralTextures/348_202.mp4,348_202,202_348,1,NeuralTextures,train
FaceForensics++_C23/NeuralTextures/356_324.mp4,356_324,324_356,1,NeuralTextures,train
FaceForensics++_C23/NeuralTextures/367_371.mp4,367_371,367_371,1,NeuralTextures,test
FaceForensics++_C23/NeuralTextures/373_394.mp4,373_394,373_394,1,NeuralTextures,train
FaceForensics++_C23/NeuralTextures/372_413.mp4,372_413,372_413,1,NeuralTextures,train
FaceForensics++_C23/NeuralTextures/389_480.mp4,389_480,389_480,1,NeuralTextures,test
FaceForensics++_C23/NeuralTextures/391_406.mp4,391_406,391_406,1,NeuralTextures,train
FaceForensics++_C23/NeuralTextures/392_339.mp4,392_339,339_392,1,NeuralTextures,train
FaceForensics++_C23/NeuralTextures/387_311.mp4,387_311,311_387,1,NeuralTextures,train
FaceForensics++_C23/NeuralTextures/400_476.mp4,400_476,400_476,1,NeuralTextures,train
FaceForensics++_C23/NeuralTextures/382_409.mp4,382_409,382_409,1,NeuralTextures,train
FaceForensics++_C23/NeuralTextures/381_376.mp4,381_376,376_381,1,NeuralTextures,test
FaceForensics++_C23/NeuralTextures/396_272.mp4,396_272,272_396,1,NeuralTextures,train
FaceForensics++_C23/NeuralTextures/379_158.mp4,379_158,158_379,1,NeuralTextures,test
FaceForensics++_C23/NeuralTextures/384_932.mp4,384_932,384_932,1,NeuralTextures,test
FaceForensics++_C23/NeuralTextures/398_457.mp4,398_457,398_457,1,NeuralTextures,train
FaceForensics++_C23/NeuralTextures/380_358.mp4,380_358,358_380,1,NeuralTextures,test
FaceForensics++_C23/NeuralTextures/394_373.mp4,394_373,373_394,1,NeuralTextures,train
FaceForensics++_C23/NeuralTextures/378_368.mp4,378_368,368_378,1,NeuralTextures,train
FaceForensics++_C23/NeuralTextures/397_602.mp4,397_602,397_602,1,NeuralTextures,train
FaceForensics++_C23/NeuralTextures/383_353.mp4,383_353,353_383,1,NeuralTextures,train
FaceForensics++_C23/NeuralTextures/388_308.mp4,388_308,308_388,1,NeuralTextures,test
FaceForensics++_C23/NeuralTextures/390_709.mp4,390_709,390_709,1,NeuralTextures,train
FaceForensics++_C23/NeuralTextures/385_414.mp4,385_414,385_414,1,NeuralTextures,train
FaceForensics++_C23/NeuralTextures/401_395.mp4,401_395,395_401,1,NeuralTextures,train
FaceForensics++_C23/NeuralTextures/386_154.mp4,386_154,154_386,1,NeuralTextures,test
FaceForensics++_C23/NeuralTextures/402_453.mp4,402_453,402_453,1,NeuralTextures,val
FaceForensics++_C23/NeuralTextures/393_405.mp4,393_405,393_405,1,NeuralTextures,train
FaceForensics++_C23/NeuralTextures/399_488.mp4,399_488,399_488,1,NeuralTextures,test
FaceForensics++_C23/NeuralTextures/395_401.mp4,395_401,395_401,1,NeuralTextures,train
FaceForensics++_C23/NeuralTextures/409_382.mp4,409_382,382_409,1,NeuralTextures,train
FaceForensics++_C23/NeuralTextures/417_496.mp4,417_496,417_496,1,NeuralTextures,train
FaceForensics++_C23/NeuralTextures/413_372.mp4,413_372,372_413,1,NeuralTextures,train
FaceForensics++_C23/NeuralTextures/416_342.mp4,416_342,342_416,1,NeuralTextures,val
FaceForensics++_C23/NeuralTextures/414_385.mp4,414_385,385_414,1,NeuralTextures,train
FaceForensics++_C23/NeuralTextures/426_287.mp4,426_287,287_426,1,NeuralTextures,train
FaceForensics++_C23/NeuralTextures/404_429.mp4,404_429,404_429,1,NeuralTextures,test
FaceForensics++_C23/NeuralTextures/415_484.mp4,415_484,415_484,1,NeuralTextures,train
FaceForensics++_C23/NeuralTextures/423_421.mp4,423_421,421_423,1,NeuralTextures,test
FaceForensics++_C23/NeuralTextures/425_485.mp4,425_485,425_485,1,NeuralTextures,test
FaceForensics++_C23/NeuralTextures/407_374.mp4,407_374,374_407,1,NeuralTextures,train
FaceForensics++_C23/NeuralTextures/410_411.mp4,410_411,410_411,1,NeuralTextures,train
FaceForensics++_C23/NeuralTextures/412_274.mp4,412_274,274_412,1,NeuralTextures,train
FaceForensics++_C23/NeuralTextures/405_393.mp4,405_393,393_405,1,NeuralTextures,train
FaceForensics++_C23/NeuralTextures/408_424.mp4,408_424,408_424,1,NeuralTextures,train
FaceForensics++_C23/NeuralTextures/422_695.mp4,422_695,422_695,1,NeuralTextures,test
FaceForensics++_C23/NeuralTextures/419_824.mp4,419_824,419_824,1,NeuralTextures,val
FaceForensics++_C23/NeuralTextures/406_391.mp4,406_391,391_406,1,NeuralTextures,train
FaceForensics++_C23/NeuralTextures/424_408.mp4,424_408,408_424,1,NeuralTextures,train
FaceForensics++_C23/NeuralTextures/411_410.mp4,411_410,410_411,1,NeuralTextures,train
FaceForensics++_C23/NeuralTextures/403_497.mp4,403_497,403_497,1,NeuralTextures,train
FaceForensics++_C23/NeuralTextures/420_257.mp4,420_257,257_420,1,NeuralTextures,test
FaceForensics++_C23/NeuralTextures/421_423.mp4,421_423,421_423,1,NeuralTextures,test
FaceForensics++_C23/NeuralTextures/418_507.mp4,418_507,418_507,1,NeuralTextures,test
FaceForensics++_C23/NeuralTextures/453_402.mp4,453_402,402_453,1,NeuralTextures,val
FaceForensics++_C23/NeuralTextures/432_357.mp4,432_357,357_432,1,NeuralTextures,train
FaceForensics++_C23/NeuralTextures/445_494.mp4,445_494,445_494,1,NeuralTextures,test
FaceForensics++_C23/NeuralTextures/427_637.mp4,427_637,427_637,1,NeuralTextures,train
FaceForensics++_C23/NeuralTextures/451_449.mp4,451_449,449_451,1,NeuralTextures,train
FaceForensics++_C23/NeuralTextures/440_364.mp4,440_364,364_440,1,NeuralTextures,val
FaceForensics++_C23/NeuralTextures/437_360.mp4,437_360,360_437,1,NeuralTextures,train
FaceForensics++_C23/NeuralTextures/456_435.mp4,456_435,435_456,1,NeuralTextures,train
FaceForensics++_C23/NeuralTextures/435_456.mp4,435_456,435_456,1,NeuralTextures,train
FaceForensics++_C23/NeuralTextures/455_471.mp4,455_471,455_471,1,NeuralTextures,val
FaceForensics++_C23/NeuralTextures/429_404.mp4,429_404,404_429,1,NeuralTextures,test
FaceForensics++_C23/NeuralTextures/443_514.mp4,443_514,443_514,1,NeuralTextures,val
FaceForensics++_C23/NeuralTextures/446_667.mp4,446_667,446_667,1,NeuralTextures,train
FaceForensics++_C23/NeuralTextures/436_526.mp4,436_526,436_526,1,NeuralTextures,train
FaceForensics++_C23/NeuralTextures/431_447.mp4,431_447,431_447,1,NeuralTextures,train
FaceForensics++_C23/NeuralTextures/433_498.mp4,433_498,433_498,1,NeuralTextures,train
FaceForensics++_C23/NeuralTextures/428_466.mp4,428_466,428_466,1,NeuralTextures,train
FaceForensics++_C23/NeuralTextures/441_439.mp4,441_439,439_441,1,NeuralTextures,train
FaceForensics++_C23/NeuralTextures/438_434.mp4,438_434,434_438,1,NeuralTextures,train
FaceForensics++_C23/NeuralTextures/454_527.mp4,454_527,454_527,1,NeuralTextures,test
FaceForensics++_C23/NeuralTextures/444_655.mp4,444_655,444_655,1,NeuralTextures,train
FaceForensics++_C23/NeuralTextures/442_195.mp4,442_195,195_442,1,NeuralTextures,train
FaceForensics++_C23/NeuralTextures/449_451.mp4,449_451,449_451,1,NeuralTextures,train
FaceForensics++_C23/NeuralTextures/430_459.mp4,430_459,430_459,1,NeuralTextures,train
FaceForensics++_C23/NeuralTextures/434_438.mp4,434_438,434_438,1,NeuralTextures,train
FaceForensics++_C23/NeuralTextures/439_441.mp4,439_441,439_441,1,NeuralTextures,train
FaceForensics++_C23/NeuralTextures/447_431.mp4,447_431,431_447,1,NeuralTextures,train
FaceForensics++_C23/NeuralTextures/452_550.mp4,452_550,452_550,1,NeuralTextures,test
FaceForensics++_C23/NeuralTextures/448_361.mp4,448_361,361_448,1,NeuralTextures,train
FaceForensics++_C23/NeuralTextures/450_533.mp4,450_533,450_533,1,NeuralTextures,train
FaceForensics++_C23/NeuralTextures/474_281.mp4,474_281,281_474,1,NeuralTextures,train
FaceForensics++_C23/NeuralTextures/473_366.mp4,473_366,366_473,1,NeuralTextures,train
FaceForensics++_C23/NeuralTextures/465_482.mp4,465_482,465_482,1,NeuralTextures,val
FaceForensics++_C23/NeuralTextures/484_415.mp4,484_415,415_484,1,NeuralTextures,train
FaceForensics++_C23/NeuralTextures/488_399.mp4,488_399,399_488,1,NeuralTextures,test
FaceForensics++_C23/NeuralTextures/458_722.mp4,458_722,458_722,1,NeuralTextures,train
FaceForensics++_C23/NeuralTextures/472_511.mp4,472_511,472_511,1,NeuralTextures,val
FaceForensics++_C23/NeuralTextures/480_389.mp4,480_389,389_480,1,NeuralTextures,test
FaceForensics++_C23/NeuralTextures/477_487.mp4,477_487,477_487,1,NeuralTextures,train
FaceForensics++_C23/NeuralTextures/479_706.mp4,479_706,479_706,1,NeuralTextures,test
FaceForensics++_C23/NeuralTextures/457_398.mp4,457_398,398_457,1,NeuralTextures,train
FaceForensics++_C23/NeuralTextures/486_680.mp4,486_680,486_680,1,NeuralTextures,train
FaceForensics++_C23/NeuralTextures/481_469.mp4,481_469,469_481,1,NeuralTextures,train
FaceForensics++_C23/NeuralTextures/475_265.mp4,475_265,265_475,1,NeuralTextures,train
FaceForensics++_C23/NeuralTextures/469_481.mp4,469_481,469_481,1,NeuralTextures,train
FaceForensics++_C23/NeuralTextures/485_425.mp4,485_425,425_485,1,NeuralTextures,test
FaceForensics++_C23/NeuralTextures/487_477.mp4,487_477,477_487,1,NeuralTextures,train
FaceForensics++_C23/NeuralTextures/459_430.mp4,459_430,430_459,1,NeuralTextures,train
FaceForensics++_C23/NeuralTextures/462_467.mp4,462_467,462_467,1,NeuralTextures,test
FaceForensics++_C23/NeuralTextures/489_022.mp4,489_022,022_489,1,NeuralTextures,train
FaceForensics++_C23/NeuralTextures/478_506.mp4,478_506,478_506,1,NeuralTextures,train
FaceForensics++_C23/NeuralTextures/467_462.mp4,467_462,462_467,1,NeuralTextures,test
FaceForensics++_C23/NeuralTextures/463_464.mp4,463_464,463_464,1,NeuralTextures,train
FaceForensics++_C23/NeuralTextures/460_678.mp4,460_678,460_678,1,NeuralTextures,train
FaceForensics++_C23/NeuralTextures/466_428.mp4,466_428,428_466,1,NeuralTextures,train
FaceForensics++_C23/NeuralTextures/483_370.mp4,483_370,370_483,1,NeuralTextures,val
FaceForensics++_C23/NeuralTextures/464_463.mp4,464_463,463_464,1,NeuralTextures,train
FaceForensics++_C23/NeuralTextures/461_250.mp4,461_250,250_461,1,NeuralTextures,train
FaceForensics++_C23/NeuralTextures/482_465.mp4,482_465,465_482,1,NeuralTextures,val
FaceForensics++_C23/NeuralTextures/471_455.mp4,471_455,455_471,1,NeuralTextures,val
FaceForensics++_C23/NeuralTextures/490_534.mp4,490_534,490_534,1,NeuralTextures,train
FaceForensics++_C23/NeuralTextures/468_470.mp4,468_470,468_470,1,NeuralTextures,val
FaceForensics++_C23/NeuralTextures/491_226.mp4,491_226,226_491,1,NeuralTextures,train
FaceForensics++_C23/NeuralTextures/476_400.mp4,476_400,400_476,1,NeuralTextures,train
FaceForensics++_C23/NeuralTextures/470_468.mp4,470_468,468_470,1,NeuralTextures,val
FaceForensics++_C23/NeuralTextures/493_538.mp4,493_538,493_538,1,NeuralTextures,val
FaceForensics++_C23/NeuralTextures/509_525.mp4,509_525,509_525,1,NeuralTextures,train
FaceForensics++_C23/NeuralTextures/492_325.mp4,492_325,325_492,1,NeuralTextures,val
FaceForensics++_C23/NeuralTextures/495_512.mp4,495_512,495_512,1,NeuralTextures,train
FaceForensics++_C23/NeuralTextures/515_519.mp4,515_519,515_519,1,NeuralTextures,train
FaceForensics++_C23/NeuralTextures/503_756.mp4,503_756,503_756,1,NeuralTextures,train
FaceForensics++_C23/NeuralTextures/518_131.mp4,518_131,131_518,1,NeuralTextures,train
FaceForensics++_C23/NeuralTextures/507_418.mp4,507_418,418_507,1,NeuralTextures,test
FaceForensics++_C23/NeuralTextures/516_555.mp4,516_555,516_555,1,NeuralTextures,train
FaceForensics++_C23/NeuralTextures/499_539.mp4,499_539,499_539,1,NeuralTextures,train
FaceForensics++_C23/NeuralTextures/519_515.mp4,519_515,515_519,1,NeuralTextures,train
FaceForensics++_C23/NeuralTextures/500_592.mp4,500_592,500_592,1,NeuralTextures,train
FaceForensics++_C23/NeuralTextures/508_831.mp4,508_831,508_831,1,NeuralTextures,train
FaceForensics++_C23/NeuralTextures/511_472.mp4,511_472,472_511,1,NeuralTextures,val
FaceForensics++_C23/NeuralTextures/521_517.mp4,521_517,517_521,1,NeuralTextures,test
FaceForensics++_C23/NeuralTextures/497_403.mp4,497_403,403_497,1,NeuralTextures,train
FaceForensics++_C23/NeuralTextures/505_600.mp4,505_600,505_600,1,NeuralTextures,train
FaceForensics++_C23/NeuralTextures/510_528.mp4,510_528,510_528,1,NeuralTextures,train
FaceForensics++_C23/NeuralTextures/498_433.mp4,498_433,433_498,1,NeuralTextures,train
FaceForensics++_C23/NeuralTextures/502_504.mp4,502_504,502_504,1,NeuralTextures,train
FaceForensics++_C23/NeuralTextures/513_305.mp4,513_305,305_513,1,NeuralTextures,train
FaceForensics++_C23/NeuralTextures/501_326.mp4,501_326,326_501,1,NeuralTextures,train
FaceForensics++_C23/NeuralTextures/514_443.mp4,514_443,443_514,1,NeuralTextures,val
FaceForensics++_C23/NeuralTextures/517_521.mp4,517_521,517_521,1,NeuralTextures,test
FaceForensics++_C23/NeuralTextures/494_445.mp4,494_445,445_494,1,NeuralTextures,test
FaceForensics++_C23/NeuralTextures/504_502.mp4,504_502,502_504,1,NeuralTextures,train
FaceForensics++_C23/NeuralTextures/520_542.mp4,520_542,520_542,1,NeuralTextures,train
FaceForensics++_C23/NeuralTextures/506_478.mp4,506_478,478_506,1,NeuralTextures,train
FaceForensics++_C23/NeuralTextures/512_495.mp4,512_495,495_512,1,NeuralTextures,train
FaceForensics++_C23/NeuralTextures/496_417.mp4,496_417,417_496,1,NeuralTextures,train
FaceForensics++_C23/NeuralTextures/527_454.mp4,527_454,454_527,1,NeuralTextures,test
FaceForensics++_C23/NeuralTextures/522_337.mp4,522_337,337_522,1,NeuralTextures,train
FaceForensics++_C23/NeuralTextures/532_544.mp4,532_544,532_544,1,NeuralTextures,train
FaceForensics++_C23/NeuralTextures/541_523.mp4,541_523,523_541,1,NeuralTextures,train
FaceForensics++_C23/NeuralTextures/543_559.mp4,543_559,543_559,1,NeuralTextures,train
FaceForensics++_C23/NeuralTextures/524_580.mp4,524_580,524_580,1,NeuralTextures,train
FaceForensics++_C23/NeuralTextures/529_633.mp4,529_633,529_633,1,NeuralTextures,test
FaceForensics++_C23/NeuralTextures/530_594.mp4,530_594,530_594,1,NeuralTextures,train
FaceForensics++_C23/NeuralTextures/538_493.mp4,538_493,493_538,1,NeuralTextures,val
FaceForensics++_C23/NeuralTextures/551_631.mp4,551_631,551_631,1,NeuralTextures,train
FaceForensics++_C23/NeuralTextures/550_452.mp4,550_452,452_550,1,NeuralTextures,test
FaceForensics++_C23/NeuralTextures/537_563.mp4,537_563,537_563,1,NeuralTextures,train
FaceForensics++_C23/NeuralTextures/533_450.mp4,533_450,450_533,1,NeuralTextures,train
FaceForensics++_C23/NeuralTextures/548_632.mp4,548_632,548_632,1,NeuralTextures,val
FaceForensics++_C23/NeuralTextures/539_499.mp4,539_499,499_539,1,NeuralTextures,train
FaceForensics++_C23/NeuralTextures/542_520.mp4,542_520,520_542,1,NeuralTextures,train
FaceForensics++_C23/NeuralTextures/534_490.mp4,534_490,490_534,1,NeuralTextures,train
FaceForensics++_C23/NeuralTextures/525_509.mp4,525_509,509_525,1,NeuralTextures,train
FaceForensics++_C23/NeuralTextures/547_574.mp4,547_574,547_574,1,NeuralTextures,train
FaceForensics++_C23/NeuralTextures/540_536.mp4,540_536,536_540,1,NeuralTextures,train
FaceForensics++_C23/NeuralTextures/546_621.mp4,546_621,546_621,1,NeuralTextures,train
FaceForensics++_C23/NeuralTextures/523_541.mp4,523_541,523_541,1,NeuralTextures,train
FaceForensics++_C23/NeuralTextures/536_540.mp4,536_540,536_540,1,NeuralTextures,train
FaceForensics++_C23/NeuralTextures/544_532.mp4,544_532,532_544,1,NeuralTextures,train
FaceForensics++_C23/NeuralTextures/531_549.mp4,531_549,531_549,1,NeuralTextures,train
FaceForensics++_C23/NeuralTextures/526_436.mp4,526_436,436_526,1,NeuralTextures,train
FaceForensics++_C23/NeuralTextures/528_510.mp4,528_510,510_528,1,NeuralTextures,train
FaceForensics++_C23/NeuralTextures/535_587.mp4,535_587,535_587,1,NeuralTextures,train
FaceForensics++_C23/NeuralTextures/545_553.mp4,545_553,545_553,1,NeuralTextures,train
FaceForensics++_C23/NeuralTextures/549_531.mp4,549_531,531_549,1,NeuralTextures,train
FaceForensics++_C23/NeuralTextures/579_701.mp4,579_701,579_701,1,NeuralTextures,test
FaceForensics++_C23/NeuralTextures/565_589.mp4,565_589,565_589,1,NeuralTextures,val
FaceForensics++_C23/NeuralTextures/577_593.mp4,577_593,577_593,1,NeuralTextures,train
FaceForensics++_C23/NeuralTextures/558_583.mp4,558_583,558_583,1,NeuralTextures,val
FaceForensics++_C23/NeuralTextures/574_547.mp4,574_547,547_574,1,NeuralTextures,train
FaceForensics++_C23/NeuralTextures/553_545.mp4,553_545,545_553,1,NeuralTextures,train
FaceForensics++_C23/NeuralTextures/562_626.mp4,562_626,562_626,1,NeuralTextures,train
FaceForensics++_C23/NeuralTextures/569_921.mp4,569_921,569_921,1,NeuralTextures,train
FaceForensics++_C23/NeuralTextures/564_971.mp4,564_971,564_971,1,NeuralTextures,val
FaceForensics++_C23/NeuralTextures/554_572.mp4,554_572,554_572,1,NeuralTextures,train
FaceForensics++_C23/NeuralTextures/563_537.mp4,563_537,537_563,1,NeuralTextures,train
FaceForensics++_C23/NeuralTextures/572_554.mp4,572_554,554_572,1,NeuralTextures,train
FaceForensics++_C23/NeuralTextures/561_998.mp4,561_998,561_998,1,NeuralTextures,train
FaceForensics++_C23/NeuralTextures/560_557.mp4,560_557,557_560,1,NeuralTextures,val
FaceForensics++_C23/NeuralTextures/555_516.mp4,555_516,516_555,1,NeuralTextures,train
FaceForensics++_C23/NeuralTextures/570_624.mp4,570_624,570_624,1,NeuralTextures,train
FaceForensics++_C23/NeuralTextures/559_543.mp4,559_543,543_559,1,NeuralTextures,train
FaceForensics++_C23/NeuralTextures/573_757.mp4,573_757,573_757,1,NeuralTextures,train
FaceForensics++_C23/NeuralTextures/578_636.mp4,578_636,578_636,1,NeuralTextures,train
FaceForensics++_C23/NeuralTextures/566_617.mp4,566_617,566_617,1,NeuralTextures,val
FaceForensics++_C23/NeuralTextures/557_560.mp4,557_560,557_560,1,NeuralTextures,val
FaceForensics++_C23/NeuralTextures/568_628.mp4,568_628,568_628,1,NeuralTextures,train
FaceForensics++_C23/NeuralTextures/576_155.mp4,576_155,155_576,1,NeuralTextures,train
FaceForensics++_C23/NeuralTextures/567_606.mp4,567_606,567_606,1,NeuralTextures,val
FaceForensics++_C23/NeuralTextures/571_746.mp4,571_746,571_746,1,NeuralTextures,val
FaceForensics++_C23/NeuralTextures/575_603.mp4,575_603,575_603,1,NeuralTextures,train
FaceForensics++_C23/NeuralTextures/552_851.mp4,552_851,552_851,1,NeuralTextures,test
FaceForensics++_C23/NeuralTextures/556_588.mp4,556_588,556_588,1,NeuralTextures,train
FaceForensics++_C23/NeuralTextures/594_530.mp4,594_530,530_594,1,NeuralTextures,train
FaceForensics++_C23/NeuralTextures/606_567.mp4,606_567,567_606,1,NeuralTextures,val
FaceForensics++_C23/NeuralTextures/582_172.mp4,582_172,172_582,1,NeuralTextures,train
FaceForensics++_C23/NeuralTextures/598_178.mp4,598_178,178_598,1,NeuralTextures,train
FaceForensics++_C23/NeuralTextures/585_599.mp4,585_599,585_599,1,NeuralTextures,val
FaceForensics++_C23/NeuralTextures/591_605.mp4,591_605,591_605,1,NeuralTextures,train
FaceForensics++_C23/NeuralTextures/601_653.mp4,601_653,601_653,1,NeuralTextures,train
FaceForensics++_C23/NeuralTextures/600_505.mp4,600_505,505_600,1,NeuralTextures,train
FaceForensics++_C23/NeuralTextures/581_697.mp4,581_697,581_697,1,NeuralTextures,train
FaceForensics++_C23/NeuralTextures/602_397.mp4,602_397,397_602,1,NeuralTextures,train
FaceForensics++_C23/NeuralTextures/597_595.mp4,597_595,595_597,1,NeuralTextures,val
FaceForensics++_C23/NeuralTextures/586_223.mp4,586_223,223_586,1,NeuralTextures,val
FaceForensics++_C23/NeuralTextures/608_675.mp4,608_675,608_675,1,NeuralTextures,test
FaceForensics++_C23/NeuralTextures/592_500.mp4,592_500,500_592,1,NeuralTextures,train
FaceForensics++_C23/NeuralTextures/584_823.mp4,584_823,584_823,1,NeuralTextures,val
FaceForensics++_C23/NeuralTextures/596_609.mp4,596_609,596_609,1,NeuralTextures,train
FaceForensics++_C23/NeuralTextures/607_683.mp4,607_683,607_683,1,NeuralTextures,test
FaceForensics++_C23/NeuralTextures/604_703.mp4,604_703,604_703,1,NeuralTextures,train
FaceForensics++_C23/NeuralTextures/590_034.mp4,590_034,034_590,1,NeuralTextures,train
FaceForensics++_C23/NeuralTextures/605_591.mp4,605_591,591_605,1,NeuralTextures,train
FaceForensics++_C23/NeuralTextures/603_575.mp4,603_575,575_603,1,NeuralTextures,train
FaceForensics++_C23/NeuralTextures/588_556.mp4,588_556,556_588,1,NeuralTextures,train
FaceForensics++_C23/NeuralTextures/595_597.mp4,595_597,595_597,1,NeuralTextures,val
FaceForensics++_C23/NeuralTextures/589_565.mp4,589_565,565_589,1,NeuralTextures,val
FaceForensics++_C23/NeuralTextures/583_558.mp4,583_558,558_583,1,NeuralTextures,val
FaceForensics++_C23/NeuralTextures/587_535.mp4,587_535,535_587,1,NeuralTextures,train
FaceForensics++_C23/NeuralTextures/580_524.mp4,580_524,524_580,1,NeuralTextures,train
FaceForensics++_C23/NeuralTextures/599_585.mp4,599_585,585_599,1,NeuralTextures,val
FaceForensics++_C23/NeuralTextures/593_577.mp4,593_577,577_593,1,NeuralTextures,train
FaceForensics++_C23/NeuralTextures/626_562.mp4,626_562,562_626,1,NeuralTextures,train
FaceForensics++_C23/NeuralTextures/638_640.mp4,638_640,638_640,1,NeuralTextures,val
FaceForensics++_C23/NeuralTextures/613_685.mp4,613_685,613_685,1,NeuralTextures,train
FaceForensics++_C23/NeuralTextures/618_629.mp4,618_629,618_629,1,NeuralTextures,train
FaceForensics++_C23/NeuralTextures/634_660.mp4,634_660,634_660,1,NeuralTextures,test
FaceForensics++_C23/NeuralTextures/620_619.mp4,620_619,619_620,1,NeuralTextures,train
FaceForensics++_C23/NeuralTextures/611_760.mp4,611_760,611_760,1,NeuralTextures,train
FaceForensics++_C23/NeuralTextures/624_570.mp4,624_570,570_624,1,NeuralTextures,train
FaceForensics++_C23/NeuralTextures/609_596.mp4,609_596,596_609,1,NeuralTextures,train
FaceForensics++_C23/NeuralTextures/640_638.mp4,640_638,638_640,1,NeuralTextures,val
FaceForensics++_C23/NeuralTextures/628_568.mp4,628_568,568_628,1,NeuralTextures,train
FaceForensics++_C23/NeuralTextures/627_658.mp4,627_658,627_658,1,NeuralTextures,train
FaceForensics++_C23/NeuralTextures/635_642.mp4,635_642,635_642,1,NeuralTextures,train
FaceForensics++_C23/NeuralTextures/623_630.mp4,623_630,623_630,1,NeuralTextures,test
FaceForensics++_C23/NeuralTextures/615_687.mp4,615_687,615_687,1,NeuralTextures,train
FaceForensics++_C23/NeuralTextures/614_616.mp4,614_616,614_616,1,NeuralTextures,train
FaceForensics++_C23/NeuralTextures/621_546.mp4,621_546,546_621,1,NeuralTextures,train
FaceForensics++_C23/NeuralTextures/631_551.mp4,631_551,551_631,1,NeuralTextures,train
FaceForensics++_C23/NeuralTextures/630_623.mp4,630_623,623_630,1,NeuralTextures,test
FaceForensics++_C23/NeuralTextures/636_578.mp4,636_578,578_636,1,NeuralTextures,train
FaceForensics++_C23/NeuralTextures/622_647.mp4,622_647,622_647,1,NeuralTextures,val
FaceForensics++_C23/NeuralTextures/625_650.mp4,625_650,625_650,1,NeuralTextures,test
FaceForensics++_C23/NeuralTextures/641_662.mp4,641_662,641_662,1,NeuralTextures,train
FaceForensics++_C23/NeuralTextures/612_702.mp4,612_702,612_702,1,NeuralTextures,val
FaceForensics++_C23/NeuralTextures/610_692.mp4,610_692,610_692,1,NeuralTextures,train
FaceForensics++_C23/NeuralTextures/629_618.mp4,629_618,618_629,1,NeuralTextures,train
FaceForensics++_C23/NeuralTextures/637_427.mp4,637_427,427_637,1,NeuralTextures,train
FaceForensics++_C23/NeuralTextures/616_614.mp4,616_614,614_616,1,NeuralTextures,train
FaceForensics++_C23/NeuralTextures/617_566.mp4,617_566,566_617,1,NeuralTextures,val
FaceForensics++_C23/NeuralTextures/619_620.mp4,619_620,619_620,1,NeuralTextures,train
FaceForensics++_C23/NeuralTextures/633_529.mp4,633_529,529_633,1,NeuralTextures,test
FaceForensics++_C23/NeuralTextures/639_841.mp4,639_841,639_841,1,NeuralTextures,train
FaceForensics++_C23/NeuralTextures/632_548.mp4,632_548,548_632,1,NeuralTextures,val
FaceForensics++_C23/NeuralTextures/649_816.mp4,649_816,649_816,1,NeuralTextures,val
FaceForensics++_C23/NeuralTextures/652_773.mp4,652_773,652_773,1,NeuralTextures,train
FaceForensics++_C23/NeuralTextures/654_648.mp4,654_648,648_654,1,NeuralTextures,train
FaceForensics++_C23/NeuralTextures/661_670.mp4,661_670,661_670,1,NeuralTextures,test
FaceForensics++_C23/NeuralTextures/660_634.mp4,660_634,634_660,1,NeuralTextures,test
FaceForensics++_C23/NeuralTextures/645_688.mp4,645_688,645_688,1,NeuralTextures,train
FaceForensics++_C23/NeuralTextures/667_446.mp4,667_446,446_667,1,NeuralTextures,train
FaceForensics++_C23/NeuralTextures/669_682.mp4,669_682,669_682,1,NeuralTextures,test
FaceForensics++_C23/NeuralTextures/642_635.mp4,642_635,635_642,1,NeuralTextures,train
FaceForensics++_C23/NeuralTextures/668_664.mp4,668_664,664_668,1,NeuralTextures,val
FaceForensics++_C23/NeuralTextures/657_644.mp4,657_644,644_657,1,NeuralTextures,train
FaceForensics++_C23/NeuralTextures/664_668.mp4,664_668,664_668,1,NeuralTextures,val
FaceForensics++_C23/NeuralTextures/646_643.mp4,646_643,643_646,1,NeuralTextures,train
FaceForensics++_C23/NeuralTextures/665_679.mp4,665_679,665_679,1,NeuralTextures,train
FaceForensics++_C23/NeuralTextures/663_231.mp4,663_231,231_663,1,NeuralTextures,train
FaceForensics++_C23/NeuralTextures/671_677.mp4,671_677,671_677,1,NeuralTextures,train
FaceForensics++_C23/NeuralTextures/662_641.mp4,662_641,641_662,1,NeuralTextures,train
FaceForensics++_C23/NeuralTextures/648_654.mp4,648_654,648_654,1,NeuralTextures,train
FaceForensics++_C23/NeuralTextures/643_646.mp4,643_646,643_646,1,NeuralTextures,train
FaceForensics++_C23/NeuralTextures/651_835.mp4,651_835,651_835,1,NeuralTextures,train
FaceForensics++_C23/NeuralTextures/647_622.mp4,647_622,622_647,1,NeuralTextures,val
FaceForensics++_C23/NeuralTextures/666_656.mp4,666_656,656_666,1,NeuralTextures,val
FaceForensics++_C23/NeuralTextures/656_666.mp4,656_666,656_666,1,NeuralTextures,val
FaceForensics++_C23/NeuralTextures/659_749.mp4,659_749,659_749,1,NeuralTextures,train
FaceForensics++_C23/NeuralTextures/670_661.mp4,670_661,661_670,1,NeuralTextures,test
FaceForensics++_C23/NeuralTextures/658_627.mp4,658_627,627_658,1,NeuralTextures,train
FaceForensics++_C23/NeuralTextures/653_601.mp4,653_601,601_653,1,NeuralTextures,train
FaceForensics++_C23/NeuralTextures/655_444.mp4,655_444,444_655,1,NeuralTextures,train
FaceForensics++_C23/NeuralTextures/644_657.mp4,644_657,644_657,1,NeuralTextures,train
FaceForensics++_C23/NeuralTextures/650_625.mp4,650_625,625_650,1,NeuralTextures,test
FaceForensics++_C23/NeuralTextures/681_711.mp4,681_711,681_711,1,NeuralTextures,train
FaceForensics++_C23/NeuralTextures/680_486.mp4,680_486,486_680,1,NeuralTextures,train
FaceForensics++_C23/NeuralTextures/678_460.mp4,678_460,460_678,1,NeuralTextures,train
FaceForensics++_C23/NeuralTextures/691_732.mp4,691_732,691_732,1,NeuralTextures,test
FaceForensics++_C23/NeuralTextures/688_645.mp4,688_645,645_688,1,NeuralTextures,train
FaceForensics++_C23/NeuralTextures/677_671.mp4,677_671,671_677,1,NeuralTextures,train
FaceForensics++_C23/NeuralTextures/689_690.mp4,689_690,689_690,1,NeuralTextures,train
FaceForensics++_C23/NeuralTextures/672_720.mp4,672_720,672_720,1,NeuralTextures,val
FaceForensics++_C23/NeuralTextures/676_776.mp4,676_776,676_776,1,NeuralTextures,train
FaceForensics++_C23/NeuralTextures/682_669.mp4,682_669,669_682,1,NeuralTextures,test
FaceForensics++_C23/NeuralTextures/687_615.mp4,687_615,615_687,1,NeuralTextures,train
FaceForensics++_C23/NeuralTextures/685_613.mp4,685_613,613_685,1,NeuralTextures,train
FaceForensics++_C23/NeuralTextures/675_608.mp4,675_608,608_675,1,NeuralTextures,test
FaceForensics++_C23/NeuralTextures/697_581.mp4,697_581,581_697,1,NeuralTextures,train
FaceForensics++_C23/NeuralTextures/683_607.mp4,683_607,607_683,1,NeuralTextures,test
FaceForensics++_C23/NeuralTextures/693_698.mp4,693_698,693_698,1,NeuralTextures,train
FaceForensics++_C23/NeuralTextures/679_665.mp4,679_665,665_679,1,NeuralTextures,train
FaceForensics++_C23/NeuralTextures/694_767.mp4,694_767,694_767,1,NeuralTextures,train
FaceForensics++_C23/NeuralTextures/695_422.mp4,695_422,422_695,1,NeuralTextures,test
FaceForensics++_C23/NeuralTextures/692_610.mp4,692_610,610_692,1,NeuralTextures,train
FaceForensics++_C23/NeuralTextures/686_696.mp4,686_696,686_696,1,NeuralTextures,train
FaceForensics++_C23/NeuralTextures/690_689.mp4,690_689,689_690,1,NeuralTextures,train
FaceForensics++_C23/NeuralTextures/674_744.mp4,674_744,674_744,1,NeuralTextures,train
FaceForensics++_C23/NeuralTextures/673_728.mp4,673_728,673_728,1,NeuralTextures,train
FaceForensics++_C23/NeuralTextures/696_686.mp4,696_686,686_696,1,NeuralTextures,train
FaceForensics++_C23/NeuralTextures/684_717.mp4,684_717,684_717,1,NeuralTextures,train
FaceForensics++_C23/NeuralTextures/709_390.mp4,709_390,390_709,1,NeuralTextures,train
FaceForensics++_C23/NeuralTextures/704_723.mp4,704_723,704_723,1,NeuralTextures,train
FaceForensics++_C23/NeuralTextures/711_681.mp4,711_681,681_711,1,NeuralTextures,train
FaceForensics++_C23/NeuralTextures/706_479.mp4,706_479,479_706,1,NeuralTextures,test
FaceForensics++_C23/NeuralTextures/713_726.mp4,713_726,713_726,1,NeuralTextures,train
FaceForensics++_C23/NeuralTextures/717_684.mp4,717_684,684_717,1,NeuralTextures,train
FaceForensics++_C23/NeuralTextures/698_693.mp4,698_693,693_698,1,NeuralTextures,train
FaceForensics++_C23/NeuralTextures/702_612.mp4,702_612,612_702,1,NeuralTextures,val
FaceForensics++_C23/NeuralTextures/718_972.mp4,718_972,718_972,1,NeuralTextures,train
FaceForensics++_C23/NeuralTextures/707_705.mp4,707_705,705_707,1,NeuralTextures,test
FaceForensics++_C23/NeuralTextures/721_715.mp4,721_715,715_721,1,NeuralTextures,train
FaceForensics++_C23/NeuralTextures/705_707.mp4,705_707,705_707,1,NeuralTextures,test
FaceForensics++_C23/NeuralTextures/719_737.mp4,719_737,719_737,1,NeuralTextures,train
FaceForensics++_C23/NeuralTextures/720_672.mp4,720_672,672_720,1,NeuralTextures,val
FaceForensics++_C23/NeuralTextures/715_721.mp4,715_721,715_721,1,NeuralTextures,train
FaceForensics++_C23/NeuralTextures/703_604.mp4,703_604,604_703,1,NeuralTextures,train
FaceForensics++_C23/NeuralTextures/700_813.mp4,700_813,700_813,1,NeuralTextures,train
FaceForensics++_C23/NeuralTextures/716_712.mp4,716_712,712_716,1,NeuralTextures,train
FaceForensics++_C23/NeuralTextures/701_579.mp4,701_579,579_701,1,NeuralTextures,test
FaceForensics++_C23/NeuralTextures/712_716.mp4,712_716,712_716,1,NeuralTextures,train
FaceForensics++_C23/NeuralTextures/710_788.mp4,710_788,710_788,1,NeuralTextures,train
FaceForensics++_C23/NeuralTextures/699_734.mp4,699_734,699_734,1,NeuralTextures,train
FaceForensics++_C23/NeuralTextures/714_842.mp4,714_842,714_842,1,NeuralTextures,test
FaceForensics++_C23/NeuralTextures/708_772.mp4,708_772,708_772,1,NeuralTextures,train
FaceForensics++_C23/NeuralTextures/747_854.mp4,747_854,747_854,1,NeuralTextures,train
FaceForensics++_C23/NeuralTextures/745_777.mp4,745_777,745_777,1,NeuralTextures,val
FaceForensics++_C23/NeuralTextures/723_704.mp4,723_704,704_723,1,NeuralTextures,train
FaceForensics++_C23/NeuralTextures/731_741.mp4,731_741,731_741,1,NeuralTextures,test
FaceForensics++_C23/NeuralTextures/730_815.mp4,730_815,730_815,1,NeuralTextures,train
FaceForensics++_C23/NeuralTextures/726_713.mp4,726_713,713_726,1,NeuralTextures,train
FaceForensics++_C23/NeuralTextures/743_750.mp4,743_750,743_750,1,NeuralTextures,train
FaceForensics++_C23/NeuralTextures/740_796.mp4,740_796,740_796,1,NeuralTextures,train
FaceForensics++_C23/NeuralTextures/728_673.mp4,728_673,673_728,1,NeuralTextures,train
FaceForensics++_C23/NeuralTextures/735_774.mp4,735_774,735_774,1,NeuralTextures,train
FaceForensics++_C23/NeuralTextures/739_865.mp4,739_865,739_865,1,NeuralTextures,test
FaceForensics++_C23/NeuralTextures/736_785.mp4,736_785,736_785,1,NeuralTextures,train
FaceForensics++_C23/NeuralTextures/732_691.mp4,732_691,691_732,1,NeuralTextures,test
FaceForensics++_C23/NeuralTextures/742_775.mp4,742_775,742_775,1,NeuralTextures,val
FaceForensics++_C23/NeuralTextures/725_724.mp4,725_724,724_725,1,NeuralTextures,test
FaceForensics++_C23/NeuralTextures/748_355.mp4,748_355,355_748,1,NeuralTextures,train
FaceForensics++_C23/NeuralTextures/738_804.mp4,738_804,738_804,1,NeuralTextures,train
FaceForensics++_C23/NeuralTextures/722_458.mp4,722_458,458_722,1,NeuralTextures,train
FaceForensics++_C23/NeuralTextures/744_674.mp4,744_674,674_744,1,NeuralTextures,train
FaceForensics++_C23/NeuralTextures/741_731.mp4,741_731,731_741,1,NeuralTextures,test
FaceForensics++_C23/NeuralTextures/727_729.mp4,727_729,727_729,1,NeuralTextures,val
FaceForensics++_C23/NeuralTextures/733_935.mp4,733_935,733_935,1,NeuralTextures,train
FaceForensics++_C23/NeuralTextures/737_719.mp4,737_719,719_737,1,NeuralTextures,train
FaceForensics++_C23/NeuralTextures/749_659.mp4,749_659,659_749,1,NeuralTextures,train
FaceForensics++_C23/NeuralTextures/729_727.mp4,729_727,727_729,1,NeuralTextures,val
FaceForensics++_C23/NeuralTextures/724_725.mp4,724_725,724_725,1,NeuralTextures,test
FaceForensics++_C23/NeuralTextures/734_699.mp4,734_699,699_734,1,NeuralTextures,train
FaceForensics++_C23/NeuralTextures/746_571.mp4,746_571,571_746,1,NeuralTextures,val
FaceForensics++_C23/NeuralTextures/771_849.mp4,771_849,771_849,1,NeuralTextures,train
FaceForensics++_C23/NeuralTextures/764_850.mp4,764_850,764_850,1,NeuralTextures,train
FaceForensics++_C23/NeuralTextures/754_758.mp4,754_758,754_758,1,NeuralTextures,train
FaceForensics++_C23/NeuralTextures/776_676.mp4,776_676,676_776,1,NeuralTextures,train
FaceForensics++_C23/NeuralTextures/775_742.mp4,775_742,742_775,1,NeuralTextures,val
FaceForensics++_C23/NeuralTextures/750_743.mp4,750_743,743_750,1,NeuralTextures,train
FaceForensics++_C23/NeuralTextures/761_766.mp4,761_766,761_766,1,NeuralTextures,train
FaceForensics++_C23/NeuralTextures/759_755.mp4,759_755,755_759,1,NeuralTextures,test
FaceForensics++_C23/NeuralTextures/769_784.mp4,769_784,769_784,1,NeuralTextures,train
FaceForensics++_C23/NeuralTextures/763_930.mp4,763_930,763_930,1,NeuralTextures,train
FaceForensics++_C23/NeuralTextures/757_573.mp4,757_573,573_757,1,NeuralTextures,train
FaceForensics++_C23/NeuralTextures/772_708.mp4,772_708,708_772,1,NeuralTextures,train
FaceForensics++_C23/NeuralTextures/765_867.mp4,765_867,765_867,1,NeuralTextures,train
FaceForensics++_C23/NeuralTextures/766_761.mp4,766_761,761_766,1,NeuralTextures,train
FaceForensics++_C23/NeuralTextures/758_754.mp4,758_754,754_758,1,NeuralTextures,train
FaceForensics++_C23/NeuralTextures/774_735.mp4,774_735,735_774,1,NeuralTextures,train
FaceForensics++_C23/NeuralTextures/755_759.mp4,755_759,755_759,1,NeuralTextures,test
FaceForensics++_C23/NeuralTextures/768_793.mp4,768_793,768_793,1,NeuralTextures,val
FaceForensics++_C23/NeuralTextures/773_652.mp4,773_652,652_773,1,NeuralTextures,train
FaceForensics++_C23/NeuralTextures/770_791.mp4,770_791,770_791,1,NeuralTextures,train
FaceForensics++_C23/NeuralTextures/753_789.mp4,753_789,753_789,1,NeuralTextures,train
FaceForensics++_C23/NeuralTextures/752_751.mp4,752_751,751_752,1,NeuralTextures,train
FaceForensics++_C23/NeuralTextures/777_745.mp4,777_745,745_777,1,NeuralTextures,val
FaceForensics++_C23/NeuralTextures/751_752.mp4,751_752,751_752,1,NeuralTextures,train
FaceForensics++_C23/NeuralTextures/762_832.mp4,762_832,762_832,1,NeuralTextures,val
FaceForensics++_C23/NeuralTextures/756_503.mp4,756_503,503_756,1,NeuralTextures,train
FaceForensics++_C23/NeuralTextures/778_798.mp4,778_798,778_798,1,NeuralTextures,train
FaceForensics++_C23/NeuralTextures/760_611.mp4,760_611,611_760,1,NeuralTextures,train
FaceForensics++_C23/NeuralTextures/767_694.mp4,767_694,694_767,1,NeuralTextures,train
FaceForensics++_C23/NeuralTextures/779_794.mp4,779_794,779_794,1,NeuralTextures,val
FaceForensics++_C23/NeuralTextures/799_809.mp4,799_809,799_809,1,NeuralTextures,train
FaceForensics++_C23/NeuralTextures/781_806.mp4,781_806,781_806,1,NeuralTextures,train
FaceForensics++_C23/NeuralTextures/789_753.mp4,789_753,753_789,1,NeuralTextures,train
FaceForensics++_C23/NeuralTextures/787_782.mp4,787_782,782_787,1,NeuralTextures,train
FaceForensics++_C23/NeuralTextures/783_916.mp4,783_916,783_916,1,NeuralTextures,train
FaceForensics++_C23/NeuralTextures/791_770.mp4,791_770,770_791,1,NeuralTextures,train
FaceForensics++_C23/NeuralTextures/782_787.mp4,782_787,782_787,1,NeuralTextures,train
FaceForensics++_C23/NeuralTextures/797_844.mp4,797_844,797_844,1,NeuralTextures,train
FaceForensics++_C23/NeuralTextures/790_014.mp4,790_014,014_790,1,NeuralTextures,train
FaceForensics++_C23/NeuralTextures/785_736.mp4,785_736,736_785,1,NeuralTextures,train
FaceForensics++_C23/NeuralTextures/796_740.mp4,796_740,740_796,1,NeuralTextures,train
FaceForensics++_C23/NeuralTextures/792_903.mp4,792_903,792_903,1,NeuralTextures,train
FaceForensics++_C23/NeuralTextures/788_710.mp4,788_710,710_788,1,NeuralTextures,train
FaceForensics++_C23/NeuralTextures/795_907.mp4,795_907,795_907,1,NeuralTextures,train
FaceForensics++_C23/NeuralTextures/786_819.mp4,786_819,786_819,1,NeuralTextures,train
FaceForensics++_C23/NeuralTextures/800_840.mp4,800_840,800_840,1,NeuralTextures,train
FaceForensics++_C23/NeuralTextures/793_768.mp4,793_768,768_793,1,NeuralTextures,val
FaceForensics++_C23/NeuralTextures/794_779.mp4,794_779,779_794,1,NeuralTextures,val
FaceForensics++_C23/NeuralTextures/784_769.mp4,784_769,769_784,1,NeuralTextures,train
FaceForensics++_C23/NeuralTextures/780_869.mp4,780_869,780_869,1,NeuralTextures,train
FaceForensics++_C23/NeuralTextures/798_778.mp4,798_778,778_798,1,NeuralTextures,train
FaceForensics++_C23/NeuralTextures/812_821.mp4,812_821,812_821,1,NeuralTextures,test
FaceForensics++_C23/NeuralTextures/822_244.mp4,822_244,244_822,1,NeuralTextures,train
FaceForensics++_C23/NeuralTextures/806_781.mp4,806_781,781_806,1,NeuralTextures,train
FaceForensics++_C23/NeuralTextures/808_829.mp4,808_829,808_829,1,NeuralTextures,train
FaceForensics++_C23/NeuralTextures/827_817.mp4,827_817,817_827,1,NeuralTextures,val
FaceForensics++_C23/NeuralTextures/815_730.mp4,815_730,730_815,1,NeuralTextures,train
FaceForensics++_C23/NeuralTextures/813_700.mp4,813_700,700_813,1,NeuralTextures,train
FaceForensics++_C23/NeuralTextures/824_419.mp4,824_419,419_824,1,NeuralTextures,val
FaceForensics++_C23/NeuralTextures/829_808.mp4,829_808,808_829,1,NeuralTextures,train
FaceForensics++_C23/NeuralTextures/819_786.mp4,819_786,786_819,1,NeuralTextures,train
FaceForensics++_C23/NeuralTextures/810_838.mp4,810_838,810_838,1,NeuralTextures,train
FaceForensics++_C23/NeuralTextures/817_827.mp4,817_827,817_827,1,NeuralTextures,val
FaceForensics++_C23/NeuralTextures/802_885.mp4,802_885,802_885,1,NeuralTextures,train
FaceForensics++_C23/NeuralTextures/807_273.mp4,807_273,273_807,1,NeuralTextures,val
FaceForensics++_C23/NeuralTextures/826_833.mp4,826_833,826_833,1,NeuralTextures,train
FaceForensics++_C23/NeuralTextures/820_818.mp4,820_818,818_820,1,NeuralTextures,val
FaceForensics++_C23/NeuralTextures/811_920.mp4,811_920,811_920,1,NeuralTextures,train
FaceForensics++_C23/NeuralTextures/821_812.mp4,821_812,812_821,1,NeuralTextures,test
FaceForensics++_C23/NeuralTextures/823_584.mp4,823_584,584_823,1,NeuralTextures,val
FaceForensics++_C23/NeuralTextures/828_830.mp4,828_830,828_830,1,NeuralTextures,train
FaceForensics++_C23/NeuralTextures/803_017.mp4,803_017,017_803,1,NeuralTextures,train
FaceForensics++_C23/NeuralTextures/804_738.mp4,804_738,738_804,1,NeuralTextures,train
FaceForensics++_C23/NeuralTextures/818_820.mp4,818_820,818_820,1,NeuralTextures,val
FaceForensics++_C23/NeuralTextures/801_855.mp4,801_855,801_855,1,NeuralTextures,test
FaceForensics++_C23/NeuralTextures/805_011.mp4,805_011,011_805,1,NeuralTextures,train
FaceForensics++_C23/NeuralTextures/809_799.mp4,809_799,799_809,1,NeuralTextures,train
FaceForensics++_C23/NeuralTextures/825_074.mp4,825_074,074_825,1,NeuralTextures,train
FaceForensics++_C23/NeuralTextures/816_649.mp4,816_649,649_816,1,NeuralTextures,val
FaceForensics++_C23/NeuralTextures/814_871.mp4,814_871,814_871,1,NeuralTextures,train
FaceForensics++_C23/NeuralTextures/847_906.mp4,847_906,847_906,1,NeuralTextures,test
FaceForensics++_C23/NeuralTextures/854_747.mp4,854_747,747_854,1,NeuralTextures,train
FaceForensics++_C23/NeuralTextures/848_894.mp4,848_894,848_894,1,NeuralTextures,train
FaceForensics++_C23/NeuralTextures/844_797.mp4,844_797,797_844,1,NeuralTextures,train
FaceForensics++_C23/NeuralTextures/858_861.mp4,858_861,858_861,1,NeuralTextures,train
FaceForensics++_C23/NeuralTextures/833_826.mp4,833_826,826_833,1,NeuralTextures,train
FaceForensics++_C23/NeuralTextures/842_714.mp4,842_714,714_842,1,NeuralTextures,test
FaceForensics++_C23/NeuralTextures/837_890.mp4,837_890,837_890,1,NeuralTextures,val
FaceForensics++_C23/NeuralTextures/834_852.mp4,834_852,834_852,1,NeuralTextures,val
FaceForensics++_C23/NeuralTextures/846_845.mp4,846_845,845_846,1,NeuralTextures,train
FaceForensics++_C23/NeuralTextures/835_651.mp4,835_651,651_835,1,NeuralTextures,train
FaceForensics++_C23/NeuralTextures/832_762.mp4,832_762,762_832,1,NeuralTextures,val
FaceForensics++_C23/NeuralTextures/836_950.mp4,836_950,836_950,1,NeuralTextures,train
FaceForensics++_C23/NeuralTextures/843_859.mp4,843_859,843_859,1,NeuralTextures,train
FaceForensics++_C23/NeuralTextures/831_508.mp4,831_508,508_831,1,NeuralTextures,train
FaceForensics++_C23/NeuralTextures/850_764.mp4,850_764,764_850,1,NeuralTextures,train
FaceForensics++_C23/NeuralTextures/853_863.mp4,853_863,853_863,1,NeuralTextures,train
FaceForensics++_C23/NeuralTextures/830_828.mp4,830_828,828_830,1,NeuralTextures,train
FaceForensics++_C23/NeuralTextures/851_552.mp4,851_552,552_851,1,NeuralTextures,test
FaceForensics++_C23/NeuralTextures/852_834.mp4,852_834,834_852,1,NeuralTextures,val
FaceForensics++_C23/NeuralTextures/849_771.mp4,849_771,771_849,1,NeuralTextures,train
FaceForensics++_C23/NeuralTextures/838_810.mp4,838_810,810_838,1,NeuralTextures,train
FaceForensics++_C23/NeuralTextures/859_843.mp4,859_843,843_859,1,NeuralTextures,train
FaceForensics++_C23/NeuralTextures/841_639.mp4,841_639,639_841,1,NeuralTextures,train
FaceForensics++_C23/NeuralTextures/839_864.mp4,839_864,839_864,1,NeuralTextures,train
FaceForensics++_C23/NeuralTextures/840_800.mp4,840_800,800_840,1,NeuralTextures,train
FaceForensics++_C23/NeuralTextures/856_881.mp4,856_881,856_881,1,NeuralTextures,train
FaceForensics++_C23/NeuralTextures/857_909.mp4,857_909,857_909,1,NeuralTextures,val
FaceForensics++_C23/NeuralTextures/855_801.mp4,855_801,801_855,1,NeuralTextures,test
FaceForensics++_C23/NeuralTextures/845_846.mp4,845_846,845_846,1,NeuralTextures,train
FaceForensics++_C23/NeuralTextures/866_878.mp4,866_878,866_878,1,NeuralTextures,train
FaceForensics++_C23/NeuralTextures/863_853.mp4,863_853,853_863,1,NeuralTextures,train
FaceForensics++_C23/NeuralTextures/868_949.mp4,868_949,868_949,1,NeuralTextures,test
FaceForensics++_C23/NeuralTextures/872_873.mp4,872_873,872_873,1,NeuralTextures,train
FaceForensics++_C23/NeuralTextures/860_905.mp4,860_905,860_905,1,NeuralTextures,train
FaceForensics++_C23/NeuralTextures/884_968.mp4,884_968,884_968,1,NeuralTextures,train
FaceForensics++_C23/NeuralTextures/870_001.mp4,870_001,001_870,1,NeuralTextures,train
FaceForensics++_C23/NeuralTextures/865_739.mp4,865_739,739_865,1,NeuralTextures,test
FaceForensics++_C23/NeuralTextures/874_291.mp4,874_291,291_874,1,NeuralTextures,train
FaceForensics++_C23/NeuralTextures/881_856.mp4,881_856,856_881,1,NeuralTextures,train
FaceForensics++_C23/NeuralTextures/869_780.mp4,869_780,780_869,1,NeuralTextures,train
FaceForensics++_C23/NeuralTextures/876_891.mp4,876_891,876_891,1,NeuralTextures,train
FaceForensics++_C23/NeuralTextures/877_886.mp4,877_886,877_886,1,NeuralTextures,train
FaceForensics++_C23/NeuralTextures/862_047.mp4,862_047,047_862,1,NeuralTextures,test
FaceForensics++_C23/NeuralTextures/867_765.mp4,867_765,765_867,1,NeuralTextures,train
FaceForensics++_C23/NeuralTextures/875_979.mp4,875_979,875_979,1,NeuralTextures,val
FaceForensics++_C23/NeuralTextures/878_866.mp4,878_866,866_878,1,NeuralTextures,train
FaceForensics++_C23/NeuralTextures/883_013.mp4,883_013,013_883,1,NeuralTextures,train
FaceForensics++_C23/NeuralTextures/882_952.mp4,882_952,882_952,1,NeuralTextures,train
FaceForensics++_C23/NeuralTextures/871_814.mp4,871_814,814_871,1,NeuralTextures,train
FaceForensics++_C23/NeuralTextures/880_135.mp4,880_135,135_880,1,NeuralTextures,test
FaceForensics++_C23/NeuralTextures/864_839.mp4,864_839,839_864,1,NeuralTextures,train
FaceForensics++_C23/NeuralTextures/861_858.mp4,861_858,858_861,1,NeuralTextures,train
FaceForensics++_C23/NeuralTextures/873_872.mp4,873_872,872_873,1,NeuralTextures,train
FaceForensics++_C23/NeuralTextures/879_963.mp4,879_963,879_963,1,NeuralTextures,train
FaceForensics++_C23/NeuralTextures/890_837.mp4,890_837,837_890,1,NeuralTextures,val
FaceForensics++_C23/NeuralTextures/898_922.mp4,898_922,898_922,1,NeuralTextures,val
FaceForensics++_C23/NeuralTextures/913_893.mp4,913_893,893_913,1,NeuralTextures,train
FaceForensics++_C23/NeuralTextures/886_877.mp4,886_877,877_886,1,NeuralTextures,train
FaceForensics++_C23/NeuralTextures/911_910.mp4,911_910,910_911,1,NeuralTextures,train
FaceForensics++_C23/NeuralTextures/895_915.mp4,895_915,895_915,1,NeuralTextures,val
FaceForensics++_C23/NeuralTextures/906_847.mp4,906_847,847_906,1,NeuralTextures,test
FaceForensics++_C23/NeuralTextures/885_802.mp4,885_802,802_885,1,NeuralTextures,train
FaceForensics++_C23/NeuralTextures/909_857.mp4,909_857,857_909,1,NeuralTextures,val
FaceForensics++_C23/NeuralTextures/888_937.mp4,888_937,888_937,1,NeuralTextures,train
FaceForensics++_C23/NeuralTextures/912_927.mp4,912_927,912_927,1,NeuralTextures,val
FaceForensics++_C23/NeuralTextures/893_913.mp4,893_913,893_913,1,NeuralTextures,train
FaceForensics++_C23/NeuralTextures/903_792.mp4,903_792,792_903,1,NeuralTextures,train
FaceForensics++_C23/NeuralTextures/907_795.mp4,907_795,795_907,1,NeuralTextures,train
FaceForensics++_C23/NeuralTextures/900_926.mp4,900_926,900_926,1,NeuralTextures,val
FaceForensics++_C23/NeuralTextures/896_128.mp4,896_128,128_896,1,NeuralTextures,test
FaceForensics++_C23/NeuralTextures/901_902.mp4,901_902,901_902,1,NeuralTextures,train
FaceForensics++_C23/NeuralTextures/887_275.mp4,887_275,275_887,1,NeuralTextures,train
FaceForensics++_C23/NeuralTextures/914_899.mp4,914_899,899_914,1,NeuralTextures,train
FaceForensics++_C23/NeuralTextures/908_207.mp4,908_207,207_908,1,NeuralTextures,train
FaceForensics++_C23/NeuralTextures/894_848.mp4,894_848,848_894,1,NeuralTextures,train
FaceForensics++_C23/NeuralTextures/889_045.mp4,889_045,045_889,1,NeuralTextures,train
FaceForensics++_C23/NeuralTextures/904_046.mp4,904_046,046_904,1,NeuralTextures,val
FaceForensics++_C23/NeuralTextures/915_895.mp4,915_895,895_915,1,NeuralTextures,val
FaceForensics++_C23/NeuralTextures/917_924.mp4,917_924,917_924,1,NeuralTextures,test
FaceForensics++_C23/NeuralTextures/902_901.mp4,902_901,901_902,1,NeuralTextures,train
FaceForensics++_C23/NeuralTextures/897_969.mp4,897_969,897_969,1,NeuralTextures,train
FaceForensics++_C23/NeuralTextures/910_911.mp4,910_911,910_911,1,NeuralTextures,train
FaceForensics++_C23/NeuralTextures/892_112.mp4,892_112,112_892,1,NeuralTextures,train
FaceForensics++_C23/NeuralTextures/899_914.mp4,899_914,899_914,1,NeuralTextures,train
FaceForensics++_C23/NeuralTextures/916_783.mp4,916_783,783_916,1,NeuralTextures,train
FaceForensics++_C23/NeuralTextures/891_876.mp4,891_876,876_891,1,NeuralTextures,train
FaceForensics++_C23/NeuralTextures/905_860.mp4,905_860,860_905,1,NeuralTextures,train
FaceForensics++_C23/NeuralTextures/927_912.mp4,927_912,912_927,1,NeuralTextures,val
FaceForensics++_C23/NeuralTextures/919_015.mp4,919_015,015_919,1,NeuralTextures,test
FaceForensics++_C23/NeuralTextures/928_160.mp4,928_160,160_928,1,NeuralTextures,train
FaceForensics++_C23/NeuralTextures/923_023.mp4,923_023,023_923,1,NeuralTextures,val
FaceForensics++_C23/NeuralTextures/926_900.mp4,926_900,900_926,1,NeuralTextures,val
FaceForensics++_C23/NeuralTextures/930_763.mp4,930_763,763_930,1,NeuralTextures,train
FaceForensics++_C23/NeuralTextures/939_115.mp4,939_115,115_939,1,NeuralTextures,val
FaceForensics++_C23/NeuralTextures/945_044.mp4,945_044,044_945,1,NeuralTextures,test
FaceForensics++_C23/NeuralTextures/925_933.mp4,925_933,925_933,1,NeuralTextures,val
FaceForensics++_C23/NeuralTextures/944_032.mp4,944_032,032_944,1,NeuralTextures,train
FaceForensics++_C23/NeuralTextures/920_811.mp4,920_811,811_920,1,NeuralTextures,train
FaceForensics++_C23/NeuralTextures/947_951.mp4,947_951,947_951,1,NeuralTextures,val
FaceForensics++_C23/NeuralTextures/936_931.mp4,936_931,931_936,1,NeuralTextures,train
FaceForensics++_C23/NeuralTextures/931_936.mp4,931_936,931_936,1,NeuralTextures,train
FaceForensics++_C23/NeuralTextures/921_569.mp4,921_569,569_921,1,NeuralTextures,train
FaceForensics++_C23/NeuralTextures/941_940.mp4,941_940,940_941,1,NeuralTextures,train
FaceForensics++_C23/NeuralTextures/940_941.mp4,940_941,940_941,1,NeuralTextures,train
FaceForensics++_C23/NeuralTextures/929_962.mp4,929_962,929_962,1,NeuralTextures,train
FaceForensics++_C23/NeuralTextures/935_733.mp4,935_733,733_935,1,NeuralTextures,train
FaceForensics++_C23/NeuralTextures/948_965.mp4,948_965,948_965,1,NeuralTextures,train
FaceForensics++_C23/NeuralTextures/933_925.mp4,933_925,925_933,1,NeuralTextures,val
FaceForensics++_C23/NeuralTextures/942_943.mp4,942_943,942_943,1,NeuralTextures,train
FaceForensics++_C23/NeuralTextures/938_987.mp4,938_987,938_987,1,NeuralTextures,train
FaceForensics++_C23/NeuralTextures/946_049.mp4,946_049,049_946,1,NeuralTextures,train
FaceForensics++_C23/NeuralTextures/918_934.mp4,918_934,918_934,1,NeuralTextures,train
FaceForensics++_C23/NeuralTextures/934_918.mp4,934_918,918_934,1,NeuralTextures,train
FaceForensics++_C23/NeuralTextures/937_888.mp4,937_888,888_937,1,NeuralTextures,train
FaceForensics++_C23/NeuralTextures/943_942.mp4,943_942,942_943,1,NeuralTextures,train
FaceForensics++_C23/NeuralTextures/932_384.mp4,932_384,384_932,1,NeuralTextures,test
FaceForensics++_C23/NeuralTextures/924_917.mp4,924_917,917_924,1,NeuralTextures,test
FaceForensics++_C23/NeuralTextures/922_898.mp4,922_898,898_922,1,NeuralTextures,val
FaceForensics++_C23/NeuralTextures/961_069.mp4,961_069,069_961,1,NeuralTextures,train
FaceForensics++_C23/NeuralTextures/962_929.mp4,962_929,929_962,1,NeuralTextures,train
FaceForensics++_C23/NeuralTextures/972_718.mp4,972_718,718_972,1,NeuralTextures,train
FaceForensics++_C23/NeuralTextures/968_884.mp4,968_884,884_968,1,NeuralTextures,train
FaceForensics++_C23/NeuralTextures/954_976.mp4,954_976,954_976,1,NeuralTextures,train
FaceForensics++_C23/NeuralTextures/959_957.mp4,959_957,957_959,1,NeuralTextures,train
FaceForensics++_C23/NeuralTextures/970_973.mp4,970_973,970_973,1,NeuralTextures,test
FaceForensics++_C23/NeuralTextures/963_879.mp4,963_879,879_963,1,NeuralTextures,train
FaceForensics++_C23/NeuralTextures/953_974.mp4,953_974,953_974,1,NeuralTextures,test
FaceForensics++_C23/NeuralTextures/966_988.mp4,966_988,966_988,1,NeuralTextures,train
FaceForensics++_C23/NeuralTextures/965_948.mp4,965_948,948_965,1,NeuralTextures,train
FaceForensics++_C23/NeuralTextures/957_959.mp4,957_959,957_959,1,NeuralTextures,train
FaceForensics++_C23/NeuralTextures/969_897.mp4,969_897,897_969,1,NeuralTextures,train
FaceForensics++_C23/NeuralTextures/949_868.mp4,949_868,868_949,1,NeuralTextures,test
FaceForensics++_C23/NeuralTextures/956_958.mp4,956_958,956_958,1,NeuralTextures,val
FaceForensics++_C23/NeuralTextures/952_882.mp4,952_882,882_952,1,NeuralTextures,train
FaceForensics++_C23/NeuralTextures/964_174.mp4,964_174,174_964,1,NeuralTextures,train
FaceForensics++_C23/NeuralTextures/950_836.mp4,950_836,836_950,1,NeuralTextures,train
FaceForensics++_C23/NeuralTextures/958_956.mp4,958_956,956_958,1,NeuralTextures,val
FaceForensics++_C23/NeuralTextures/960_999.mp4,960_999,960_999,1,NeuralTextures,train
FaceForensics++_C23/NeuralTextures/951_947.mp4,951_947,947_951,1,NeuralTextures,val
FaceForensics++_C23/NeuralTextures/955_078.mp4,955_078,078_955,1,NeuralTextures,test
FaceForensics++_C23/NeuralTextures/971_564.mp4,971_564,564_971,1,NeuralTextures,val
FaceForensics++_C23/NeuralTextures/967_984.mp4,967_984,967_984,1,NeuralTextures,train
FaceForensics++_C23/NeuralTextures/978_975.mp4,978_975,975_978,1,NeuralTextures,train
FaceForensics++_C23/NeuralTextures/987_938.mp4,987_938,938_987,1,NeuralTextures,train
FaceForensics++_C23/NeuralTextures/994_986.mp4,994_986,986_994,1,NeuralTextures,train
FaceForensics++_C23/NeuralTextures/995_233.mp4,995_233,233_995,1,NeuralTextures,test
FaceForensics++_C23/NeuralTextures/975_978.mp4,975_978,975_978,1,NeuralTextures,train
FaceForensics++_C23/NeuralTextures/981_985.mp4,981_985,981_985,1,NeuralTextures,train
FaceForensics++_C23/NeuralTextures/997_040.mp4,997_040,040_997,1,NeuralTextures,train
FaceForensics++_C23/NeuralTextures/992_980.mp4,992_980,980_992,1,NeuralTextures,val
FaceForensics++_C23/NeuralTextures/977_075.mp4,977_075,075_977,1,NeuralTextures,train
FaceForensics++_C23/NeuralTextures/996_056.mp4,996_056,056_996,1,NeuralTextures,train
FaceForensics++_C23/NeuralTextures/984_967.mp4,984_967,967_984,1,NeuralTextures,train
FaceForensics++_C23/NeuralTextures/998_561.mp4,998_561,561_998,1,NeuralTextures,train
FaceForensics++_C23/NeuralTextures/989_993.mp4,989_993,989_993,1,NeuralTextures,train
FaceForensics++_C23/NeuralTextures/985_981.mp4,985_981,981_985,1,NeuralTextures,train
FaceForensics++_C23/NeuralTextures/991_064.mp4,991_064,064_991,1,NeuralTextures,val
FaceForensics++_C23/NeuralTextures/999_960.mp4,999_960,960_999,1,NeuralTextures,train
FaceForensics++_C23/NeuralTextures/976_954.mp4,976_954,954_976,1,NeuralTextures,train
FaceForensics++_C23/NeuralTextures/979_875.mp4,979_875,875_979,1,NeuralTextures,val
FaceForensics++_C23/NeuralTextures/980_992.mp4,980_992,980_992,1,NeuralTextures,val
FaceForensics++_C23/NeuralTextures/973_970.mp4,973_970,970_973,1,NeuralTextures,test
FaceForensics++_C23/NeuralTextures/990_008.mp4,990_008,008_990,1,NeuralTextures,train
FaceForensics++_C23/NeuralTextures/982_004.mp4,982_004,004_982,1,NeuralTextures,val
FaceForensics++_C23/NeuralTextures/983_113.mp4,983_113,113_983,1,NeuralTextures,train
FaceForensics++_C23/NeuralTextures/986_994.mp4,986_994,986_994,1,NeuralTextures,train
FaceForensics++_C23/NeuralTextures/974_953.mp4,974_953,953_974,1,NeuralTextures,test
FaceForensics++_C23/NeuralTextures/988_966.mp4,988_966,966_988,1,NeuralTextures,train
FaceForensics++_C23/NeuralTextures/993_989.mp4,993_989,989_993,1,NeuralTextures,train
FaceForensics++_C23/FaceShifter/009_027.mp4,009_027,009_027,1,FaceShifter,train
FaceForensics++_C23/FaceShifter/003_000.mp4,003_000,000_003,1,FaceShifter,test
FaceForensics++_C23/FaceShifter/011_805.mp4,011_805,011_805,1,FaceShifter,train
FaceForensics++_C23/FaceShifter/007_132.mp4,007_132,007_132,1,FaceShifter,train
FaceForensics++_C23/FaceShifter/001_870.mp4,001_870,001_870,1,FaceShifter,train
FaceForensics++_C23/FaceShifter/023_923.mp4,023_923,023_923,1,FaceShifter,val
FaceForensics++_C23/FaceShifter/016_209.mp4,016_209,016_209,1,FaceShifter,train
FaceForensics++_C23/FaceShifter/005_010.mp4,005_010,005_010,1,FaceShifter,train
FaceForensics++_C23/FaceShifter/015_919.mp4,015_919,015_919,1,FaceShifter,test
FaceForensics++_C23/FaceShifter/018_019.mp4,018_019,018_019,1,FaceShifter,train
FaceForensics++_C23/FaceShifter/026_012.mp4,026_012,012_026,1,FaceShifter,test
FaceForensics++_C23/FaceShifter/010_005.mp4,010_005,005_010,1,FaceShifter,train
FaceForensics++_C23/FaceShifter/002_006.mp4,002_006,002_006,1,FaceShifter,train
FaceForensics++_C23/FaceShifter/004_982.mp4,004_982,004_982,1,FaceShifter,val
FaceForensics++_C23/FaceShifter/013_883.mp4,013_883,013_883,1,FaceShifter,train
FaceForensics++_C23/FaceShifter/024_073.mp4,024_073,024_073,1,FaceShifter,test
FaceForensics++_C23/FaceShifter/017_803.mp4,017_803,017_803,1,FaceShifter,train
FaceForensics++_C23/FaceShifter/006_002.mp4,006_002,002_006,1,FaceShifter,train
FaceForensics++_C23/FaceShifter/000_003.mp4,000_003,000_003,1,FaceShifter,test
FaceForensics++_C23/FaceShifter/021_312.mp4,021_312,021_312,1,FaceShifter,train
FaceForensics++_C23/FaceShifter/022_489.mp4,022_489,022_489,1,FaceShifter,train
FaceForensics++_C23/FaceShifter/019_018.mp4,019_018,018_019,1,FaceShifter,train
FaceForensics++_C23/FaceShifter/012_026.mp4,012_026,012_026,1,FaceShifter,test
FaceForensics++_C23/FaceShifter/008_990.mp4,008_990,008_990,1,FaceShifter,train
FaceForensics++_C23/FaceShifter/020_344.mp4,020_344,020_344,1,FaceShifter,train
FaceForensics++_C23/FaceShifter/025_067.mp4,025_067,025_067,1,FaceShifter,train
FaceForensics++_C23/FaceShifter/014_790.mp4,014_790,014_790,1,FaceShifter,train
FaceForensics++_C23/FaceShifter/054_071.mp4,054_071,054_071,1,FaceShifter,train
FaceForensics++_C23/FaceShifter/049_946.mp4,049_946,049_946,1,FaceShifter,train
FaceForensics++_C23/FaceShifter/038_125.mp4,038_125,038_125,1,FaceShifter,train
FaceForensics++_C23/FaceShifter/037_072.mp4,037_072,037_072,1,FaceShifter,train
FaceForensics++_C23/FaceShifter/047_862.mp4,047_862,047_862,1,FaceShifter,test
FaceForensics++_C23/FaceShifter/043_110.mp4,043_110,043_110,1,FaceShifter,train
FaceForensics++_C23/FaceShifter/032_944.mp4,032_944,032_944,1,FaceShifter,train
FaceForensics++_C23/FaceShifter/050_059.mp4,050_059,050_059,1,FaceShifter,train
FaceForensics++_C23/FaceShifter/048_029.mp4,048_029,029_048,1,FaceShifter,test
FaceForensics++_C23/FaceShifter/034_590.mp4,034_590,034_590,1,FaceShifter,train
FaceForensics++_C23/FaceShifter/035_036.mp4,035_036,035_036,1,FaceShifter,test
FaceForensics++_C23/FaceShifter/042_084.mp4,042_084,042_084,1,FaceShifter,val
FaceForensics++_C23/FaceShifter/055_147.mp4,055_147,055_147,1,FaceShifter,train
FaceForensics++_C23/FaceShifter/040_997.mp4,040_997,040_997,1,FaceShifter,train
FaceForensics++_C23/FaceShifter/045_889.mp4,045_889,045_889,1,FaceShifter,train
FaceForensics++_C23/FaceShifter/051_332.mp4,051_332,051_332,1,FaceShifter,train
FaceForensics++_C23/FaceShifter/041_063.mp4,041_063,041_063,1,FaceShifter,train
FaceForensics++_C23/FaceShifter/033_097.mp4,033_097,033_097,1,FaceShifter,train
FaceForensics++_C23/FaceShifter/039_058.mp4,039_058,039_058,1,FaceShifter,train
FaceForensics++_C23/FaceShifter/028_068.mp4,028_068,028_068,1,FaceShifter,train
FaceForensics++_C23/FaceShifter/052_108.mp4,052_108,052_108,1,FaceShifter,train
FaceForensics++_C23/FaceShifter/053_095.mp4,053_095,053_095,1,FaceShifter,train
FaceForensics++_C23/FaceShifter/030_193.mp4,030_193,030_193,1,FaceShifter,train
FaceForensics++_C23/FaceShifter/031_163.mp4,031_163,031_163,1,FaceShifter,train
FaceForensics++_C23/FaceShifter/044_945.mp4,044_945,044_945,1,FaceShifter,test
FaceForensics++_C23/FaceShifter/046_904.mp4,046_904,046_904,1,FaceShifter,val
FaceForensics++_C23/FaceShifter/029_048.mp4,029_048,029_048,1,FaceShifter,test
FaceForensics++_C23/FaceShifter/027_009.mp4,027_009,009_027,1,FaceShifter,train
FaceForensics++_C23/FaceShifter/036_035.mp4,036_035,035_036,1,FaceShifter,test
FaceForensics++_C23/FaceShifter/056_996.mp4,056_996,056_996,1,FaceShifter,train
FaceForensics++_C23/FaceShifter/064_991.mp4,064_991,064_991,1,FaceShifter,val
FaceForensics++_C23/FaceShifter/068_028.mp4,068_028,028_068,1,FaceShifter,train
FaceForensics++_C23/FaceShifter/060_088.mp4,060_088,060_088,1,FaceShifter,train
FaceForensics++_C23/FaceShifter/061_080.mp4,061_080,061_080,1,FaceShifter,train
FaceForensics++_C23/FaceShifter/070_057.mp4,070_057,057_070,1,FaceShifter,train
FaceForensics++_C23/FaceShifter/071_054.mp4,071_054,054_071,1,FaceShifter,train
FaceForensics++_C23/FaceShifter/063_041.mp4,063_041,041_063,1,FaceShifter,train
FaceForensics++_C23/FaceShifter/066_062.mp4,066_062,062_066,1,FaceShifter,train
FaceForensics++_C23/FaceShifter/067_025.mp4,067_025,025_067,1,FaceShifter,train
FaceForensics++_C23/FaceShifter/079_076.mp4,079_076,076_079,1,FaceShifter,train
FaceForensics++_C23/FaceShifter/074_825.mp4,074_825,074_825,1,FaceShifter,train
FaceForensics++_C23/FaceShifter/057_070.mp4,057_070,057_070,1,FaceShifter,train
FaceForensics++_C23/FaceShifter/062_066.mp4,062_066,062_066,1,FaceShifter,train
FaceForensics++_C23/FaceShifter/059_050.mp4,059_050,050_059,1,FaceShifter,train
FaceForensics++_C23/FaceShifter/078_955.mp4,078_955,078_955,1,FaceShifter,test
FaceForensics++_C23/FaceShifter/072_037.mp4,072_037,037_072,1,FaceShifter,train
FaceForensics++_C23/FaceShifter/077_100.mp4,077_100,077_100,1,FaceShifter,train
FaceForensics++_C23/FaceShifter/073_024.mp4,073_024,024_073,1,FaceShifter,test
FaceForensics++_C23/FaceShifter/076_079.mp4,076_079,076_079,1,FaceShifter,train
FaceForensics++_C23/FaceShifter/065_089.mp4,065_089,065_089,1,FaceShifter,train
FaceForensics++_C23/FaceShifter/058_039.mp4,058_039,039_058,1,FaceShifter,train
FaceForensics++_C23/FaceShifter/069_961.mp4,069_961,069_961,1,FaceShifter,train
FaceForensics++_C23/FaceShifter/075_977.mp4,075_977,075_977,1,FaceShifter,train
FaceForensics++_C23/FaceShifter/081_087.mp4,081_087,081_087,1,FaceShifter,train
FaceForensics++_C23/FaceShifter/095_053.mp4,095_053,053_095,1,FaceShifter,train
FaceForensics++_C23/FaceShifter/094_111.mp4,094_111,094_111,1,FaceShifter,train
FaceForensics++_C23/FaceShifter/093_121.mp4,093_121,093_121,1,FaceShifter,train
FaceForensics++_C23/FaceShifter/096_101.mp4,096_101,096_101,1,FaceShifter,train
FaceForensics++_C23/FaceShifter/086_090.mp4,086_090,086_090,1,FaceShifter,train
FaceForensics++_C23/FaceShifter/083_213.mp4,083_213,083_213,1,FaceShifter,train
FaceForensics++_C23/FaceShifter/080_061.mp4,080_061,061_080,1,FaceShifter,train
FaceForensics++_C23/FaceShifter/084_042.mp4,084_042,042_084,1,FaceShifter,val
FaceForensics++_C23/FaceShifter/097_033.mp4,097_033,033_097,1,FaceShifter,train
FaceForensics++_C23/FaceShifter/091_116.mp4,091_116,091_116,1,FaceShifter,val
FaceForensics++_C23/FaceShifter/085_124.mp4,085_124,085_124,1,FaceShifter,train
FaceForensics++_C23/FaceShifter/088_060.mp4,088_060,060_088,1,FaceShifter,train
FaceForensics++_C23/FaceShifter/092_098.mp4,092_098,092_098,1,FaceShifter,train
FaceForensics++_C23/FaceShifter/082_103.mp4,082_103,082_103,1,FaceShifter,train
FaceForensics++_C23/FaceShifter/090_086.mp4,090_086,086_090,1,FaceShifter,train
FaceForensics++_C23/FaceShifter/089_065.mp4,089_065,065_089,1,FaceShifter,train
FaceForensics++_C23/FaceShifter/087_081.mp4,087_081,081_087,1,FaceShifter,train
FaceForensics++_C23/FaceShifter/102_114.mp4,102_114,102_114,1,FaceShifter,test
FaceForensics++_C23/FaceShifter/112_892.mp4,112_892,112_892,1,FaceShifter,train
FaceForensics++_C23/FaceShifter/101_096.mp4,101_096,096_101,1,FaceShifter,train
FaceForensics++_C23/FaceShifter/110_043.mp4,110_043,043_110,1,FaceShifter,train
FaceForensics++_C23/FaceShifter/103_082.mp4,103_082,082_103,1,FaceShifter,train
FaceForensics++_C23/FaceShifter/100_077.mp4,100_077,077_100,1,FaceShifter,train
FaceForensics++_C23/FaceShifter/107_109.mp4,107_109,107_109,1,FaceShifter,train
FaceForensics++_C23/FaceShifter/104_126.mp4,104_126,104_126,1,FaceShifter,val
FaceForensics++_C23/FaceShifter/106_198.mp4,106_198,106_198,1,FaceShifter,val
FaceForensics++_C23/FaceShifter/111_094.mp4,111_094,094_111,1,FaceShifter,train
FaceForensics++_C23/FaceShifter/116_091.mp4,116_091,091_116,1,FaceShifter,val
FaceForensics++_C23/FaceShifter/105_180.mp4,105_180,105_180,1,FaceShifter,train
FaceForensics++_C23/FaceShifter/114_102.mp4,114_102,102_114,1,FaceShifter,test
FaceForensics++_C23/FaceShifter/098_092.mp4,098_092,092_098,1,FaceShifter,train
FaceForensics++_C23/FaceShifter/113_983.mp4,113_983,113_983,1,FaceShifter,train
FaceForensics++_C23/FaceShifter/115_939.mp4,115_939,115_939,1,FaceShifter,val
FaceForensics++_C23/FaceShifter/108_052.mp4,108_052,052_108,1,FaceShifter,train
FaceForensics++_C23/FaceShifter/099_295.mp4,099_295,099_295,1,FaceShifter,train
FaceForensics++_C23/FaceShifter/117_217.mp4,117_217,117_217,1,FaceShifter,train
FaceForensics++_C23/FaceShifter/109_107.mp4,109_107,107_109,1,FaceShifter,train
FaceForensics++_C23/FaceShifter/123_119.mp4,123_119,119_123,1,FaceShifter,train
FaceForensics++_C23/FaceShifter/131_518.mp4,131_518,131_518,1,FaceShifter,train
FaceForensics++_C23/FaceShifter/136_285.mp4,136_285,136_285,1,FaceShifter,train
FaceForensics++_C23/FaceShifter/142_138.mp4,142_138,138_142,1,FaceShifter,test
FaceForensics++_C23/FaceShifter/127_129.mp4,127_129,127_129,1,FaceShifter,train
FaceForensics++_C23/FaceShifter/119_123.mp4,119_123,119_123,1,FaceShifter,train
FaceForensics++_C23/FaceShifter/135_880.mp4,135_880,135_880,1,FaceShifter,test
FaceForensics++_C23/FaceShifter/133_148.mp4,133_148,133_148,1,FaceShifter,train
FaceForensics++_C23/FaceShifter/129_127.mp4,129_127,127_129,1,FaceShifter,train
FaceForensics++_C23/FaceShifter/122_144.mp4,122_144,122_144,1,FaceShifter,train
FaceForensics++_C23/FaceShifter/138_142.mp4,138_142,138_142,1,FaceShifter,test
FaceForensics++_C23/FaceShifter/141_161.mp4,141_161,141_161,1,FaceShifter,test
FaceForensics++_C23/FaceShifter/124_085.mp4,124_085,085_124,1,FaceShifter,train
FaceForensics++_C23/FaceShifter/126_104.mp4,126_104,104_126,1,FaceShifter,val
FaceForensics++_C23/FaceShifter/132_007.mp4,132_007,007_132,1,FaceShifter,train
FaceForensics++_C23/FaceShifter/143_140.mp4,143_140,140_143,1,FaceShifter,train
FaceForensics++_C23/FaceShifter/137_165.mp4,137_165,137_165,1,FaceShifter,train
FaceForensics++_C23/FaceShifter/120_118.mp4,120_118,118_120,1,FaceShifter,train
FaceForensics++_C23/FaceShifter/125_038.mp4,125_038,038_125,1,FaceShifter,train
FaceForensics++_C23/FaceShifter/134_192.mp4,134_192,134_192,1,FaceShifter,val
FaceForensics++_C23/FaceShifter/118_120.mp4,118_120,118_120,1,FaceShifter,train
FaceForensics++_C23/FaceShifter/140_143.mp4,140_143,140_143,1,FaceShifter,train
FaceForensics++_C23/FaceShifter/130_139.mp4,130_139,130_139,1,FaceShifter,train
FaceForensics++_C23/FaceShifter/121_093.mp4,121_093,093_121,1,FaceShifter,train
FaceForensics++_C23/FaceShifter/144_122.mp4,144_122,122_144,1,FaceShifter,train
FaceForensics++_C23/FaceShifter/139_130.mp4,139_130,130_139,1,FaceShifter,train
FaceForensics++_C23/FaceShifter/128_896.mp4,128_896,128_896,1,FaceShifter,test
FaceForensics++_C23/FaceShifter/170_186.mp4,170_186,170_186,1,FaceShifter,test
FaceForensics++_C23/FaceShifter/153_150.mp4,153_150,150_153,1,FaceShifter,train
FaceForensics++_C23/FaceShifter/148_133.mp4,148_133,133_148,1,FaceShifter,train
FaceForensics++_C23/FaceShifter/163_031.mp4,163_031,031_163,1,FaceShifter,train
FaceForensics++_C23/FaceShifter/154_386.mp4,154_386,154_386,1,FaceShifter,test
FaceForensics++_C23/FaceShifter/167_166.mp4,167_166,166_167,1,FaceShifter,train
FaceForensics++_C23/FaceShifter/164_216.mp4,164_216,164_216,1,FaceShifter,train
FaceForensics++_C23/FaceShifter/155_576.mp4,155_576,155_576,1,FaceShifter,train
FaceForensics++_C23/FaceShifter/159_175.mp4,159_175,159_175,1,FaceShifter,val
FaceForensics++_C23/FaceShifter/151_225.mp4,151_225,151_225,1,FaceShifter,train
FaceForensics++_C23/FaceShifter/166_167.mp4,166_167,166_167,1,FaceShifter,train
FaceForensics++_C23/FaceShifter/169_227.mp4,169_227,169_227,1,FaceShifter,test
FaceForensics++_C23/FaceShifter/171_173.mp4,171_173,171_173,1,FaceShifter,train
FaceForensics++_C23/FaceShifter/162_330.mp4,162_330,162_330,1,FaceShifter,train
FaceForensics++_C23/FaceShifter/165_137.mp4,165_137,137_165,1,FaceShifter,train
FaceForensics++_C23/FaceShifter/156_243.mp4,156_243,156_243,1,FaceShifter,train
FaceForensics++_C23/FaceShifter/157_245.mp4,157_245,157_245,1,FaceShifter,val
FaceForensics++_C23/FaceShifter/161_141.mp4,161_141,141_161,1,FaceShifter,test
FaceForensics++_C23/FaceShifter/146_256.mp4,146_256,146_256,1,FaceShifter,train
FaceForensics++_C23/FaceShifter/149_152.mp4,149_152,149_152,1,FaceShifter,train
FaceForensics++_C23/FaceShifter/158_379.mp4,158_379,158_379,1,FaceShifter,test
FaceForensics++_C23/FaceShifter/145_299.mp4,145_299,145_299,1,FaceShifter,val
FaceForensics++_C23/FaceShifter/147_055.mp4,147_055,055_147,1,FaceShifter,train
FaceForensics++_C23/FaceShifter/152_149.mp4,152_149,149_152,1,FaceShifter,train
FaceForensics++_C23/FaceShifter/168_222.mp4,168_222,168_222,1,FaceShifter,train
FaceForensics++_C23/FaceShifter/150_153.mp4,150_153,150_153,1,FaceShifter,train
FaceForensics++_C23/FaceShifter/160_928.mp4,160_928,160_928,1,FaceShifter,train
FaceForensics++_C23/FaceShifter/176_190.mp4,176_190,176_190,1,FaceShifter,test
FaceForensics++_C23/FaceShifter/174_964.mp4,174_964,174_964,1,FaceShifter,train
FaceForensics++_C23/FaceShifter/177_211.mp4,177_211,177_211,1,FaceShifter,train
FaceForensics++_C23/FaceShifter/175_159.mp4,175_159,159_175,1,FaceShifter,val
FaceForensics++_C23/FaceShifter/188_191.mp4,188_191,188_191,1,FaceShifter,train
FaceForensics++_C23/FaceShifter/182_242.mp4,182_242,182_242,1,FaceShifter,train
FaceForensics++_C23/FaceShifter/185_276.mp4,185_276,185_276,1,FaceShifter,train
FaceForensics++_C23/FaceShifter/180_105.mp4,180_105,105_180,1,FaceShifter,train
FaceForensics++_C23/FaceShifter/189_200.mp4,189_200,189_200,1,FaceShifter,train
FaceForensics++_C23/FaceShifter/173_171.mp4,173_171,171_173,1,FaceShifter,train
FaceForensics++_C23/FaceShifter/184_205.mp4,184_205,184_205,1,FaceShifter,train
FaceForensics++_C23/FaceShifter/186_170.mp4,186_170,170_186,1,FaceShifter,test
FaceForensics++_C23/FaceShifter/181_199.mp4,181_199,181_199,1,FaceShifter,train
FaceForensics++_C23/FaceShifter/190_176.mp4,190_176,176_190,1,FaceShifter,test
FaceForensics++_C23/FaceShifter/183_253.mp4,183_253,183_253,1,FaceShifter,train
FaceForensics++_C23/FaceShifter/187_234.mp4,187_234,187_234,1,FaceShifter,train
FaceForensics++_C23/FaceShifter/178_598.mp4,178_598,178_598,1,FaceShifter,train
FaceForensics++_C23/FaceShifter/172_582.mp4,172_582,172_582,1,FaceShifter,train
FaceForensics++_C23/FaceShifter/179_212.mp4,179_212,179_212,1,FaceShifter,train
FaceForensics++_C23/FaceShifter/205_184.mp4,205_184,184_205,1,FaceShifter,train
FaceForensics++_C23/FaceShifter/207_908.mp4,207_908,207_908,1,FaceShifter,train
FaceForensics++_C23/FaceShifter/215_208.mp4,215_208,208_215,1,FaceShifter,train
FaceForensics++_C23/FaceShifter/206_221.mp4,206_221,206_221,1,FaceShifter,train
FaceForensics++_C23/FaceShifter/198_106.mp4,198_106,106_198,1,FaceShifter,val
FaceForensics++_C23/FaceShifter/212_179.mp4,212_179,179_212,1,FaceShifter,train
FaceForensics++_C23/FaceShifter/191_188.mp4,191_188,188_191,1,FaceShifter,train
FaceForensics++_C23/FaceShifter/202_348.mp4,202_348,202_348,1,FaceShifter,train
FaceForensics++_C23/FaceShifter/199_181.mp4,199_181,181_199,1,FaceShifter,train
FaceForensics++_C23/FaceShifter/208_215.mp4,208_215,208_215,1,FaceShifter,train
FaceForensics++_C23/FaceShifter/214_255.mp4,214_255,214_255,1,FaceShifter,test
FaceForensics++_C23/FaceShifter/209_016.mp4,209_016,016_209,1,FaceShifter,train
FaceForensics++_C23/FaceShifter/200_189.mp4,200_189,189_200,1,FaceShifter,train
FaceForensics++_C23/FaceShifter/217_117.mp4,217_117,117_217,1,FaceShifter,train
FaceForensics++_C23/FaceShifter/203_201.mp4,203_201,201_203,1,FaceShifter,train
FaceForensics++_C23/FaceShifter/193_030.mp4,193_030,030_193,1,FaceShifter,train
FaceForensics++_C23/FaceShifter/210_241.mp4,210_241,210_241,1,FaceShifter,train
FaceForensics++_C23/FaceShifter/194_235.mp4,194_235,194_235,1,FaceShifter,train
FaceForensics++_C23/FaceShifter/216_164.mp4,216_164,164_216,1,FaceShifter,train
FaceForensics++_C23/FaceShifter/195_442.mp4,195_442,195_442,1,FaceShifter,train
FaceForensics++_C23/FaceShifter/196_310.mp4,196_310,196_310,1,FaceShifter,train
FaceForensics++_C23/FaceShifter/211_177.mp4,211_177,177_211,1,FaceShifter,train
FaceForensics++_C23/FaceShifter/192_134.mp4,192_134,134_192,1,FaceShifter,val
FaceForensics++_C23/FaceShifter/201_203.mp4,201_203,201_203,1,FaceShifter,train
FaceForensics++_C23/FaceShifter/204_230.mp4,204_230,204_230,1,FaceShifter,train
FaceForensics++_C23/FaceShifter/213_083.mp4,213_083,083_213,1,FaceShifter,train
FaceForensics++_C23/FaceShifter/197_224.mp4,197_224,197_224,1,FaceShifter,train
FaceForensics++_C23/FaceShifter/231_663.mp4,231_663,231_663,1,FaceShifter,train
FaceForensics++_C23/FaceShifter/226_491.mp4,226_491,226_491,1,FaceShifter,train
FaceForensics++_C23/FaceShifter/227_169.mp4,227_169,169_227,1,FaceShifter,test
FaceForensics++_C23/FaceShifter/240_290.mp4,240_290,240_290,1,FaceShifter,train
FaceForensics++_C23/FaceShifter/224_197.mp4,224_197,197_224,1,FaceShifter,train
FaceForensics++_C23/FaceShifter/220_219.mp4,220_219,219_220,1,FaceShifter,test
FaceForensics++_C23/FaceShifter/241_210.mp4,241_210,210_241,1,FaceShifter,train
FaceForensics++_C23/FaceShifter/230_204.mp4,230_204,204_230,1,FaceShifter,train
FaceForensics++_C23/FaceShifter/232_248.mp4,232_248,232_248,1,FaceShifter,train
FaceForensics++_C23/FaceShifter/221_206.mp4,221_206,206_221,1,FaceShifter,train
FaceForensics++_C23/FaceShifter/236_237.mp4,236_237,236_237,1,FaceShifter,train
FaceForensics++_C23/FaceShifter/219_220.mp4,219_220,219_220,1,FaceShifter,test
FaceForensics++_C23/FaceShifter/218_239.mp4,218_239,218_239,1,FaceShifter,train
FaceForensics++_C23/FaceShifter/225_151.mp4,225_151,151_225,1,FaceShifter,train
FaceForensics++_C23/FaceShifter/222_168.mp4,222_168,168_222,1,FaceShifter,train
FaceForensics++_C23/FaceShifter/239_218.mp4,239_218,218_239,1,FaceShifter,train
FaceForensics++_C23/FaceShifter/229_247.mp4,229_247,229_247,1,FaceShifter,train
FaceForensics++_C23/FaceShifter/237_236.mp4,237_236,236_237,1,FaceShifter,train
FaceForensics++_C23/FaceShifter/228_289.mp4,228_289,228_289,1,FaceShifter,train
FaceForensics++_C23/FaceShifter/234_187.mp4,234_187,187_234,1,FaceShifter,train
FaceForensics++_C23/FaceShifter/235_194.mp4,235_194,194_235,1,FaceShifter,train
FaceForensics++_C23/FaceShifter/238_282.mp4,238_282,238_282,1,FaceShifter,train
FaceForensics++_C23/FaceShifter/244_822.mp4,244_822,244_822,1,FaceShifter,train
FaceForensics++_C23/FaceShifter/223_586.mp4,223_586,223_586,1,FaceShifter,val
FaceForensics++_C23/FaceShifter/233_995.mp4,233_995,233_995,1,FaceShifter,test
FaceForensics++_C23/FaceShifter/243_156.mp4,243_156,156_243,1,FaceShifter,train
FaceForensics++_C23/FaceShifter/242_182.mp4,242_182,182_242,1,FaceShifter,train
FaceForensics++_C23/FaceShifter/263_284.mp4,263_284,263_284,1,FaceShifter,val
FaceForensics++_C23/FaceShifter/256_146.mp4,256_146,146_256,1,FaceShifter,train
FaceForensics++_C23/FaceShifter/265_475.mp4,265_475,265_475,1,FaceShifter,train
FaceForensics++_C23/FaceShifter/253_183.mp4,253_183,183_253,1,FaceShifter,train
FaceForensics++_C23/FaceShifter/258_246.mp4,258_246,246_258,1,FaceShifter,train
FaceForensics++_C23/FaceShifter/246_258.mp4,246_258,246_258,1,FaceShifter,train
FaceForensics++_C23/FaceShifter/262_301.mp4,262_301,262_301,1,FaceShifter,train
FaceForensics++_C23/FaceShifter/264_271.mp4,264_271,264_271,1,FaceShifter,train
FaceForensics++_C23/FaceShifter/250_461.mp4,250_461,250_461,1,FaceShifter,train
FaceForensics++_C23/FaceShifter/247_229.mp4,247_229,229_247,1,FaceShifter,train
FaceForensics++_C23/FaceShifter/252_266.mp4,252_266,252_266,1,FaceShifter,train
FaceForensics++_C23/FaceShifter/255_214.mp4,255_214,214_255,1,FaceShifter,test
FaceForensics++_C23/FaceShifter/254_261.mp4,254_261,254_261,1,FaceShifter,val
FaceForensics++_C23/FaceShifter/248_232.mp4,248_232,232_248,1,FaceShifter,train
FaceForensics++_C23/FaceShifter/251_375.mp4,251_375,251_375,1,FaceShifter,train
FaceForensics++_C23/FaceShifter/249_280.mp4,249_280,249_280,1,FaceShifter,test
FaceForensics++_C23/FaceShifter/260_331.mp4,260_331,260_331,1,FaceShifter,train
FaceForensics++_C23/FaceShifter/266_252.mp4,266_252,252_266,1,FaceShifter,train
FaceForensics++_C23/FaceShifter/257_420.mp4,257_420,257_420,1,FaceShifter,test
FaceForensics++_C23/FaceShifter/261_254.mp4,261_254,254_261,1,FaceShifter,val
FaceForensics++_C23/FaceShifter/245_157.mp4,245_157,157_245,1,FaceShifter,val
FaceForensics++_C23/FaceShifter/259_345.mp4,259_345,259_345,1,FaceShifter,train
FaceForensics++_C23/FaceShifter/289_228.mp4,289_228,228_289,1,FaceShifter,train
FaceForensics++_C23/FaceShifter/284_263.mp4,284_263,263_284,1,FaceShifter,val
FaceForensics++_C23/FaceShifter/286_267.mp4,286_267,267_286,1,FaceShifter,train
FaceForensics++_C23/FaceShifter/281_474.mp4,281_474,281_474,1,FaceShifter,train
FaceForensics++_C23/FaceShifter/276_185.mp4,276_185,185_276,1,FaceShifter,train
FaceForensics++_C23/FaceShifter/273_807.mp4,273_807,273_807,1,FaceShifter,val
FaceForensics++_C23/FaceShifter/269_268.mp4,269_268,268_269,1,FaceShifter,train
FaceForensics++_C23/FaceShifter/285_136.mp4,285_136,136_285,1,FaceShifter,train
FaceForensics++_C23/FaceShifter/282_238.mp4,282_238,238_282,1,FaceShifter,train
FaceForensics++_C23/FaceShifter/267_286.mp4,267_286,267_286,1,FaceShifter,train
FaceForensics++_C23/FaceShifter/271_264.mp4,271_264,264_271,1,FaceShifter,train
FaceForensics++_C23/FaceShifter/272_396.mp4,272_396,272_396,1,FaceShifter,train
FaceForensics++_C23/FaceShifter/278_306.mp4,278_306,278_306,1,FaceShifter,test
FaceForensics++_C23/FaceShifter/279_298.mp4,279_298,279_298,1,FaceShifter,train
FaceForensics++_C23/FaceShifter/270_297.mp4,270_297,270_297,1,FaceShifter,train
FaceForensics++_C23/FaceShifter/275_887.mp4,275_887,275_887,1,FaceShifter,train
FaceForensics++_C23/FaceShifter/274_412.mp4,274_412,274_412,1,FaceShifter,train
FaceForensics++_C23/FaceShifter/288_321.mp4,288_321,288_321,1,FaceShifter,test
FaceForensics++_C23/FaceShifter/291_874.mp4,291_874,291_874,1,FaceShifter,train
FaceForensics++_C23/FaceShifter/268_269.mp4,268_269,268_269,1,FaceShifter,train
FaceForensics++_C23/FaceShifter/283_313.mp4,283_313,283_313,1,FaceShifter,train
FaceForensics++_C23/FaceShifter/290_240.mp4,290_240,240_290,1,FaceShifter,train
FaceForensics++_C23/FaceShifter/280_249.mp4,280_249,249_280,1,FaceShifter,test
FaceForensics++_C23/FaceShifter/277_335.mp4,277_335,277_335,1,FaceShifter,train
FaceForensics++_C23/FaceShifter/287_426.mp4,287_426,287_426,1,FaceShifter,train
FaceForensics++_C23/FaceShifter/297_270.mp4,297_270,270_297,1,FaceShifter,train
FaceForensics++_C23/FaceShifter/303_309.mp4,303_309,303_309,1,FaceShifter,train
FaceForensics++_C23/FaceShifter/306_278.mp4,306_278,278_306,1,FaceShifter,test
FaceForensics++_C23/FaceShifter/322_315.mp4,322_315,315_322,1,FaceShifter,train
FaceForensics++_C23/FaceShifter/310_196.mp4,310_196,196_310,1,FaceShifter,train
FaceForensics++_C23/FaceShifter/305_513.mp4,305_513,305_513,1,FaceShifter,train
FaceForensics++_C23/FaceShifter/323_302.mp4,323_302,302_323,1,FaceShifter,train
FaceForensics++_C23/FaceShifter/312_021.mp4,312_021,021_312,1,FaceShifter,train
FaceForensics++_C23/FaceShifter/321_288.mp4,321_288,288_321,1,FaceShifter,test
FaceForensics++_C23/FaceShifter/302_323.mp4,302_323,302_323,1,FaceShifter,train
FaceForensics++_C23/FaceShifter/315_322.mp4,315_322,315_322,1,FaceShifter,train
FaceForensics++_C23/FaceShifter/298_279.mp4,298_279,279_298,1,FaceShifter,train
FaceForensics++_C23/FaceShifter/308_388.mp4,308_388,308_388,1,FaceShifter,test
FaceForensics++_C23/FaceShifter/311_387.mp4,311_387,311_387,1,FaceShifter,train
FaceForensics++_C23/FaceShifter/299_145.mp4,299_145,145_299,1,FaceShifter,val
FaceForensics++_C23/FaceShifter/294_292.mp4,294_292,292_294,1,FaceShifter,train
FaceForensics++_C23/FaceShifter/300_304.mp4,300_304,300_304,1,FaceShifter,train
FaceForensics++_C23/FaceShifter/293_296.mp4,293_296,293_296,1,FaceShifter,train
FaceForensics++_C23/FaceShifter/307_365.mp4,307_365,307_365,1,FaceShifter,train
FaceForensics++_C23/FaceShifter/295_099.mp4,295_099,099_295,1,FaceShifter,train
FaceForensics++_C23/FaceShifter/316_369.mp4,316_369,316_369,1,FaceShifter,val
FaceForensics++_C23/FaceShifter/313_283.mp4,313_283,283_313,1,FaceShifter,train
FaceForensics++_C23/FaceShifter/317_359.mp4,317_359,317_359,1,FaceShifter,train
FaceForensics++_C23/FaceShifter/309_303.mp4,309_303,303_309,1,FaceShifter,train
FaceForensics++_C23/FaceShifter/320_328.mp4,320_328,320_328,1,FaceShifter,train
FaceForensics++_C23/FaceShifter/314_347.mp4,314_347,314_347,1,FaceShifter,test
FaceForensics++_C23/FaceShifter/304_300.mp4,304_300,300_304,1,FaceShifter,train
FaceForensics++_C23/FaceShifter/301_262.mp4,301_262,262_301,1,FaceShifter,train
FaceForensics++_C23/FaceShifter/292_294.mp4,292_294,292_294,1,FaceShifter,train
FaceForensics++_C23/FaceShifter/296_293.mp4,296_293,293_296,1,FaceShifter,train
FaceForensics++_C23/FaceShifter/319_352.mp4,319_352,319_352,1,FaceShifter,test
FaceForensics++_C23/FaceShifter/318_334.mp4,318_334,318_334,1,FaceShifter,train
FaceForensics++_C23/FaceShifter/338_336.mp4,338_336,336_338,1,FaceShifter,train
FaceForensics++_C23/FaceShifter/327_329.mp4,327_329,327_329,1,FaceShifter,train
FaceForensics++_C23/FaceShifter/334_318.mp4,334_318,318_334,1,FaceShifter,train
FaceForensics++_C23/FaceShifter/330_162.mp4,330_162,162_330,1,FaceShifter,train
FaceForensics++_C23/FaceShifter/324_356.mp4,324_356,324_356,1,FaceShifter,train
FaceForensics++_C23/FaceShifter/337_522.mp4,337_522,337_522,1,FaceShifter,train
FaceForensics++_C23/FaceShifter/325_492.mp4,325_492,325_492,1,FaceShifter,val
FaceForensics++_C23/FaceShifter/326_501.mp4,326_501,326_501,1,FaceShifter,train
FaceForensics++_C23/FaceShifter/333_377.mp4,333_377,333_377,1,FaceShifter,train
FaceForensics++_C23/FaceShifter/328_320.mp4,328_320,320_328,1,FaceShifter,train
FaceForensics++_C23/FaceShifter/332_051.mp4,332_051,051_332,1,FaceShifter,train
FaceForensics++_C23/FaceShifter/335_277.mp4,335_277,277_335,1,FaceShifter,train
FaceForensics++_C23/FaceShifter/336_338.mp4,336_338,336_338,1,FaceShifter,train
FaceForensics++_C23/FaceShifter/331_260.mp4,331_260,260_331,1,FaceShifter,train
FaceForensics++_C23/FaceShifter/329_327.mp4,329_327,327_329,1,FaceShifter,train
FaceForensics++_C23/FaceShifter/357_432.mp4,357_432,357_432,1,FaceShifter,train
FaceForensics++_C23/FaceShifter/352_319.mp4,352_319,319_352,1,FaceShifter,test
FaceForensics++_C23/FaceShifter/348_202.mp4,348_202,202_348,1,FaceShifter,train
FaceForensics++_C23/FaceShifter/361_448.mp4,361_448,361_448,1,FaceShifter,train
FaceForensics++_C23/FaceShifter/339_392.mp4,339_392,339_392,1,FaceShifter,train
FaceForensics++_C23/FaceShifter/342_416.mp4,342_416,342_416,1,FaceShifter,val
FaceForensics++_C23/FaceShifter/346_351.mp4,346_351,346_351,1,FaceShifter,train
FaceForensics++_C23/FaceShifter/359_317.mp4,359_317,317_359,1,FaceShifter,train
FaceForensics++_C23/FaceShifter/355_748.mp4,355_748,355_748,1,FaceShifter,train
FaceForensics++_C23/FaceShifter/360_437.mp4,360_437,360_437,1,FaceShifter,train
FaceForensics++_C23/FaceShifter/345_259.mp4,345_259,259_345,1,FaceShifter,train
FaceForensics++_C23/FaceShifter/351_346.mp4,351_346,346_351,1,FaceShifter,train
FaceForensics++_C23/FaceShifter/349_350.mp4,349_350,349_350,1,FaceShifter,val
FaceForensics++_C23/FaceShifter/340_341.mp4,340_341,340_341,1,FaceShifter,train
FaceForensics++_C23/FaceShifter/356_324.mp4,356_324,324_356,1,FaceShifter,train
FaceForensics++_C23/FaceShifter/363_343.mp4,363_343,343_363,1,FaceShifter,train
FaceForensics++_C23/FaceShifter/364_440.mp4,364_440,364_440,1,FaceShifter,val
FaceForensics++_C23/FaceShifter/344_020.mp4,344_020,020_344,1,FaceShifter,train
FaceForensics++_C23/FaceShifter/341_340.mp4,341_340,340_341,1,FaceShifter,train
FaceForensics++_C23/FaceShifter/358_380.mp4,358_380,358_380,1,FaceShifter,test
FaceForensics++_C23/FaceShifter/353_383.mp4,353_383,353_383,1,FaceShifter,train
FaceForensics++_C23/FaceShifter/354_362.mp4,354_362,354_362,1,FaceShifter,val
FaceForensics++_C23/FaceShifter/362_354.mp4,362_354,354_362,1,FaceShifter,val
FaceForensics++_C23/FaceShifter/347_314.mp4,347_314,314_347,1,FaceShifter,test
FaceForensics++_C23/FaceShifter/350_349.mp4,350_349,349_350,1,FaceShifter,val
FaceForensics++_C23/FaceShifter/343_363.mp4,343_363,343_363,1,FaceShifter,train
FaceForensics++_C23/FaceShifter/377_333.mp4,377_333,333_377,1,FaceShifter,train
FaceForensics++_C23/FaceShifter/365_307.mp4,365_307,307_365,1,FaceShifter,train
FaceForensics++_C23/FaceShifter/386_154.mp4,386_154,154_386,1,FaceShifter,test
FaceForensics++_C23/FaceShifter/370_483.mp4,370_483,370_483,1,FaceShifter,val
FaceForensics++_C23/FaceShifter/387_311.mp4,387_311,311_387,1,FaceShifter,train
FaceForensics++_C23/FaceShifter/375_251.mp4,375_251,251_375,1,FaceShifter,train
FaceForensics++_C23/FaceShifter/373_394.mp4,373_394,373_394,1,FaceShifter,train
FaceForensics++_C23/FaceShifter/378_368.mp4,378_368,368_378,1,FaceShifter,train
FaceForensics++_C23/FaceShifter/380_358.mp4,380_358,358_380,1,FaceShifter,test
FaceForensics++_C23/FaceShifter/376_381.mp4,376_381,376_381,1,FaceShifter,test
FaceForensics++_C23/FaceShifter/382_409.mp4,382_409,382_409,1,FaceShifter,train
FaceForensics++_C23/FaceShifter/384_932.mp4,384_932,384_932,1,FaceShifter,test
FaceForensics++_C23/FaceShifter/389_480.mp4,389_480,389_480,1,FaceShifter,test
FaceForensics++_C23/FaceShifter/369_316.mp4,369_316,316_369,1,FaceShifter,val
FaceForensics++_C23/FaceShifter/388_308.mp4,388_308,308_388,1,FaceShifter,test
FaceForensics++_C23/FaceShifter/366_473.mp4,366_473,366_473,1,FaceShifter,train
FaceForensics++_C23/FaceShifter/383_353.mp4,383_353,353_383,1,FaceShifter,train
FaceForensics++_C23/FaceShifter/367_371.mp4,367_371,367_371,1,FaceShifter,test
FaceForensics++_C23/FaceShifter/371_367.mp4,371_367,367_371,1,FaceShifter,test
FaceForensics++_C23/FaceShifter/385_414.mp4,385_414,385_414,1,FaceShifter,train
FaceForensics++_C23/FaceShifter/374_407.mp4,374_407,374_407,1,FaceShifter,train
FaceForensics++_C23/FaceShifter/381_376.mp4,381_376,376_381,1,FaceShifter,test
FaceForensics++_C23/FaceShifter/372_413.mp4,372_413,372_413,1,FaceShifter,train
FaceForensics++_C23/FaceShifter/379_158.mp4,379_158,158_379,1,FaceShifter,test
FaceForensics++_C23/FaceShifter/368_378.mp4,368_378,368_378,1,FaceShifter,train
FaceForensics++_C23/FaceShifter/400_476.mp4,400_476,400_476,1,FaceShifter,train
FaceForensics++_C23/FaceShifter/391_406.mp4,391_406,391_406,1,FaceShifter,train
FaceForensics++_C23/FaceShifter/404_429.mp4,404_429,404_429,1,FaceShifter,test
FaceForensics++_C23/FaceShifter/401_395.mp4,401_395,395_401,1,FaceShifter,train
FaceForensics++_C23/FaceShifter/402_453.mp4,402_453,402_453,1,FaceShifter,val
FaceForensics++_C23/FaceShifter/405_393.mp4,405_393,393_405,1,FaceShifter,train
FaceForensics++_C23/FaceShifter/403_497.mp4,403_497,403_497,1,FaceShifter,train
FaceForensics++_C23/FaceShifter/397_602.mp4,397_602,397_602,1,FaceShifter,train
FaceForensics++_C23/FaceShifter/396_272.mp4,396_272,272_396,1,FaceShifter,train
FaceForensics++_C23/FaceShifter/394_373.mp4,394_373,373_394,1,FaceShifter,train
FaceForensics++_C23/FaceShifter/398_457.mp4,398_457,398_457,1,FaceShifter,train
FaceForensics++_C23/FaceShifter/392_339.mp4,392_339,339_392,1,FaceShifter,train
FaceForensics++_C23/FaceShifter/399_488.mp4,399_488,399_488,1,FaceShifter,test
FaceForensics++_C23/FaceShifter/406_391.mp4,406_391,391_406,1,FaceShifter,train
FaceForensics++_C23/FaceShifter/390_709.mp4,390_709,390_709,1,FaceShifter,train
FaceForensics++_C23/FaceShifter/395_401.mp4,395_401,395_401,1,FaceShifter,train
FaceForensics++_C23/FaceShifter/393_405.mp4,393_405,393_405,1,FaceShifter,train
FaceForensics++_C23/FaceShifter/419_824.mp4,419_824,419_824,1,FaceShifter,val
FaceForensics++_C23/FaceShifter/412_274.mp4,412_274,274_412,1,FaceShifter,train
FaceForensics++_C23/FaceShifter/413_372.mp4,413_372,372_413,1,FaceShifter,train
FaceForensics++_C23/FaceShifter/409_382.mp4,409_382,382_409,1,FaceShifter,train
FaceForensics++_C23/FaceShifter/421_423.mp4,421_423,421_423,1,FaceShifter,test
FaceForensics++_C23/FaceShifter/422_695.mp4,422_695,422_695,1,FaceShifter,test
FaceForensics++_C23/FaceShifter/418_507.mp4,418_507,418_507,1,FaceShifter,test
FaceForensics++_C23/FaceShifter/415_484.mp4,415_484,415_484,1,FaceShifter,train
FaceForensics++_C23/FaceShifter/416_342.mp4,416_342,342_416,1,FaceShifter,val
FaceForensics++_C23/FaceShifter/411_410.mp4,411_410,410_411,1,FaceShifter,train
FaceForensics++_C23/FaceShifter/408_424.mp4,408_424,408_424,1,FaceShifter,train
FaceForensics++_C23/FaceShifter/410_411.mp4,410_411,410_411,1,FaceShifter,train
FaceForensics++_C23/FaceShifter/407_374.mp4,407_374,374_407,1,FaceShifter,train
FaceForensics++_C23/FaceShifter/417_496.mp4,417_496,417_496,1,FaceShifter,train
FaceForensics++_C23/FaceShifter/420_257.mp4,420_257,257_420,1,FaceShifter,test
FaceForensics++_C23/FaceShifter/414_385.mp4,414_385,385_414,1,FaceShifter,train
FaceForensics++_C23/FaceShifter/423_421.mp4,423_421,421_423,1,FaceShifter,test
FaceForensics++_C23/FaceShifter/433_498.mp4,433_498,433_498,1,FaceShifter,train
FaceForensics++_C23/FaceShifter/430_459.mp4,430_459,430_459,1,FaceShifter,train
FaceForensics++_C23/FaceShifter/426_287.mp4,426_287,287_426,1,FaceShifter,train
FaceForensics++_C23/FaceShifter/442_195.mp4,442_195,195_442,1,FaceShifter,train
FaceForensics++_C23/FaceShifter/425_485.mp4,425_485,425_485,1,FaceShifter,test
FaceForensics++_C23/FaceShifter/439_441.mp4,439_441,439_441,1,FaceShifter,train
FaceForensics++_C23/FaceShifter/438_434.mp4,438_434,434_438,1,FaceShifter,train
FaceForensics++_C23/FaceShifter/444_655.mp4,444_655,444_655,1,FaceShifter,train
FaceForensics++_C23/FaceShifter/443_514.mp4,443_514,443_514,1,FaceShifter,val
FaceForensics++_C23/FaceShifter/440_364.mp4,440_364,364_440,1,FaceShifter,val
FaceForensics++_C23/FaceShifter/428_466.mp4,428_466,428_466,1,FaceShifter,train
FaceForensics++_C23/FaceShifter/424_408.mp4,424_408,408_424,1,FaceShifter,train
FaceForensics++_C23/FaceShifter/432_357.mp4,432_357,357_432,1,FaceShifter,train
FaceForensics++_C23/FaceShifter/446_667.mp4,446_667,446_667,1,FaceShifter,train
FaceForensics++_C23/FaceShifter/445_494.mp4,445_494,445_494,1,FaceShifter,test
FaceForensics++_C23/FaceShifter/435_456.mp4,435_456,435_456,1,FaceShifter,train
FaceForensics++_C23/FaceShifter/437_360.mp4,437_360,360_437,1,FaceShifter,train
FaceForensics++_C23/FaceShifter/447_431.mp4,447_431,431_447,1,FaceShifter,train
FaceForensics++_C23/FaceShifter/434_438.mp4,434_438,434_438,1,FaceShifter,train
FaceForensics++_C23/FaceShifter/431_447.mp4,431_447,431_447,1,FaceShifter,train
FaceForensics++_C23/FaceShifter/441_439.mp4,441_439,439_441,1,FaceShifter,train
FaceForensics++_C23/FaceShifter/448_361.mp4,448_361,361_448,1,FaceShifter,train
FaceForensics++_C23/FaceShifter/429_404.mp4,429_404,404_429,1,FaceShifter,test
FaceForensics++_C23/FaceShifter/427_637.mp4,427_637,427_637,1,FaceShifter,train
FaceForensics++_C23/FaceShifter/436_526.mp4,436_526,436_526,1,FaceShifter,train
FaceForensics++_C23/FaceShifter/449_451.mp4,449_451,449_451,1,FaceShifter,train
FaceForensics++_C23/FaceShifter/468_470.mp4,468_470,468_470,1,FaceShifter,val
FaceForensics++_C23/FaceShifter/460_678.mp4,460_678,460_678,1,FaceShifter,train
FaceForensics++_C23/FaceShifter/458_722.mp4,458_722,458_722,1,FaceShifter,train
FaceForensics++_C23/FaceShifter/455_471.mp4,455_471,455_471,1,FaceShifter,val
FaceForensics++_C23/FaceShifter/472_511.mp4,472_511,472_511,1,FaceShifter,val
FaceForensics++_C23/FaceShifter/467_462.mp4,467_462,462_467,1,FaceShifter,test
FaceForensics++_C23/FaceShifter/470_468.mp4,470_468,468_470,1,FaceShifter,val
FaceForensics++_C23/FaceShifter/464_463.mp4,464_463,463_464,1,FaceShifter,train
FaceForensics++_C23/FaceShifter/463_464.mp4,463_464,463_464,1,FaceShifter,train
FaceForensics++_C23/FaceShifter/473_366.mp4,473_366,366_473,1,FaceShifter,train
FaceForensics++_C23/FaceShifter/457_398.mp4,457_398,398_457,1,FaceShifter,train
FaceForensics++_C23/FaceShifter/461_250.mp4,461_250,250_461,1,FaceShifter,train
FaceForensics++_C23/FaceShifter/450_533.mp4,450_533,450_533,1,FaceShifter,train
FaceForensics++_C23/FaceShifter/459_430.mp4,459_430,430_459,1,FaceShifter,train
FaceForensics++_C23/FaceShifter/469_481.mp4,469_481,469_481,1,FaceShifter,train
FaceForensics++_C23/FaceShifter/462_467.mp4,462_467,462_467,1,FaceShifter,test
FaceForensics++_C23/FaceShifter/454_527.mp4,454_527,454_527,1,FaceShifter,test
FaceForensics++_C23/FaceShifter/451_449.mp4,451_449,449_451,1,FaceShifter,train
FaceForensics++_C23/FaceShifter/456_435.mp4,456_435,435_456,1,FaceShifter,train
FaceForensics++_C23/FaceShifter/465_482.mp4,465_482,465_482,1,FaceShifter,val
FaceForensics++_C23/FaceShifter/466_428.mp4,466_428,428_466,1,FaceShifter,train
FaceForensics++_C23/FaceShifter/471_455.mp4,471_455,455_471,1,FaceShifter,val
FaceForensics++_C23/FaceShifter/452_550.mp4,452_550,452_550,1,FaceShifter,test
FaceForensics++_C23/FaceShifter/453_402.mp4,453_402,402_453,1,FaceShifter,val
FaceForensics++_C23/FaceShifter/499_539.mp4,499_539,499_539,1,FaceShifter,train
FaceForensics++_C23/FaceShifter/486_680.mp4,486_680,486_680,1,FaceShifter,train
FaceForensics++_C23/FaceShifter/495_512.mp4,495_512,495_512,1,FaceShifter,train
FaceForensics++_C23/FaceShifter/492_325.mp4,492_325,325_492,1,FaceShifter,val
FaceForensics++_C23/FaceShifter/479_706.mp4,479_706,479_706,1,FaceShifter,test
FaceForensics++_C23/FaceShifter/477_487.mp4,477_487,477_487,1,FaceShifter,train
FaceForensics++_C23/FaceShifter/491_226.mp4,491_226,226_491,1,FaceShifter,train
FaceForensics++_C23/FaceShifter/493_538.mp4,493_538,493_538,1,FaceShifter,val
FaceForensics++_C23/FaceShifter/482_465.mp4,482_465,465_482,1,FaceShifter,val
FaceForensics++_C23/FaceShifter/488_399.mp4,488_399,399_488,1,FaceShifter,test
FaceForensics++_C23/FaceShifter/496_417.mp4,496_417,417_496,1,FaceShifter,train
FaceForensics++_C23/FaceShifter/485_425.mp4,485_425,425_485,1,FaceShifter,test
FaceForensics++_C23/FaceShifter/484_415.mp4,484_415,415_484,1,FaceShifter,train
FaceForensics++_C23/FaceShifter/480_389.mp4,480_389,389_480,1,FaceShifter,test
FaceForensics++_C23/FaceShifter/490_534.mp4,490_534,490_534,1,FaceShifter,train
FaceForensics++_C23/FaceShifter/475_265.mp4,475_265,265_475,1,FaceShifter,train
FaceForensics++_C23/FaceShifter/474_281.mp4,474_281,281_474,1,FaceShifter,train
FaceForensics++_C23/FaceShifter/478_506.mp4,478_506,478_506,1,FaceShifter,train
FaceForensics++_C23/FaceShifter/489_022.mp4,489_022,022_489,1,FaceShifter,train
FaceForensics++_C23/FaceShifter/494_445.mp4,494_445,445_494,1,FaceShifter,test
FaceForensics++_C23/FaceShifter/497_403.mp4,497_403,403_497,1,FaceShifter,train
FaceForensics++_C23/FaceShifter/487_477.mp4,487_477,477_487,1,FaceShifter,train
FaceForensics++_C23/FaceShifter/498_433.mp4,498_433,433_498,1,FaceShifter,train
FaceForensics++_C23/FaceShifter/476_400.mp4,476_400,400_476,1,FaceShifter,train
FaceForensics++_C23/FaceShifter/483_370.mp4,483_370,370_483,1,FaceShifter,val
FaceForensics++_C23/FaceShifter/481_469.mp4,481_469,469_481,1,FaceShifter,train
FaceForensics++_C23/FaceShifter/512_495.mp4,512_495,495_512,1,FaceShifter,train
FaceForensics++_C23/FaceShifter/513_305.mp4,513_305,305_513,1,FaceShifter,train
FaceForensics++_C23/FaceShifter/514_443.mp4,514_443,443_514,1,FaceShifter,val
FaceForensics++_C23/FaceShifter/523_541.mp4,523_541,523_541,1,FaceShifter,train
FaceForensics++_C23/FaceShifter/517_521.mp4,517_521,517_521,1,FaceShifter,test
FaceForensics++_C23/FaceShifter/516_555.mp4,516_555,516_555,1,FaceShifter,train
FaceForensics++_C23/FaceShifter/506_478.mp4,506_478,478_506,1,FaceShifter,train
FaceForensics++_C23/FaceShifter/524_580.mp4,524_580,524_580,1,FaceShifter,train
FaceForensics++_C23/FaceShifter/509_525.mp4,509_525,509_525,1,FaceShifter,train
FaceForensics++_C23/FaceShifter/515_519.mp4,515_519,515_519,1,FaceShifter,train
FaceForensics++_C23/FaceShifter/501_326.mp4,501_326,326_501,1,FaceShifter,train
FaceForensics++_C23/FaceShifter/521_517.mp4,521_517,517_521,1,FaceShifter,test
FaceForensics++_C23/FaceShifter/519_515.mp4,519_515,515_519,1,FaceShifter,train
FaceForensics++_C23/FaceShifter/500_592.mp4,500_592,500_592,1,FaceShifter,train
FaceForensics++_C23/FaceShifter/510_528.mp4,510_528,510_528,1,FaceShifter,train
FaceForensics++_C23/FaceShifter/520_542.mp4,520_542,520_542,1,FaceShifter,train
FaceForensics++_C23/FaceShifter/518_131.mp4,518_131,131_518,1,FaceShifter,train
FaceForensics++_C23/FaceShifter/505_600.mp4,505_600,505_600,1,FaceShifter,train
FaceForensics++_C23/FaceShifter/502_504.mp4,502_504,502_504,1,FaceShifter,train
FaceForensics++_C23/FaceShifter/522_337.mp4,522_337,337_522,1,FaceShifter,train
FaceForensics++_C23/FaceShifter/507_418.mp4,507_418,418_507,1,FaceShifter,test
FaceForensics++_C23/FaceShifter/526_436.mp4,526_436,436_526,1,FaceShifter,train
FaceForensics++_C23/FaceShifter/525_509.mp4,525_509,509_525,1,FaceShifter,train
FaceForensics++_C23/FaceShifter/504_502.mp4,504_502,502_504,1,FaceShifter,train
FaceForensics++_C23/FaceShifter/503_756.mp4,503_756,503_756,1,FaceShifter,train
FaceForensics++_C23/FaceShifter/511_472.mp4,511_472,472_511,1,FaceShifter,val
FaceForensics++_C23/FaceShifter/508_831.mp4,508_831,508_831,1,FaceShifter,train
FaceForensics++_C23/FaceShifter/547_574.mp4,547_574,547_574,1,FaceShifter,train
FaceForensics++_C23/FaceShifter/534_490.mp4,534_490,490_534,1,FaceShifter,train
FaceForensics++_C23/FaceShifter/544_532.mp4,544_532,532_544,1,FaceShifter,train
FaceForensics++_C23/FaceShifter/538_493.mp4,538_493,493_538,1,FaceShifter,val
FaceForensics++_C23/FaceShifter/527_454.mp4,527_454,454_527,1,FaceShifter,test
FaceForensics++_C23/FaceShifter/549_531.mp4,549_531,531_549,1,FaceShifter,train
FaceForensics++_C23/FaceShifter/548_632.mp4,548_632,548_632,1,FaceShifter,val
FaceForensics++_C23/FaceShifter/532_544.mp4,532_544,532_544,1,FaceShifter,train
FaceForensics++_C23/FaceShifter/541_523.mp4,541_523,523_541,1,FaceShifter,train
FaceForensics++_C23/FaceShifter/535_587.mp4,535_587,535_587,1,FaceShifter,train
FaceForensics++_C23/FaceShifter/540_536.mp4,540_536,536_540,1,FaceShifter,train
FaceForensics++_C23/FaceShifter/531_549.mp4,531_549,531_549,1,FaceShifter,train
FaceForensics++_C23/FaceShifter/533_450.mp4,533_450,450_533,1,FaceShifter,train
FaceForensics++_C23/FaceShifter/528_510.mp4,528_510,510_528,1,FaceShifter,train
FaceForensics++_C23/FaceShifter/543_559.mp4,543_559,543_559,1,FaceShifter,train
FaceForensics++_C23/FaceShifter/530_594.mp4,530_594,530_594,1,FaceShifter,train
FaceForensics++_C23/FaceShifter/536_540.mp4,536_540,536_540,1,FaceShifter,train
FaceForensics++_C23/FaceShifter/539_499.mp4,539_499,499_539,1,FaceShifter,train
FaceForensics++_C23/FaceShifter/546_621.mp4,546_621,546_621,1,FaceShifter,train
FaceForensics++_C23/FaceShifter/542_520.mp4,542_520,520_542,1,FaceShifter,train
FaceForensics++_C23/FaceShifter/537_563.mp4,537_563,537_563,1,FaceShifter,train
FaceForensics++_C23/FaceShifter/529_633.mp4,529_633,529_633,1,FaceShifter,test
FaceForensics++_C23/FaceShifter/545_553.mp4,545_553,545_553,1,FaceShifter,train
FaceForensics++_C23/FaceShifter/550_452.mp4,550_452,452_550,1,FaceShifter,test
FaceForensics++_C23/FaceShifter/553_545.mp4,553_545,545_553,1,FaceShifter,train
FaceForensics++_C23/FaceShifter/566_617.mp4,566_617,566_617,1,FaceShifter,val
FaceForensics++_C23/FaceShifter/568_628.mp4,568_628,568_628,1,FaceShifter,train
FaceForensics++_C23/FaceShifter/551_631.mp4,551_631,551_631,1,FaceShifter,train
FaceForensics++_C23/FaceShifter/563_537.mp4,563_537,537_563,1,FaceShifter,train
FaceForensics++_C23/FaceShifter/567_606.mp4,567_606,567_606,1,FaceShifter,val
FaceForensics++_C23/FaceShifter/562_626.mp4,562_626,562_626,1,FaceShifter,train
FaceForensics++_C23/FaceShifter/556_588.mp4,556_588,556_588,1,FaceShifter,train
FaceForensics++_C23/FaceShifter/561_998.mp4,561_998,561_998,1,FaceShifter,train
FaceForensics++_C23/FaceShifter/570_624.mp4,570_624,570_624,1,FaceShifter,train
FaceForensics++_C23/FaceShifter/560_557.mp4,560_557,557_560,1,FaceShifter,val
FaceForensics++_C23/FaceShifter/565_589.mp4,565_589,565_589,1,FaceShifter,val
FaceForensics++_C23/FaceShifter/557_560.mp4,557_560,557_560,1,FaceShifter,val
FaceForensics++_C23/FaceShifter/554_572.mp4,554_572,554_572,1,FaceShifter,train
FaceForensics++_C23/FaceShifter/569_921.mp4,569_921,569_921,1,FaceShifter,train
FaceForensics++_C23/FaceShifter/558_583.mp4,558_583,558_583,1,FaceShifter,val
FaceForensics++_C23/FaceShifter/559_543.mp4,559_543,543_559,1,FaceShifter,train
FaceForensics++_C23/FaceShifter/555_516.mp4,555_516,516_555,1,FaceShifter,train
FaceForensics++_C23/FaceShifter/552_851.mp4,552_851,552_851,1,FaceShifter,test
FaceForensics++_C23/FaceShifter/564_971.mp4,564_971,564_971,1,FaceShifter,val
FaceForensics++_C23/FaceShifter/573_757.mp4,573_757,573_757,1,FaceShifter,train
FaceForensics++_C23/FaceShifter/587_535.mp4,587_535,535_587,1,FaceShifter,train
FaceForensics++_C23/FaceShifter/572_554.mp4,572_554,554_572,1,FaceShifter,train
FaceForensics++_C23/FaceShifter/583_558.mp4,583_558,558_583,1,FaceShifter,val
FaceForensics++_C23/FaceShifter/582_172.mp4,582_172,172_582,1,FaceShifter,train
FaceForensics++_C23/FaceShifter/585_599.mp4,585_599,585_599,1,FaceShifter,val
FaceForensics++_C23/FaceShifter/581_697.mp4,581_697,581_697,1,FaceShifter,train
FaceForensics++_C23/FaceShifter/576_155.mp4,576_155,155_576,1,FaceShifter,train
FaceForensics++_C23/FaceShifter/588_556.mp4,588_556,556_588,1,FaceShifter,train
FaceForensics++_C23/FaceShifter/579_701.mp4,579_701,579_701,1,FaceShifter,test
FaceForensics++_C23/FaceShifter/578_636.mp4,578_636,578_636,1,FaceShifter,train
FaceForensics++_C23/FaceShifter/589_565.mp4,589_565,565_589,1,FaceShifter,val
FaceForensics++_C23/FaceShifter/571_746.mp4,571_746,571_746,1,FaceShifter,val
FaceForensics++_C23/FaceShifter/584_823.mp4,584_823,584_823,1,FaceShifter,val
FaceForensics++_C23/FaceShifter/575_603.mp4,575_603,575_603,1,FaceShifter,train
FaceForensics++_C23/FaceShifter/580_524.mp4,580_524,524_580,1,FaceShifter,train
FaceForensics++_C23/FaceShifter/591_605.mp4,591_605,591_605,1,FaceShifter,train
FaceForensics++_C23/FaceShifter/590_034.mp4,590_034,034_590,1,FaceShifter,train
FaceForensics++_C23/FaceShifter/577_593.mp4,577_593,577_593,1,FaceShifter,train
FaceForensics++_C23/FaceShifter/574_547.mp4,574_547,547_574,1,FaceShifter,train
FaceForensics++_C23/FaceShifter/586_223.mp4,586_223,223_586,1,FaceShifter,val
FaceForensics++_C23/FaceShifter/592_500.mp4,592_500,500_592,1,FaceShifter,train
FaceForensics++_C23/FaceShifter/597_595.mp4,597_595,595_597,1,FaceShifter,val
FaceForensics++_C23/FaceShifter/617_566.mp4,617_566,566_617,1,FaceShifter,val
FaceForensics++_C23/FaceShifter/616_614.mp4,616_614,614_616,1,FaceShifter,train
FaceForensics++_C23/FaceShifter/609_596.mp4,609_596,596_609,1,FaceShifter,train
FaceForensics++_C23/FaceShifter/603_575.mp4,603_575,575_603,1,FaceShifter,train
FaceForensics++_C23/FaceShifter/613_685.mp4,613_685,613_685,1,FaceShifter,train
FaceForensics++_C23/FaceShifter/615_687.mp4,615_687,615_687,1,FaceShifter,train
FaceForensics++_C23/FaceShifter/614_616.mp4,614_616,614_616,1,FaceShifter,train
FaceForensics++_C23/FaceShifter/594_530.mp4,594_530,530_594,1,FaceShifter,train
FaceForensics++_C23/FaceShifter/599_585.mp4,599_585,585_599,1,FaceShifter,val
FaceForensics++_C23/FaceShifter/602_397.mp4,602_397,397_602,1,FaceShifter,train
FaceForensics++_C23/FaceShifter/600_505.mp4,600_505,505_600,1,FaceShifter,train
FaceForensics++_C23/FaceShifter/596_609.mp4,596_609,596_609,1,FaceShifter,train
FaceForensics++_C23/FaceShifter/598_178.mp4,598_178,178_598,1,FaceShifter,train
FaceForensics++_C23/FaceShifter/607_683.mp4,607_683,607_683,1,FaceShifter,test
FaceForensics++_C23/FaceShifter/605_591.mp4,605_591,591_605,1,FaceShifter,train
FaceForensics++_C23/FaceShifter/601_653.mp4,601_653,601_653,1,FaceShifter,train
FaceForensics++_C23/FaceShifter/611_760.mp4,611_760,611_760,1,FaceShifter,train
FaceForensics++_C23/FaceShifter/610_692.mp4,610_692,610_692,1,FaceShifter,train
FaceForensics++_C23/FaceShifter/593_577.mp4,593_577,577_593,1,FaceShifter,train
FaceForensics++_C23/FaceShifter/604_703.mp4,604_703,604_703,1,FaceShifter,train
FaceForensics++_C23/FaceShifter/606_567.mp4,606_567,567_606,1,FaceShifter,val
FaceForensics++_C23/FaceShifter/608_675.mp4,608_675,608_675,1,FaceShifter,test
FaceForensics++_C23/FaceShifter/595_597.mp4,595_597,595_597,1,FaceShifter,val
FaceForensics++_C23/FaceShifter/612_702.mp4,612_702,612_702,1,FaceShifter,val
FaceForensics++_C23/FaceShifter/618_629.mp4,618_629,618_629,1,FaceShifter,train
FaceForensics++_C23/FaceShifter/643_646.mp4,643_646,643_646,1,FaceShifter,train
FaceForensics++_C23/FaceShifter/631_551.mp4,631_551,551_631,1,FaceShifter,train
FaceForensics++_C23/FaceShifter/630_623.mp4,630_623,623_630,1,FaceShifter,test
FaceForensics++_C23/FaceShifter/636_578.mp4,636_578,578_636,1,FaceShifter,train
FaceForensics++_C23/FaceShifter/640_638.mp4,640_638,638_640,1,FaceShifter,val
FaceForensics++_C23/FaceShifter/629_618.mp4,629_618,618_629,1,FaceShifter,train
FaceForensics++_C23/FaceShifter/634_660.mp4,634_660,634_660,1,FaceShifter,test
FaceForensics++_C23/FaceShifter/624_570.mp4,624_570,570_624,1,FaceShifter,train
FaceForensics++_C23/FaceShifter/642_635.mp4,642_635,635_642,1,FaceShifter,train
FaceForensics++_C23/FaceShifter/626_562.mp4,626_562,562_626,1,FaceShifter,train
FaceForensics++_C23/FaceShifter/619_620.mp4,619_620,619_620,1,FaceShifter,train
FaceForensics++_C23/FaceShifter/638_640.mp4,638_640,638_640,1,FaceShifter,val
FaceForensics++_C23/FaceShifter/621_546.mp4,621_546,546_621,1,FaceShifter,train
FaceForensics++_C23/FaceShifter/632_548.mp4,632_548,548_632,1,FaceShifter,val
FaceForensics++_C23/FaceShifter/622_647.mp4,622_647,622_647,1,FaceShifter,val
FaceForensics++_C23/FaceShifter/633_529.mp4,633_529,529_633,1,FaceShifter,test
FaceForensics++_C23/FaceShifter/645_688.mp4,645_688,645_688,1,FaceShifter,train
FaceForensics++_C23/FaceShifter/623_630.mp4,623_630,623_630,1,FaceShifter,test
FaceForensics++_C23/FaceShifter/644_657.mp4,644_657,644_657,1,FaceShifter,train
FaceForensics++_C23/FaceShifter/637_427.mp4,637_427,427_637,1,FaceShifter,train
FaceForensics++_C23/FaceShifter/635_642.mp4,635_642,635_642,1,FaceShifter,train
FaceForensics++_C23/FaceShifter/627_658.mp4,627_658,627_658,1,FaceShifter,train
FaceForensics++_C23/FaceShifter/641_662.mp4,641_662,641_662,1,FaceShifter,train
FaceForensics++_C23/FaceShifter/625_650.mp4,625_650,625_650,1,FaceShifter,test
FaceForensics++_C23/FaceShifter/620_619.mp4,620_619,619_620,1,FaceShifter,train
FaceForensics++_C23/FaceShifter/639_841.mp4,639_841,639_841,1,FaceShifter,train
FaceForensics++_C23/FaceShifter/628_568.mp4,628_568,568_628,1,FaceShifter,train
FaceForensics++_C23/FaceShifter/652_773.mp4,652_773,652_773,1,FaceShifter,train
FaceForensics++_C23/FaceShifter/657_644.mp4,657_644,644_657,1,FaceShifter,train
FaceForensics++_C23/FaceShifter/658_627.mp4,658_627,627_658,1,FaceShifter,train
FaceForensics++_C23/FaceShifter/660_634.mp4,660_634,634_660,1,FaceShifter,test
FaceForensics++_C23/FaceShifter/669_682.mp4,669_682,669_682,1,FaceShifter,test
FaceForensics++_C23/FaceShifter/670_661.mp4,670_661,661_670,1,FaceShifter,test
FaceForensics++_C23/FaceShifter/646_643.mp4,646_643,643_646,1,FaceShifter,train
FaceForensics++_C23/FaceShifter/653_601.mp4,653_601,601_653,1,FaceShifter,train
FaceForensics++_C23/FaceShifter/671_677.mp4,671_677,671_677,1,FaceShifter,train
FaceForensics++_C23/FaceShifter/647_622.mp4,647_622,622_647,1,FaceShifter,val
FaceForensics++_C23/FaceShifter/650_625.mp4,650_625,625_650,1,FaceShifter,test
FaceForensics++_C23/FaceShifter/662_641.mp4,662_641,641_662,1,FaceShifter,train
FaceForensics++_C23/FaceShifter/667_446.mp4,667_446,446_667,1,FaceShifter,train
FaceForensics++_C23/FaceShifter/651_835.mp4,651_835,651_835,1,FaceShifter,train
FaceForensics++_C23/FaceShifter/654_648.mp4,654_648,648_654,1,FaceShifter,train
FaceForensics++_C23/FaceShifter/664_668.mp4,664_668,664_668,1,FaceShifter,val
FaceForensics++_C23/FaceShifter/656_666.mp4,656_666,656_666,1,FaceShifter,val
FaceForensics++_C23/FaceShifter/655_444.mp4,655_444,444_655,1,FaceShifter,train
FaceForensics++_C23/FaceShifter/648_654.mp4,648_654,648_654,1,FaceShifter,train
FaceForensics++_C23/FaceShifter/666_656.mp4,666_656,656_666,1,FaceShifter,val
FaceForensics++_C23/FaceShifter/663_231.mp4,663_231,231_663,1,FaceShifter,train
FaceForensics++_C23/FaceShifter/661_670.mp4,661_670,661_670,1,FaceShifter,test
FaceForensics++_C23/FaceShifter/659_749.mp4,659_749,659_749,1,FaceShifter,train
FaceForensics++_C23/FaceShifter/649_816.mp4,649_816,649_816,1,FaceShifter,val
FaceForensics++_C23/FaceShifter/668_664.mp4,668_664,664_668,1,FaceShifter,val
FaceForensics++_C23/FaceShifter/665_679.mp4,665_679,665_679,1,FaceShifter,train
FaceForensics++_C23/FaceShifter/687_615.mp4,687_615,615_687,1,FaceShifter,train
FaceForensics++_C23/FaceShifter/696_686.mp4,696_686,686_696,1,FaceShifter,train
FaceForensics++_C23/FaceShifter/686_696.mp4,686_696,686_696,1,FaceShifter,train
FaceForensics++_C23/FaceShifter/689_690.mp4,689_690,689_690,1,FaceShifter,train
FaceForensics++_C23/FaceShifter/695_422.mp4,695_422,422_695,1,FaceShifter,test
FaceForensics++_C23/FaceShifter/698_693.mp4,698_693,693_698,1,FaceShifter,train
FaceForensics++_C23/FaceShifter/692_610.mp4,692_610,610_692,1,FaceShifter,train
FaceForensics++_C23/FaceShifter/693_698.mp4,693_698,693_698,1,FaceShifter,train
FaceForensics++_C23/FaceShifter/672_720.mp4,672_720,672_720,1,FaceShifter,val
FaceForensics++_C23/FaceShifter/676_776.mp4,676_776,676_776,1,FaceShifter,train
FaceForensics++_C23/FaceShifter/682_669.mp4,682_669,669_682,1,FaceShifter,test
FaceForensics++_C23/FaceShifter/685_613.mp4,685_613,613_685,1,FaceShifter,train
FaceForensics++_C23/FaceShifter/677_671.mp4,677_671,671_677,1,FaceShifter,train
FaceForensics++_C23/FaceShifter/673_728.mp4,673_728,673_728,1,FaceShifter,train
FaceForensics++_C23/FaceShifter/688_645.mp4,688_645,645_688,1,FaceShifter,train
FaceForensics++_C23/FaceShifter/694_767.mp4,694_767,694_767,1,FaceShifter,train
FaceForensics++_C23/FaceShifter/691_732.mp4,691_732,691_732,1,FaceShifter,test
FaceForensics++_C23/FaceShifter/680_486.mp4,680_486,486_680,1,FaceShifter,train
FaceForensics++_C23/FaceShifter/675_608.mp4,675_608,608_675,1,FaceShifter,test
FaceForensics++_C23/FaceShifter/681_711.mp4,681_711,681_711,1,FaceShifter,train
FaceForensics++_C23/FaceShifter/674_744.mp4,674_744,674_744,1,FaceShifter,train
FaceForensics++_C23/FaceShifter/683_607.mp4,683_607,607_683,1,FaceShifter,test
FaceForensics++_C23/FaceShifter/679_665.mp4,679_665,665_679,1,FaceShifter,train
FaceForensics++_C23/FaceShifter/684_717.mp4,684_717,684_717,1,FaceShifter,train
FaceForensics++_C23/FaceShifter/678_460.mp4,678_460,460_678,1,FaceShifter,train
FaceForensics++_C23/FaceShifter/690_689.mp4,690_689,689_690,1,FaceShifter,train
FaceForensics++_C23/FaceShifter/697_581.mp4,697_581,581_697,1,FaceShifter,train
FaceForensics++_C23/FaceShifter/699_734.mp4,699_734,699_734,1,FaceShifter,train
FaceForensics++_C23/FaceShifter/706_479.mp4,706_479,479_706,1,FaceShifter,test
FaceForensics++_C23/FaceShifter/714_842.mp4,714_842,714_842,1,FaceShifter,test
FaceForensics++_C23/FaceShifter/702_612.mp4,702_612,612_702,1,FaceShifter,val
FaceForensics++_C23/FaceShifter/703_604.mp4,703_604,604_703,1,FaceShifter,train
FaceForensics++_C23/FaceShifter/712_716.mp4,712_716,712_716,1,FaceShifter,train
FaceForensics++_C23/FaceShifter/711_681.mp4,711_681,681_711,1,FaceShifter,train
FaceForensics++_C23/FaceShifter/707_705.mp4,707_705,705_707,1,FaceShifter,test
FaceForensics++_C23/FaceShifter/709_390.mp4,709_390,390_709,1,FaceShifter,train
FaceForensics++_C23/FaceShifter/713_726.mp4,713_726,713_726,1,FaceShifter,train
FaceForensics++_C23/FaceShifter/700_813.mp4,700_813,700_813,1,FaceShifter,train
FaceForensics++_C23/FaceShifter/708_772.mp4,708_772,708_772,1,FaceShifter,train
FaceForensics++_C23/FaceShifter/701_579.mp4,701_579,579_701,1,FaceShifter,test
FaceForensics++_C23/FaceShifter/705_707.mp4,705_707,705_707,1,FaceShifter,test
FaceForensics++_C23/FaceShifter/704_723.mp4,704_723,704_723,1,FaceShifter,train
FaceForensics++_C23/FaceShifter/710_788.mp4,710_788,710_788,1,FaceShifter,train
FaceForensics++_C23/FaceShifter/728_673.mp4,728_673,673_728,1,FaceShifter,train
FaceForensics++_C23/FaceShifter/717_684.mp4,717_684,684_717,1,FaceShifter,train
FaceForensics++_C23/FaceShifter/732_691.mp4,732_691,691_732,1,FaceShifter,test
FaceForensics++_C23/FaceShifter/723_704.mp4,723_704,704_723,1,FaceShifter,train
FaceForensics++_C23/FaceShifter/733_935.mp4,733_935,733_935,1,FaceShifter,train
FaceForensics++_C23/FaceShifter/721_715.mp4,721_715,715_721,1,FaceShifter,train
FaceForensics++_C23/FaceShifter/725_724.mp4,725_724,724_725,1,FaceShifter,test
FaceForensics++_C23/FaceShifter/719_737.mp4,719_737,719_737,1,FaceShifter,train
FaceForensics++_C23/FaceShifter/715_721.mp4,715_721,715_721,1,FaceShifter,train
FaceForensics++_C23/FaceShifter/729_727.mp4,729_727,727_729,1,FaceShifter,val
FaceForensics++_C23/FaceShifter/720_672.mp4,720_672,672_720,1,FaceShifter,val
FaceForensics++_C23/FaceShifter/730_815.mp4,730_815,730_815,1,FaceShifter,train
FaceForensics++_C23/FaceShifter/716_712.mp4,716_712,712_716,1,FaceShifter,train
FaceForensics++_C23/FaceShifter/726_713.mp4,726_713,713_726,1,FaceShifter,train
FaceForensics++_C23/FaceShifter/731_741.mp4,731_741,731_741,1,FaceShifter,test
FaceForensics++_C23/FaceShifter/724_725.mp4,724_725,724_725,1,FaceShifter,test
FaceForensics++_C23/FaceShifter/718_972.mp4,718_972,718_972,1,FaceShifter,train
FaceForensics++_C23/FaceShifter/727_729.mp4,727_729,727_729,1,FaceShifter,val
FaceForensics++_C23/FaceShifter/722_458.mp4,722_458,458_722,1,FaceShifter,train
FaceForensics++_C23/FaceShifter/738_804.mp4,738_804,738_804,1,FaceShifter,train
FaceForensics++_C23/FaceShifter/754_758.mp4,754_758,754_758,1,FaceShifter,train
FaceForensics++_C23/FaceShifter/744_674.mp4,744_674,674_744,1,FaceShifter,train
FaceForensics++_C23/FaceShifter/756_503.mp4,756_503,503_756,1,FaceShifter,train
FaceForensics++_C23/FaceShifter/755_759.mp4,755_759,755_759,1,FaceShifter,test
FaceForensics++_C23/FaceShifter/750_743.mp4,750_743,743_750,1,FaceShifter,train
FaceForensics++_C23/FaceShifter/751_752.mp4,751_752,751_752,1,FaceShifter,train
FaceForensics++_C23/FaceShifter/743_750.mp4,743_750,743_750,1,FaceShifter,train
FaceForensics++_C23/FaceShifter/736_785.mp4,736_785,736_785,1,FaceShifter,train
FaceForensics++_C23/FaceShifter/757_573.mp4,757_573,573_757,1,FaceShifter,train
FaceForensics++_C23/FaceShifter/745_777.mp4,745_777,745_777,1,FaceShifter,val
FaceForensics++_C23/FaceShifter/737_719.mp4,737_719,719_737,1,FaceShifter,train
FaceForensics++_C23/FaceShifter/748_355.mp4,748_355,355_748,1,FaceShifter,train
FaceForensics++_C23/FaceShifter/739_865.mp4,739_865,739_865,1,FaceShifter,test
FaceForensics++_C23/FaceShifter/746_571.mp4,746_571,571_746,1,FaceShifter,val
FaceForensics++_C23/FaceShifter/742_775.mp4,742_775,742_775,1,FaceShifter,val
FaceForensics++_C23/FaceShifter/740_796.mp4,740_796,740_796,1,FaceShifter,train
FaceForensics++_C23/FaceShifter/735_774.mp4,735_774,735_774,1,FaceShifter,train
FaceForensics++_C23/FaceShifter/741_731.mp4,741_731,731_741,1,FaceShifter,test
FaceForensics++_C23/FaceShifter/747_854.mp4,747_854,747_854,1,FaceShifter,train
FaceForensics++_C23/FaceShifter/749_659.mp4,749_659,659_749,1,FaceShifter,train
FaceForensics++_C23/FaceShifter/752_751.mp4,752_751,751_752,1,FaceShifter,train
FaceForensics++_C23/FaceShifter/753_789.mp4,753_789,753_789,1,FaceShifter,train
FaceForensics++_C23/FaceShifter/758_754.mp4,758_754,754_758,1,FaceShifter,train
FaceForensics++_C23/FaceShifter/734_699.mp4,734_699,699_734,1,FaceShifter,train
FaceForensics++_C23/FaceShifter/783_916.mp4,783_916,783_916,1,FaceShifter,train
FaceForensics++_C23/FaceShifter/786_819.mp4,786_819,786_819,1,FaceShifter,train
FaceForensics++_C23/FaceShifter/779_794.mp4,779_794,779_794,1,FaceShifter,val
FaceForensics++_C23/FaceShifter/776_676.mp4,776_676,676_776,1,FaceShifter,train
FaceForensics++_C23/FaceShifter/765_867.mp4,765_867,765_867,1,FaceShifter,train
FaceForensics++_C23/FaceShifter/780_869.mp4,780_869,780_869,1,FaceShifter,train
FaceForensics++_C23/FaceShifter/781_806.mp4,781_806,781_806,1,FaceShifter,train
FaceForensics++_C23/FaceShifter/763_930.mp4,763_930,763_930,1,FaceShifter,train
FaceForensics++_C23/FaceShifter/772_708.mp4,772_708,708_772,1,FaceShifter,train
FaceForensics++_C23/FaceShifter/774_735.mp4,774_735,735_774,1,FaceShifter,train
FaceForensics++_C23/FaceShifter/766_761.mp4,766_761,761_766,1,FaceShifter,train
FaceForensics++_C23/FaceShifter/770_791.mp4,770_791,770_791,1,FaceShifter,train
FaceForensics++_C23/FaceShifter/761_766.mp4,761_766,761_766,1,FaceShifter,train
FaceForensics++_C23/FaceShifter/785_736.mp4,785_736,736_785,1,FaceShifter,train
FaceForensics++_C23/FaceShifter/760_611.mp4,760_611,611_760,1,FaceShifter,train
FaceForensics++_C23/FaceShifter/759_755.mp4,759_755,755_759,1,FaceShifter,test
FaceForensics++_C23/FaceShifter/769_784.mp4,769_784,769_784,1,FaceShifter,train
FaceForensics++_C23/FaceShifter/764_850.mp4,764_850,764_850,1,FaceShifter,train
FaceForensics++_C23/FaceShifter/762_832.mp4,762_832,762_832,1,FaceShifter,val
FaceForensics++_C23/FaceShifter/778_798.mp4,778_798,778_798,1,FaceShifter,train
FaceForensics++_C23/FaceShifter/767_694.mp4,767_694,694_767,1,FaceShifter,train
FaceForensics++_C23/FaceShifter/777_745.mp4,777_745,745_777,1,FaceShifter,val
FaceForensics++_C23/FaceShifter/784_769.mp4,784_769,769_784,1,FaceShifter,train
FaceForensics++_C23/FaceShifter/775_742.mp4,775_742,742_775,1,FaceShifter,val
FaceForensics++_C23/FaceShifter/782_787.mp4,782_787,782_787,1,FaceShifter,train
FaceForensics++_C23/FaceShifter/768_793.mp4,768_793,768_793,1,FaceShifter,val
FaceForensics++_C23/FaceShifter/773_652.mp4,773_652,652_773,1,FaceShifter,train
FaceForensics++_C23/FaceShifter/771_849.mp4,771_849,771_849,1,FaceShifter,train
FaceForensics++_C23/FaceShifter/796_740.mp4,796_740,740_796,1,FaceShifter,train
FaceForensics++_C23/FaceShifter/789_753.mp4,789_753,753_789,1,FaceShifter,train
FaceForensics++_C23/FaceShifter/791_770.mp4,791_770,770_791,1,FaceShifter,train
FaceForensics++_C23/FaceShifter/794_779.mp4,794_779,779_794,1,FaceShifter,val
FaceForensics++_C23/FaceShifter/798_778.mp4,798_778,778_798,1,FaceShifter,train
FaceForensics++_C23/FaceShifter/790_014.mp4,790_014,014_790,1,FaceShifter,train
FaceForensics++_C23/FaceShifter/788_710.mp4,788_710,710_788,1,FaceShifter,train
FaceForensics++_C23/FaceShifter/792_903.mp4,792_903,792_903,1,FaceShifter,train
FaceForensics++_C23/FaceShifter/797_844.mp4,797_844,797_844,1,FaceShifter,train
FaceForensics++_C23/FaceShifter/801_855.mp4,801_855,801_855,1,FaceShifter,test
FaceForensics++_C23/FaceShifter/787_782.mp4,787_782,782_787,1,FaceShifter,train
FaceForensics++_C23/FaceShifter/799_809.mp4,799_809,799_809,1,FaceShifter,train
FaceForensics++_C23/FaceShifter/800_840.mp4,800_840,800_840,1,FaceShifter,train
FaceForensics++_C23/FaceShifter/795_907.mp4,795_907,795_907,1,FaceShifter,train
FaceForensics++_C23/FaceShifter/793_768.mp4,793_768,768_793,1,FaceShifter,val
FaceForensics++_C23/FaceShifter/820_818.mp4,820_818,818_820,1,FaceShifter,val
FaceForensics++_C23/FaceShifter/816_649.mp4,816_649,649_816,1,FaceShifter,val
FaceForensics++_C23/FaceShifter/818_820.mp4,818_820,818_820,1,FaceShifter,val
FaceForensics++_C23/FaceShifter/814_871.mp4,814_871,814_871,1,FaceShifter,train
FaceForensics++_C23/FaceShifter/819_786.mp4,819_786,786_819,1,FaceShifter,train
FaceForensics++_C23/FaceShifter/811_920.mp4,811_920,811_920,1,FaceShifter,train
FaceForensics++_C23/FaceShifter/803_017.mp4,803_017,017_803,1,FaceShifter,train
FaceForensics++_C23/FaceShifter/809_799.mp4,809_799,799_809,1,FaceShifter,train
FaceForensics++_C23/FaceShifter/804_738.mp4,804_738,738_804,1,FaceShifter,train
FaceForensics++_C23/FaceShifter/813_700.mp4,813_700,700_813,1,FaceShifter,train
FaceForensics++_C23/FaceShifter/815_730.mp4,815_730,730_815,1,FaceShifter,train
FaceForensics++_C23/FaceShifter/807_273.mp4,807_273,273_807,1,FaceShifter,val
FaceForensics++_C23/FaceShifter/821_812.mp4,821_812,812_821,1,FaceShifter,test
FaceForensics++_C23/FaceShifter/817_827.mp4,817_827,817_827,1,FaceShifter,val
FaceForensics++_C23/FaceShifter/802_885.mp4,802_885,802_885,1,FaceShifter,train
FaceForensics++_C23/FaceShifter/805_011.mp4,805_011,011_805,1,FaceShifter,train
FaceForensics++_C23/FaceShifter/822_244.mp4,822_244,244_822,1,FaceShifter,train
FaceForensics++_C23/FaceShifter/806_781.mp4,806_781,781_806,1,FaceShifter,train
FaceForensics++_C23/FaceShifter/808_829.mp4,808_829,808_829,1,FaceShifter,train
FaceForensics++_C23/FaceShifter/810_838.mp4,810_838,810_838,1,FaceShifter,train
FaceForensics++_C23/FaceShifter/812_821.mp4,812_821,812_821,1,FaceShifter,test
FaceForensics++_C23/FaceShifter/834_852.mp4,834_852,834_852,1,FaceShifter,val
FaceForensics++_C23/FaceShifter/844_797.mp4,844_797,797_844,1,FaceShifter,train
FaceForensics++_C23/FaceShifter/828_830.mp4,828_830,828_830,1,FaceShifter,train
FaceForensics++_C23/FaceShifter/837_890.mp4,837_890,837_890,1,FaceShifter,val
FaceForensics++_C23/FaceShifter/836_950.mp4,836_950,836_950,1,FaceShifter,train
FaceForensics++_C23/FaceShifter/841_639.mp4,841_639,639_841,1,FaceShifter,train
FaceForensics++_C23/FaceShifter/842_714.mp4,842_714,714_842,1,FaceShifter,test
FaceForensics++_C23/FaceShifter/840_800.mp4,840_800,800_840,1,FaceShifter,train
FaceForensics++_C23/FaceShifter/833_826.mp4,833_826,826_833,1,FaceShifter,train
FaceForensics++_C23/FaceShifter/826_833.mp4,826_833,826_833,1,FaceShifter,train
FaceForensics++_C23/FaceShifter/827_817.mp4,827_817,817_827,1,FaceShifter,val
FaceForensics++_C23/FaceShifter/843_859.mp4,843_859,843_859,1,FaceShifter,train
FaceForensics++_C23/FaceShifter/835_651.mp4,835_651,651_835,1,FaceShifter,train
FaceForensics++_C23/FaceShifter/824_419.mp4,824_419,419_824,1,FaceShifter,val
FaceForensics++_C23/FaceShifter/829_808.mp4,829_808,808_829,1,FaceShifter,train
FaceForensics++_C23/FaceShifter/832_762.mp4,832_762,762_832,1,FaceShifter,val
FaceForensics++_C23/FaceShifter/831_508.mp4,831_508,508_831,1,FaceShifter,train
FaceForensics++_C23/FaceShifter/825_074.mp4,825_074,074_825,1,FaceShifter,train
FaceForensics++_C23/FaceShifter/845_846.mp4,845_846,845_846,1,FaceShifter,train
FaceForensics++_C23/FaceShifter/839_864.mp4,839_864,839_864,1,FaceShifter,train
FaceForensics++_C23/FaceShifter/838_810.mp4,838_810,810_838,1,FaceShifter,train
FaceForensics++_C23/FaceShifter/823_584.mp4,823_584,584_823,1,FaceShifter,val
FaceForensics++_C23/FaceShifter/830_828.mp4,830_828,828_830,1,FaceShifter,train
FaceForensics++_C23/FaceShifter/859_843.mp4,859_843,843_859,1,FaceShifter,train
FaceForensics++_C23/FaceShifter/863_853.mp4,863_853,853_863,1,FaceShifter,train
FaceForensics++_C23/FaceShifter/850_764.mp4,850_764,764_850,1,FaceShifter,train
FaceForensics++_C23/FaceShifter/865_739.mp4,865_739,739_865,1,FaceShifter,test
FaceForensics++_C23/FaceShifter/851_552.mp4,851_552,552_851,1,FaceShifter,test
FaceForensics++_C23/FaceShifter/847_906.mp4,847_906,847_906,1,FaceShifter,test
FaceForensics++_C23/FaceShifter/848_894.mp4,848_894,848_894,1,FaceShifter,train
FaceForensics++_C23/FaceShifter/849_771.mp4,849_771,771_849,1,FaceShifter,train
FaceForensics++_C23/FaceShifter/867_765.mp4,867_765,765_867,1,FaceShifter,train
FaceForensics++_C23/FaceShifter/868_949.mp4,868_949,868_949,1,FaceShifter,test
FaceForensics++_C23/FaceShifter/846_845.mp4,846_845,845_846,1,FaceShifter,train
FaceForensics++_C23/FaceShifter/858_861.mp4,858_861,858_861,1,FaceShifter,train
FaceForensics++_C23/FaceShifter/869_780.mp4,869_780,780_869,1,FaceShifter,train
FaceForensics++_C23/FaceShifter/866_878.mp4,866_878,866_878,1,FaceShifter,train
FaceForensics++_C23/FaceShifter/861_858.mp4,861_858,858_861,1,FaceShifter,train
FaceForensics++_C23/FaceShifter/852_834.mp4,852_834,834_852,1,FaceShifter,val
FaceForensics++_C23/FaceShifter/862_047.mp4,862_047,047_862,1,FaceShifter,test
FaceForensics++_C23/FaceShifter/860_905.mp4,860_905,860_905,1,FaceShifter,train
FaceForensics++_C23/FaceShifter/856_881.mp4,856_881,856_881,1,FaceShifter,train
FaceForensics++_C23/FaceShifter/854_747.mp4,854_747,747_854,1,FaceShifter,train
FaceForensics++_C23/FaceShifter/855_801.mp4,855_801,801_855,1,FaceShifter,test
FaceForensics++_C23/FaceShifter/864_839.mp4,864_839,839_864,1,FaceShifter,train
FaceForensics++_C23/FaceShifter/857_909.mp4,857_909,857_909,1,FaceShifter,val
FaceForensics++_C23/FaceShifter/853_863.mp4,853_863,853_863,1,FaceShifter,train
FaceForensics++_C23/FaceShifter/875_979.mp4,875_979,875_979,1,FaceShifter,val
FaceForensics++_C23/FaceShifter/888_937.mp4,888_937,888_937,1,FaceShifter,train
FaceForensics++_C23/FaceShifter/889_045.mp4,889_045,045_889,1,FaceShifter,train
FaceForensics++_C23/FaceShifter/884_968.mp4,884_968,884_968,1,FaceShifter,train
FaceForensics++_C23/FaceShifter/881_856.mp4,881_856,856_881,1,FaceShifter,train
FaceForensics++_C23/FaceShifter/887_275.mp4,887_275,275_887,1,FaceShifter,train
FaceForensics++_C23/FaceShifter/874_291.mp4,874_291,291_874,1,FaceShifter,train
FaceForensics++_C23/FaceShifter/872_873.mp4,872_873,872_873,1,FaceShifter,train
FaceForensics++_C23/FaceShifter/885_802.mp4,885_802,802_885,1,FaceShifter,train
FaceForensics++_C23/FaceShifter/876_891.mp4,876_891,876_891,1,FaceShifter,train
FaceForensics++_C23/FaceShifter/879_963.mp4,879_963,879_963,1,FaceShifter,train
FaceForensics++_C23/FaceShifter/873_872.mp4,873_872,872_873,1,FaceShifter,train
FaceForensics++_C23/FaceShifter/871_814.mp4,871_814,814_871,1,FaceShifter,train
FaceForensics++_C23/FaceShifter/883_013.mp4,883_013,013_883,1,FaceShifter,train
FaceForensics++_C23/FaceShifter/892_112.mp4,892_112,112_892,1,FaceShifter,train
FaceForensics++_C23/FaceShifter/870_001.mp4,870_001,001_870,1,FaceShifter,train
FaceForensics++_C23/FaceShifter/890_837.mp4,890_837,837_890,1,FaceShifter,val
FaceForensics++_C23/FaceShifter/882_952.mp4,882_952,882_952,1,FaceShifter,train
FaceForensics++_C23/FaceShifter/877_886.mp4,877_886,877_886,1,FaceShifter,train
FaceForensics++_C23/FaceShifter/880_135.mp4,880_135,135_880,1,FaceShifter,test
FaceForensics++_C23/FaceShifter/886_877.mp4,886_877,877_886,1,FaceShifter,train
FaceForensics++_C23/FaceShifter/878_866.mp4,878_866,866_878,1,FaceShifter,train
FaceForensics++_C23/FaceShifter/891_876.mp4,891_876,876_891,1,FaceShifter,train
FaceForensics++_C23/FaceShifter/896_128.mp4,896_128,128_896,1,FaceShifter,test
FaceForensics++_C23/FaceShifter/914_899.mp4,914_899,899_914,1,FaceShifter,train
FaceForensics++_C23/FaceShifter/898_922.mp4,898_922,898_922,1,FaceShifter,val
FaceForensics++_C23/FaceShifter/915_895.mp4,915_895,895_915,1,FaceShifter,val
FaceForensics++_C23/FaceShifter/909_857.mp4,909_857,857_909,1,FaceShifter,val
FaceForensics++_C23/FaceShifter/900_926.mp4,900_926,900_926,1,FaceShifter,val
FaceForensics++_C23/FaceShifter/903_792.mp4,903_792,792_903,1,FaceShifter,train
FaceForensics++_C23/FaceShifter/905_860.mp4,905_860,860_905,1,FaceShifter,train
FaceForensics++_C23/FaceShifter/894_848.mp4,894_848,848_894,1,FaceShifter,train
FaceForensics++_C23/FaceShifter/908_207.mp4,908_207,207_908,1,FaceShifter,train
FaceForensics++_C23/FaceShifter/919_015.mp4,919_015,015_919,1,FaceShifter,test
FaceForensics++_C23/FaceShifter/920_811.mp4,920_811,811_920,1,FaceShifter,train
FaceForensics++_C23/FaceShifter/918_934.mp4,918_934,918_934,1,FaceShifter,train
FaceForensics++_C23/FaceShifter/897_969.mp4,897_969,897_969,1,FaceShifter,train
FaceForensics++_C23/FaceShifter/907_795.mp4,907_795,795_907,1,FaceShifter,train
FaceForensics++_C23/FaceShifter/895_915.mp4,895_915,895_915,1,FaceShifter,val
FaceForensics++_C23/FaceShifter/899_914.mp4,899_914,899_914,1,FaceShifter,train
FaceForensics++_C23/FaceShifter/921_569.mp4,921_569,569_921,1,FaceShifter,train
FaceForensics++_C23/FaceShifter/901_902.mp4,901_902,901_902,1,FaceShifter,train
FaceForensics++_C23/FaceShifter/913_893.mp4,913_893,893_913,1,FaceShifter,train
FaceForensics++_C23/FaceShifter/893_913.mp4,893_913,893_913,1,FaceShifter,train
FaceForensics++_C23/FaceShifter/906_847.mp4,906_847,847_906,1,FaceShifter,test
FaceForensics++_C23/FaceShifter/912_927.mp4,912_927,912_927,1,FaceShifter,val
FaceForensics++_C23/FaceShifter/904_046.mp4,904_046,046_904,1,FaceShifter,val
FaceForensics++_C23/FaceShifter/911_910.mp4,911_910,910_911,1,FaceShifter,train
FaceForensics++_C23/FaceShifter/917_924.mp4,917_924,917_924,1,FaceShifter,test
FaceForensics++_C23/FaceShifter/910_911.mp4,910_911,910_911,1,FaceShifter,train
FaceForensics++_C23/FaceShifter/916_783.mp4,916_783,783_916,1,FaceShifter,train
FaceForensics++_C23/FaceShifter/902_901.mp4,902_901,901_902,1,FaceShifter,train
FaceForensics++_C23/FaceShifter/928_160.mp4,928_160,160_928,1,FaceShifter,train
FaceForensics++_C23/FaceShifter/947_951.mp4,947_951,947_951,1,FaceShifter,val
FaceForensics++_C23/FaceShifter/926_900.mp4,926_900,900_926,1,FaceShifter,val
FaceForensics++_C23/FaceShifter/927_912.mp4,927_912,912_927,1,FaceShifter,val
FaceForensics++_C23/FaceShifter/930_763.mp4,930_763,763_930,1,FaceShifter,train
FaceForensics++_C23/FaceShifter/931_936.mp4,931_936,931_936,1,FaceShifter,train
FaceForensics++_C23/FaceShifter/925_933.mp4,925_933,925_933,1,FaceShifter,val
FaceForensics++_C23/FaceShifter/934_918.mp4,934_918,918_934,1,FaceShifter,train
FaceForensics++_C23/FaceShifter/929_962.mp4,929_962,929_962,1,FaceShifter,train
FaceForensics++_C23/FaceShifter/944_032.mp4,944_032,032_944,1,FaceShifter,train
FaceForensics++_C23/FaceShifter/938_987.mp4,938_987,938_987,1,FaceShifter,train
FaceForensics++_C23/FaceShifter/946_049.mp4,946_049,049_946,1,FaceShifter,train
FaceForensics++_C23/FaceShifter/922_898.mp4,922_898,898_922,1,FaceShifter,val
FaceForensics++_C23/FaceShifter/924_917.mp4,924_917,917_924,1,FaceShifter,test
FaceForensics++_C23/FaceShifter/935_733.mp4,935_733,733_935,1,FaceShifter,train
FaceForensics++_C23/FaceShifter/942_943.mp4,942_943,942_943,1,FaceShifter,train
FaceForensics++_C23/FaceShifter/939_115.mp4,939_115,115_939,1,FaceShifter,val
FaceForensics++_C23/FaceShifter/933_925.mp4,933_925,925_933,1,FaceShifter,val
FaceForensics++_C23/FaceShifter/945_044.mp4,945_044,044_945,1,FaceShifter,test
FaceForensics++_C23/FaceShifter/940_941.mp4,940_941,940_941,1,FaceShifter,train
FaceForensics++_C23/FaceShifter/936_931.mp4,936_931,931_936,1,FaceShifter,train
FaceForensics++_C23/FaceShifter/941_940.mp4,941_940,940_941,1,FaceShifter,train
FaceForensics++_C23/FaceShifter/937_888.mp4,937_888,888_937,1,FaceShifter,train
FaceForensics++_C23/FaceShifter/943_942.mp4,943_942,942_943,1,FaceShifter,train
FaceForensics++_C23/FaceShifter/948_965.mp4,948_965,948_965,1,FaceShifter,train
FaceForensics++_C23/FaceShifter/923_023.mp4,923_023,023_923,1,FaceShifter,val
FaceForensics++_C23/FaceShifter/932_384.mp4,932_384,384_932,1,FaceShifter,test
FaceForensics++_C23/FaceShifter/968_884.mp4,968_884,884_968,1,FaceShifter,train
FaceForensics++_C23/FaceShifter/956_958.mp4,956_958,956_958,1,FaceShifter,val
FaceForensics++_C23/FaceShifter/961_069.mp4,961_069,069_961,1,FaceShifter,train
FaceForensics++_C23/FaceShifter/953_974.mp4,953_974,953_974,1,FaceShifter,test
FaceForensics++_C23/FaceShifter/959_957.mp4,959_957,957_959,1,FaceShifter,train
FaceForensics++_C23/FaceShifter/951_947.mp4,951_947,947_951,1,FaceShifter,val
FaceForensics++_C23/FaceShifter/950_836.mp4,950_836,836_950,1,FaceShifter,train
FaceForensics++_C23/FaceShifter/960_999.mp4,960_999,960_999,1,FaceShifter,train
FaceForensics++_C23/FaceShifter/952_882.mp4,952_882,882_952,1,FaceShifter,train
FaceForensics++_C23/FaceShifter/957_959.mp4,957_959,957_959,1,FaceShifter,train
FaceForensics++_C23/FaceShifter/949_868.mp4,949_868,868_949,1,FaceShifter,test
FaceForensics++_C23/FaceShifter/955_078.mp4,955_078,078_955,1,FaceShifter,test
FaceForensics++_C23/FaceShifter/954_976.mp4,954_976,954_976,1,FaceShifter,train
FaceForensics++_C23/FaceShifter/967_984.mp4,967_984,967_984,1,FaceShifter,train
FaceForensics++_C23/FaceShifter/969_897.mp4,969_897,897_969,1,FaceShifter,train
FaceForensics++_C23/FaceShifter/962_929.mp4,962_929,929_962,1,FaceShifter,train
FaceForensics++_C23/FaceShifter/966_988.mp4,966_988,966_988,1,FaceShifter,train
FaceForensics++_C23/FaceShifter/970_973.mp4,970_973,970_973,1,FaceShifter,test
FaceForensics++_C23/FaceShifter/963_879.mp4,963_879,879_963,1,FaceShifter,train
FaceForensics++_C23/FaceShifter/965_948.mp4,965_948,948_965,1,FaceShifter,train
FaceForensics++_C23/FaceShifter/958_956.mp4,958_956,956_958,1,FaceShifter,val
FaceForensics++_C23/FaceShifter/964_174.mp4,964_174,174_964,1,FaceShifter,train
FaceForensics++_C23/FaceShifter/984_967.mp4,984_967,967_984,1,FaceShifter,train
FaceForensics++_C23/FaceShifter/975_978.mp4,975_978,975_978,1,FaceShifter,train
FaceForensics++_C23/FaceShifter/993_989.mp4,993_989,989_993,1,FaceShifter,train
FaceForensics++_C23/FaceShifter/991_064.mp4,991_064,064_991,1,FaceShifter,val
FaceForensics++_C23/FaceShifter/989_993.mp4,989_993,989_993,1,FaceShifter,train
FaceForensics++_C23/FaceShifter/971_564.mp4,971_564,564_971,1,FaceShifter,val
FaceForensics++_C23/FaceShifter/990_008.mp4,990_008,008_990,1,FaceShifter,train
FaceForensics++_C23/FaceShifter/999_960.mp4,999_960,960_999,1,FaceShifter,train
FaceForensics++_C23/FaceShifter/987_938.mp4,987_938,938_987,1,FaceShifter,train
FaceForensics++_C23/FaceShifter/981_985.mp4,981_985,981_985,1,FaceShifter,train
FaceForensics++_C23/FaceShifter/986_994.mp4,986_994,986_994,1,FaceShifter,train
FaceForensics++_C23/FaceShifter/994_986.mp4,994_986,986_994,1,FaceShifter,train
FaceForensics++_C23/FaceShifter/978_975.mp4,978_975,975_978,1,FaceShifter,train
FaceForensics++_C23/FaceShifter/983_113.mp4,983_113,113_983,1,FaceShifter,train
FaceForensics++_C23/FaceShifter/985_981.mp4,985_981,981_985,1,FaceShifter,train
FaceForensics++_C23/FaceShifter/972_718.mp4,972_718,718_972,1,FaceShifter,train
FaceForensics++_C23/FaceShifter/995_233.mp4,995_233,233_995,1,FaceShifter,test
FaceForensics++_C23/FaceShifter/997_040.mp4,997_040,040_997,1,FaceShifter,train
FaceForensics++_C23/FaceShifter/980_992.mp4,980_992,980_992,1,FaceShifter,val
FaceForensics++_C23/FaceShifter/996_056.mp4,996_056,056_996,1,FaceShifter,train
FaceForensics++_C23/FaceShifter/973_970.mp4,973_970,970_973,1,FaceShifter,test
FaceForensics++_C23/FaceShifter/979_875.mp4,979_875,875_979,1,FaceShifter,val
FaceForensics++_C23/FaceShifter/977_075.mp4,977_075,075_977,1,FaceShifter,train
FaceForensics++_C23/FaceShifter/998_561.mp4,998_561,561_998,1,FaceShifter,train
FaceForensics++_C23/FaceShifter/976_954.mp4,976_954,954_976,1,FaceShifter,train
FaceForensics++_C23/FaceShifter/982_004.mp4,982_004,004_982,1,FaceShifter,val
FaceForensics++_C23/FaceShifter/974_953.mp4,974_953,953_974,1,FaceShifter,test
FaceForensics++_C23/FaceShifter/988_966.mp4,988_966,966_988,1,FaceShifter,train
FaceForensics++_C23/FaceShifter/992_980.mp4,992_980,980_992,1,FaceShifter,val
FaceForensics++_C23/DeepFakeDetection/15_01__outside_talking_still_laughing__02HILKYO.mp4,15_01__outside_talking_still_laughing__02HILKYO,15_01,1,DeepFakeDetection,dfd_holdout
FaceForensics++_C23/DeepFakeDetection/15_02__hugging_happy__SB6PMCO0.mp4,15_02__hugging_happy__SB6PMCO0,15_02,1,DeepFakeDetection,dfd_holdout
FaceForensics++_C23/DeepFakeDetection/15_01__kitchen_still__02HILKYO.mp4,15_01__kitchen_still__02HILKYO,15_01,1,DeepFakeDetection,dfd_holdout
FaceForensics++_C23/DeepFakeDetection/14_26__talking_angry_couch__SU8SAHTT.mp4,14_26__talking_angry_couch__SU8SAHTT,14_26,1,DeepFakeDetection,dfd_holdout
FaceForensics++_C23/DeepFakeDetection/15_02__talking_against_wall__MZWH8ATN.mp4,15_02__talking_against_wall__MZWH8ATN,15_02,1,DeepFakeDetection,dfd_holdout
FaceForensics++_C23/DeepFakeDetection/15_02__talking_against_wall__HTG660F8.mp4,15_02__talking_against_wall__HTG660F8,15_02,1,DeepFakeDetection,dfd_holdout
FaceForensics++_C23/DeepFakeDetection/15_02__kitchen_still__SB6PMCO0.mp4,15_02__kitchen_still__SB6PMCO0,15_02,1,DeepFakeDetection,dfd_holdout
FaceForensics++_C23/DeepFakeDetection/15_02__talking_against_wall__TSRK8QS4.mp4,15_02__talking_against_wall__TSRK8QS4,15_02,1,DeepFakeDetection,dfd_holdout
FaceForensics++_C23/DeepFakeDetection/15_02__kitchen_still__HTG660F8.mp4,15_02__kitchen_still__HTG660F8,15_02,1,DeepFakeDetection,dfd_holdout
FaceForensics++_C23/DeepFakeDetection/15_02__outside_talking_pan_laughing__MCRFMYAE.mp4,15_02__outside_talking_pan_laughing__MCRFMYAE,15_02,1,DeepFakeDetection,dfd_holdout
FaceForensics++_C23/DeepFakeDetection/15_02__walking_outside_cafe_disgusted__P2FAY3DR.mp4,15_02__walking_outside_cafe_disgusted__P2FAY3DR,15_02,1,DeepFakeDetection,dfd_holdout
FaceForensics++_C23/DeepFakeDetection/15_03__podium_speech_happy__Y11NT1YX.mp4,15_03__podium_speech_happy__Y11NT1YX,15_03,1,DeepFakeDetection,dfd_holdout
FaceForensics++_C23/DeepFakeDetection/15_03__kitchen_pan__DG8ITQO3.mp4,15_03__kitchen_pan__DG8ITQO3,15_03,1,DeepFakeDetection,dfd_holdout
FaceForensics++_C23/DeepFakeDetection/15_03__exit_phone_room__GZNLO4X9.mp4,15_03__exit_phone_room__GZNLO4X9,15_03,1,DeepFakeDetection,dfd_holdout
FaceForensics++_C23/DeepFakeDetection/15_02__walking_down_indoor_hall_disgust__HTG660F8.mp4,15_02__walking_down_indoor_hall_disgust__HTG660F8,15_02,1,DeepFakeDetection,dfd_holdout
FaceForensics++_C23/DeepFakeDetection/15_03__podium_speech_happy__OY4I7ZU8.mp4,15_03__podium_speech_happy__OY4I7ZU8,15_03,1,DeepFakeDetection,dfd_holdout
FaceForensics++_C23/DeepFakeDetection/15_03__talking_angry_couch__5C1OMK8W.mp4,15_03__talking_angry_couch__5C1OMK8W,15_03,1,DeepFakeDetection,dfd_holdout
FaceForensics++_C23/DeepFakeDetection/15_03__talking_angry_couch__T5SHH2UL.mp4,15_03__talking_angry_couch__T5SHH2UL,15_03,1,DeepFakeDetection,dfd_holdout
FaceForensics++_C23/DeepFakeDetection/15_03__talking_angry_couch__DNUJD8M2.mp4,15_03__talking_angry_couch__DNUJD8M2,15_03,1,DeepFakeDetection,dfd_holdout
FaceForensics++_C23/DeepFakeDetection/15_06__kitchen_still__E98QYYXO.mp4,15_06__kitchen_still__E98QYYXO,15_06,1,DeepFakeDetection,dfd_holdout
FaceForensics++_C23/DeepFakeDetection/15_04__kitchen_pan__46TJ9IOJ.mp4,15_04__kitchen_pan__46TJ9IOJ,15_04,1,DeepFakeDetection,dfd_holdout
FaceForensics++_C23/DeepFakeDetection/15_04__outside_talking_pan_laughing__7NW4Z6WZ.mp4,15_04__outside_talking_pan_laughing__7NW4Z6WZ,15_04,1,DeepFakeDetection,dfd_holdout
FaceForensics++_C23/DeepFakeDetection/15_06__exit_phone_room__E98QYYXO.mp4,15_06__exit_phone_room__E98QYYXO,15_06,1,DeepFakeDetection,dfd_holdout
FaceForensics++_C23/DeepFakeDetection/15_04__talking_against_wall__46TJ9IOJ.mp4,15_04__talking_against_wall__46TJ9IOJ,15_04,1,DeepFakeDetection,dfd_holdout
FaceForensics++_C23/DeepFakeDetection/15_04__walking_and_outside_surprised__46TJ9IOJ.mp4,15_04__walking_and_outside_surprised__46TJ9IOJ,15_04,1,DeepFakeDetection,dfd_holdout
FaceForensics++_C23/DeepFakeDetection/15_04__kitchen_still__46TJ9IOJ.mp4,15_04__kitchen_still__46TJ9IOJ,15_04,1,DeepFakeDetection,dfd_holdout
FaceForensics++_C23/DeepFakeDetection/15_06__outside_talking_pan_laughing__QRCD27P8.mp4,15_06__outside_talking_pan_laughing__QRCD27P8,15_06,1,DeepFakeDetection,dfd_holdout
FaceForensics++_C23/DeepFakeDetection/15_07__kitchen_still__9Z2MLKVX.mp4,15_07__kitchen_still__9Z2MLKVX,15_07,1,DeepFakeDetection,dfd_holdout
FaceForensics++_C23/DeepFakeDetection/15_06__talking_against_wall__QRCD27P8.mp4,15_06__talking_against_wall__QRCD27P8,15_06,1,DeepFakeDetection,dfd_holdout
FaceForensics++_C23/DeepFakeDetection/15_06__walking_outside_cafe_disgusted__QRCD27P8.mp4,15_06__walking_outside_cafe_disgusted__QRCD27P8,15_06,1,DeepFakeDetection,dfd_holdout
FaceForensics++_C23/DeepFakeDetection/15_06__walking_down_street_outside_angry__YDX3GHFS.mp4,15_06__walking_down_street_outside_angry__YDX3GHFS,15_06,1,DeepFakeDetection,dfd_holdout
FaceForensics++_C23/DeepFakeDetection/15_06__walking_down_indoor_hall_disgust__QRCD27P8.mp4,15_06__walking_down_indoor_hall_disgust__QRCD27P8,15_06,1,DeepFakeDetection,dfd_holdout
FaceForensics++_C23/DeepFakeDetection/15_12__hugging_happy__N0SRODQD.mp4,15_12__hugging_happy__N0SRODQD,15_12,1,DeepFakeDetection,dfd_holdout
FaceForensics++_C23/DeepFakeDetection/15_07__podium_speech_happy__KM6M2TBT.mp4,15_07__podium_speech_happy__KM6M2TBT,15_07,1,DeepFakeDetection,dfd_holdout
FaceForensics++_C23/DeepFakeDetection/15_07__walking_down_indoor_hall_disgust__NYPO7U50.mp4,15_07__walking_down_indoor_hall_disgust__NYPO7U50,15_07,1,DeepFakeDetection,dfd_holdout
FaceForensics++_C23/DeepFakeDetection/15_12__talking_angry_couch__N0SRODQD.mp4,15_12__talking_angry_couch__N0SRODQD,15_12,1,DeepFakeDetection,dfd_holdout
FaceForensics++_C23/DeepFakeDetection/15_12__walking_down_indoor_hall_disgust__RK17XFJ9.mp4,15_12__walking_down_indoor_hall_disgust__RK17XFJ9,15_12,1,DeepFakeDetection,dfd_holdout
FaceForensics++_C23/DeepFakeDetection/15_12__talking_angry_couch__RK17XFJ9.mp4,15_12__talking_angry_couch__RK17XFJ9,15_12,1,DeepFakeDetection,dfd_holdout
FaceForensics++_C23/DeepFakeDetection/15_12__outside_talking_still_laughing__RK17XFJ9.mp4,15_12__outside_talking_still_laughing__RK17XFJ9,15_12,1,DeepFakeDetection,dfd_holdout
FaceForensics++_C23/DeepFakeDetection/15_18__walking_down_indoor_hall_disgust__V5VHLCOW.mp4,15_18__walking_down_indoor_hall_disgust__V5VHLCOW,15_18,1,DeepFakeDetection,dfd_holdout
FaceForensics++_C23/DeepFakeDetection/15_14__exit_phone_room__RNHLLKSQ.mp4,15_14__exit_phone_room__RNHLLKSQ,15_14,1,DeepFakeDetection,dfd_holdout
FaceForensics++_C23/DeepFakeDetection/15_13__kitchen_pan__X0EIIJF7.mp4,15_13__kitchen_pan__X0EIIJF7,15_13,1,DeepFakeDetection,dfd_holdout
FaceForensics++_C23/DeepFakeDetection/15_18__kitchen_still__V5VHLCOW.mp4,15_18__kitchen_still__V5VHLCOW,15_18,1,DeepFakeDetection,dfd_holdout
FaceForensics++_C23/DeepFakeDetection/15_18__talking_angry_couch__V5VHLCOW.mp4,15_18__talking_angry_couch__V5VHLCOW,15_18,1,DeepFakeDetection,dfd_holdout
FaceForensics++_C23/DeepFakeDetection/15_14__talking_against_wall__4SO1CSAM.mp4,15_14__talking_against_wall__4SO1CSAM,15_14,1,DeepFakeDetection,dfd_holdout
FaceForensics++_C23/DeepFakeDetection/15_14__exit_phone_room__OMLZILK3.mp4,15_14__exit_phone_room__OMLZILK3,15_14,1,DeepFakeDetection,dfd_holdout
FaceForensics++_C23/DeepFakeDetection/15_12__walking_down_street_outside_angry__N0SRODQD.mp4,15_12__walking_down_street_outside_angry__N0SRODQD,15_12,1,DeepFakeDetection,dfd_holdout
FaceForensics++_C23/DeepFakeDetection/15_20__outside_talking_still_laughing__99NHTFBM.mp4,15_20__outside_talking_still_laughing__99NHTFBM,15_20,1,DeepFakeDetection,dfd_holdout
FaceForensics++_C23/DeepFakeDetection/15_20__outside_talking_pan_laughing__99NHTFBM.mp4,15_20__outside_talking_pan_laughing__99NHTFBM,15_20,1,DeepFakeDetection,dfd_holdout
FaceForensics++_C23/DeepFakeDetection/15_20__walking_down_indoor_hall_disgust__CYD62VPP.mp4,15_20__walking_down_indoor_hall_disgust__CYD62VPP,15_20,1,DeepFakeDetection,dfd_holdout
FaceForensics++_C23/DeepFakeDetection/15_20__kitchen_pan__99NHTFBM.mp4,15_20__kitchen_pan__99NHTFBM,15_20,1,DeepFakeDetection,dfd_holdout
FaceForensics++_C23/DeepFakeDetection/15_21__kitchen_pan__87WSBJP3.mp4,15_21__kitchen_pan__87WSBJP3,15_21,1,DeepFakeDetection,dfd_holdout
FaceForensics++_C23/DeepFakeDetection/15_25__talking_angry_couch__FF95NMIQ.mp4,15_25__talking_angry_couch__FF95NMIQ,15_25,1,DeepFakeDetection,dfd_holdout
FaceForensics++_C23/DeepFakeDetection/15_27__outside_talking_still_laughing__WZ4MLUAV.mp4,15_27__outside_talking_still_laughing__WZ4MLUAV,15_27,1,DeepFakeDetection,dfd_holdout
FaceForensics++_C23/DeepFakeDetection/15_27__podium_speech_happy__2ERUWYH8.mp4,15_27__podium_speech_happy__2ERUWYH8,15_27,1,DeepFakeDetection,dfd_holdout
FaceForensics++_C23/DeepFakeDetection/16_05__kitchen_still__053HPS1G.mp4,16_05__kitchen_still__053HPS1G,16_05,1,DeepFakeDetection,dfd_holdout
FaceForensics++_C23/DeepFakeDetection/16_05__walking_outside_cafe_disgusted__053HPS1G.mp4,16_05__walking_outside_cafe_disgusted__053HPS1G,16_05,1,DeepFakeDetection,dfd_holdout
FaceForensics++_C23/DeepFakeDetection/16_17__exit_phone_room__S7UMSIQV.mp4,16_17__exit_phone_room__S7UMSIQV,16_17,1,DeepFakeDetection,dfd_holdout
FaceForensics++_C23/DeepFakeDetection/16_17__walking_outside_cafe_disgusted__S7UMSIQV.mp4,16_17__walking_outside_cafe_disgusted__S7UMSIQV,16_17,1,DeepFakeDetection,dfd_holdout
FaceForensics++_C23/DeepFakeDetection/16_05__outside_talking_pan_laughing__053HPS1G.mp4,16_05__outside_talking_pan_laughing__053HPS1G,16_05,1,DeepFakeDetection,dfd_holdout
FaceForensics++_C23/DeepFakeDetection/16_05__walking_down_street_outside_angry__BY646B4R.mp4,16_05__walking_down_street_outside_angry__BY646B4R,16_05,1,DeepFakeDetection,dfd_holdout
FaceForensics++_C23/DeepFakeDetection/16_08__kitchen_still__8Q7JCS95.mp4,16_08__kitchen_still__8Q7JCS95,16_08,1,DeepFakeDetection,dfd_holdout
FaceForensics++_C23/DeepFakeDetection/17_08__exit_phone_room__CFIY1YEQ.mp4,17_08__exit_phone_room__CFIY1YEQ,17_08,1,DeepFakeDetection,dfd_holdout
FaceForensics++_C23/DeepFakeDetection/17_08__hugging_happy__05AN86QA.mp4,17_08__hugging_happy__05AN86QA,17_08,1,DeepFakeDetection,dfd_holdout
FaceForensics++_C23/DeepFakeDetection/17_05__walk_down_hall_angry__YTJYYDO9.mp4,17_05__walk_down_hall_angry__YTJYYDO9,17_05,1,DeepFakeDetection,dfd_holdout
FaceForensics++_C23/DeepFakeDetection/16_28__hugging_happy__X5FNCYON.mp4,16_28__hugging_happy__X5FNCYON,16_28,1,DeepFakeDetection,dfd_holdout
FaceForensics++_C23/DeepFakeDetection/17_08__podium_speech_happy__ISS1V0B1.mp4,17_08__podium_speech_happy__ISS1V0B1,17_08,1,DeepFakeDetection,dfd_holdout
FaceForensics++_C23/DeepFakeDetection/16_28__outside_talking_pan_laughing__X5FNCYON.mp4,16_28__outside_talking_pan_laughing__X5FNCYON,16_28,1,DeepFakeDetection,dfd_holdout
FaceForensics++_C23/DeepFakeDetection/17_08__outside_talking_still_laughing__PBVFRHF5.mp4,17_08__outside_talking_still_laughing__PBVFRHF5,17_08,1,DeepFakeDetection,dfd_holdout
FaceForensics++_C23/DeepFakeDetection/17_08__talking_against_wall__QOX5NWIJ.mp4,17_08__talking_against_wall__QOX5NWIJ,17_08,1,DeepFakeDetection,dfd_holdout
FaceForensics++_C23/DeepFakeDetection/17_16__exit_phone_room__S7UMSIQV.mp4,17_16__exit_phone_room__S7UMSIQV,17_16,1,DeepFakeDetection,dfd_holdout
FaceForensics++_C23/DeepFakeDetection/17_08__talking_angry_couch__05AN86QA.mp4,17_08__talking_angry_couch__05AN86QA,17_08,1,DeepFakeDetection,dfd_holdout
FaceForensics++_C23/DeepFakeDetection/17_08__walking_down_indoor_hall_disgust__JZYRLJ8T.mp4,17_08__walking_down_indoor_hall_disgust__JZYRLJ8T,17_08,1,DeepFakeDetection,dfd_holdout
FaceForensics++_C23/DeepFakeDetection/18_02__kitchen_still__B95S4G6F.mp4,18_02__kitchen_still__B95S4G6F,18_02,1,DeepFakeDetection,dfd_holdout
FaceForensics++_C23/DeepFakeDetection/17_16__podium_speech_happy__EWJJTZHY.mp4,17_16__podium_speech_happy__EWJJTZHY,17_16,1,DeepFakeDetection,dfd_holdout
FaceForensics++_C23/DeepFakeDetection/17_16__walk_down_hall_angry__P141P1QH.mp4,17_16__walk_down_hall_angry__P141P1QH,17_16,1,DeepFakeDetection,dfd_holdout
FaceForensics++_C23/DeepFakeDetection/17_16__walking_down_indoor_hall_disgust__S7UMSIQV.mp4,17_16__walking_down_indoor_hall_disgust__S7UMSIQV,17_16,1,DeepFakeDetection,dfd_holdout
FaceForensics++_C23/DeepFakeDetection/17_16__hugging_happy__S7UMSIQV.mp4,17_16__hugging_happy__S7UMSIQV,17_16,1,DeepFakeDetection,dfd_holdout
FaceForensics++_C23/DeepFakeDetection/17_16__walk_down_hall_angry__EWJJTZHY.mp4,17_16__walk_down_hall_angry__EWJJTZHY,17_16,1,DeepFakeDetection,dfd_holdout
FaceForensics++_C23/DeepFakeDetection/18_02__exit_phone_room__B95S4G6F.mp4,18_02__exit_phone_room__B95S4G6F,18_02,1,DeepFakeDetection,dfd_holdout
FaceForensics++_C23/DeepFakeDetection/18_02__secret_conversation__B95S4G6F.mp4,18_02__secret_conversation__B95S4G6F,18_02,1,DeepFakeDetection,dfd_holdout
FaceForensics++_C23/DeepFakeDetection/18_03__exit_phone_room__22UBC0BS.mp4,18_03__exit_phone_room__22UBC0BS,18_03,1,DeepFakeDetection,dfd_holdout
FaceForensics++_C23/DeepFakeDetection/18_03__kitchen_still__22UBC0BS.mp4,18_03__kitchen_still__22UBC0BS,18_03,1,DeepFakeDetection,dfd_holdout
FaceForensics++_C23/DeepFakeDetection/18_03__exit_phone_room__32DBR8L4.mp4,18_03__exit_phone_room__32DBR8L4,18_03,1,DeepFakeDetection,dfd_holdout
FaceForensics++_C23/DeepFakeDetection/18_03__secret_conversation__32DBR8L4.mp4,18_03__secret_conversation__32DBR8L4,18_03,1,DeepFakeDetection,dfd_holdout
FaceForensics++_C23/DeepFakeDetection/18_03__walking_down_street_outside_angry__22UBC0BS.mp4,18_03__walking_down_street_outside_angry__22UBC0BS,18_03,1,DeepFakeDetection,dfd_holdout
FaceForensics++_C23/DeepFakeDetection/18_04__talking_against_wall__6J3ZFEJQ.mp4,18_04__talking_against_wall__6J3ZFEJQ,18_04,1,DeepFakeDetection,dfd_holdout
FaceForensics++_C23/DeepFakeDetection/18_06__walking_outside_cafe_disgusted__OWJY9LQU.mp4,18_06__walking_outside_cafe_disgusted__OWJY9LQU,18_06,1,DeepFakeDetection,dfd_holdout
FaceForensics++_C23/DeepFakeDetection/18_06__walking_down_street_outside_angry__MVXBDKGB.mp4,18_06__walking_down_street_outside_angry__MVXBDKGB,18_06,1,DeepFakeDetection,dfd_holdout
FaceForensics++_C23/DeepFakeDetection/18_06__podium_speech_happy__M36D0OJT.mp4,18_06__podium_speech_happy__M36D0OJT,18_06,1,DeepFakeDetection,dfd_holdout
FaceForensics++_C23/DeepFakeDetection/18_06__outside_talking_pan_laughing__DEA1TCLN.mp4,18_06__outside_talking_pan_laughing__DEA1TCLN,18_06,1,DeepFakeDetection,dfd_holdout
FaceForensics++_C23/DeepFakeDetection/18_06__kitchen_pan__XJ76YU5A.mp4,18_06__kitchen_pan__XJ76YU5A,18_06,1,DeepFakeDetection,dfd_holdout
FaceForensics++_C23/DeepFakeDetection/18_04__walking_outside_cafe_disgusted__6J3ZFEJQ.mp4,18_04__walking_outside_cafe_disgusted__6J3ZFEJQ,18_04,1,DeepFakeDetection,dfd_holdout
FaceForensics++_C23/DeepFakeDetection/18_11__secret_conversation__PT4YKO2R.mp4,18_11__secret_conversation__PT4YKO2R,18_11,1,DeepFakeDetection,dfd_holdout
FaceForensics++_C23/DeepFakeDetection/18_11__walking_down_street_outside_angry__PT4YKO2R.mp4,18_11__walking_down_street_outside_angry__PT4YKO2R,18_11,1,DeepFakeDetection,dfd_holdout
FaceForensics++_C23/DeepFakeDetection/18_11__walking_outside_cafe_disgusted__TRJUIS24.mp4,18_11__walking_outside_cafe_disgusted__TRJUIS24,18_11,1,DeepFakeDetection,dfd_holdout
FaceForensics++_C23/DeepFakeDetection/18_09__walking_outside_cafe_disgusted__3VP8836C.mp4,18_09__walking_outside_cafe_disgusted__3VP8836C,18_09,1,DeepFakeDetection,dfd_holdout
FaceForensics++_C23/DeepFakeDetection/18_12__outside_talking_pan_laughing__IKH1LBBY.mp4,18_12__outside_talking_pan_laughing__IKH1LBBY,18_12,1,DeepFakeDetection,dfd_holdout
FaceForensics++_C23/DeepFakeDetection/18_09__kitchen_still__3VP8836C.mp4,18_09__kitchen_still__3VP8836C,18_09,1,DeepFakeDetection,dfd_holdout
FaceForensics++_C23/DeepFakeDetection/18_09__walk_down_hall_angry__3VP8836C.mp4,18_09__walk_down_hall_angry__3VP8836C,18_09,1,DeepFakeDetection,dfd_holdout
FaceForensics++_C23/DeepFakeDetection/18_09__exit_phone_room__3VP8836C.mp4,18_09__exit_phone_room__3VP8836C,18_09,1,DeepFakeDetection,dfd_holdout
FaceForensics++_C23/DeepFakeDetection/18_11__secret_conversation__JJ1YREUN.mp4,18_11__secret_conversation__JJ1YREUN,18_11,1,DeepFakeDetection,dfd_holdout
FaceForensics++_C23/DeepFakeDetection/18_14__outside_talking_still_laughing__6SB2BR0A.mp4,18_14__outside_talking_still_laughing__6SB2BR0A,18_14,1,DeepFakeDetection,dfd_holdout
FaceForensics++_C23/DeepFakeDetection/18_14__secret_conversation__HYMNQ00Q.mp4,18_14__secret_conversation__HYMNQ00Q,18_14,1,DeepFakeDetection,dfd_holdout
FaceForensics++_C23/DeepFakeDetection/18_14__exit_phone_room__0YRBHIKG.mp4,18_14__exit_phone_room__0YRBHIKG,18_14,1,DeepFakeDetection,dfd_holdout
FaceForensics++_C23/DeepFakeDetection/18_14__podium_speech_happy__0YRBHIKG.mp4,18_14__podium_speech_happy__0YRBHIKG,18_14,1,DeepFakeDetection,dfd_holdout
FaceForensics++_C23/DeepFakeDetection/18_12__outside_talking_still_laughing__IKH1LBBY.mp4,18_12__outside_talking_still_laughing__IKH1LBBY,18_12,1,DeepFakeDetection,dfd_holdout
FaceForensics++_C23/DeepFakeDetection/18_15__kitchen_still__V5VHLCOW.mp4,18_15__kitchen_still__V5VHLCOW,18_15,1,DeepFakeDetection,dfd_holdout
FaceForensics++_C23/DeepFakeDetection/18_15__kitchen_pan__V5VHLCOW.mp4,18_15__kitchen_pan__V5VHLCOW,18_15,1,DeepFakeDetection,dfd_holdout
FaceForensics++_C23/DeepFakeDetection/18_15__outside_talking_still_laughing__V5VHLCOW.mp4,18_15__outside_talking_still_laughing__V5VHLCOW,18_15,1,DeepFakeDetection,dfd_holdout
FaceForensics++_C23/DeepFakeDetection/18_14__talking_against_wall__0YRBHIKG.mp4,18_14__talking_against_wall__0YRBHIKG,18_14,1,DeepFakeDetection,dfd_holdout
FaceForensics++_C23/DeepFakeDetection/18_15__walking_down_street_outside_angry__V5VHLCOW.mp4,18_15__walking_down_street_outside_angry__V5VHLCOW,18_15,1,DeepFakeDetection,dfd_holdout
FaceForensics++_C23/DeepFakeDetection/18_25__exit_phone_room__AUC0HY5T.mp4,18_25__exit_phone_room__AUC0HY5T,18_25,1,DeepFakeDetection,dfd_holdout
FaceForensics++_C23/DeepFakeDetection/18_26__outside_talking_still_laughing__UMEX6HWU.mp4,18_26__outside_talking_still_laughing__UMEX6HWU,18_26,1,DeepFakeDetection,dfd_holdout
FaceForensics++_C23/DeepFakeDetection/18_25__walk_down_hall_angry__AUC0HY5T.mp4,18_25__walk_down_hall_angry__AUC0HY5T,18_25,1,DeepFakeDetection,dfd_holdout
FaceForensics++_C23/DeepFakeDetection/18_25__walking_outside_cafe_disgusted__SEGFKFJG.mp4,18_25__walking_outside_cafe_disgusted__SEGFKFJG,18_25,1,DeepFakeDetection,dfd_holdout
FaceForensics++_C23/DeepFakeDetection/18_26__secret_conversation__UMEX6HWU.mp4,18_26__secret_conversation__UMEX6HWU,18_26,1,DeepFakeDetection,dfd_holdout
FaceForensics++_C23/DeepFakeDetection/18_26__kitchen_still__UMEX6HWU.mp4,18_26__kitchen_still__UMEX6HWU,18_26,1,DeepFakeDetection,dfd_holdout
FaceForensics++_C23/DeepFakeDetection/18_25__outside_talking_pan_laughing__AUC0HY5T.mp4,18_25__outside_talking_pan_laughing__AUC0HY5T,18_25,1,DeepFakeDetection,dfd_holdout
FaceForensics++_C23/DeepFakeDetection/19_10__exit_phone_room__IDX76N5R.mp4,19_10__exit_phone_room__IDX76N5R,19_10,1,DeepFakeDetection,dfd_holdout
FaceForensics++_C23/DeepFakeDetection/18_26__walk_down_hall_angry__AI94QW74.mp4,18_26__walk_down_hall_angry__AI94QW74,18_26,1,DeepFakeDetection,dfd_holdout
FaceForensics++_C23/DeepFakeDetection/18_27__kitchen_still__NYHE8D0J.mp4,18_27__kitchen_still__NYHE8D0J,18_27,1,DeepFakeDetection,dfd_holdout
FaceForensics++_C23/DeepFakeDetection/19_10__talking_against_wall__O2IKR6YM.mp4,19_10__talking_against_wall__O2IKR6YM,19_10,1,DeepFakeDetection,dfd_holdout
FaceForensics++_C23/DeepFakeDetection/19_10__podium_speech_happy__FFXB67PI.mp4,19_10__podium_speech_happy__FFXB67PI,19_10,1,DeepFakeDetection,dfd_holdout
FaceForensics++_C23/DeepFakeDetection/18_27__outside_talking_still_laughing__G7OOOUCX.mp4,18_27__outside_talking_still_laughing__G7OOOUCX,18_27,1,DeepFakeDetection,dfd_holdout
FaceForensics++_C23/DeepFakeDetection/18_27__walking_outside_cafe_disgusted__NYHE8D0J.mp4,18_27__walking_outside_cafe_disgusted__NYHE8D0J,18_27,1,DeepFakeDetection,dfd_holdout
FaceForensics++_C23/DeepFakeDetection/18_26__walking_outside_cafe_disgusted__UMEX6HWU.mp4,18_26__walking_outside_cafe_disgusted__UMEX6HWU,18_26,1,DeepFakeDetection,dfd_holdout
FaceForensics++_C23/DeepFakeDetection/19_23__talking_angry_couch__F7U8UY7V.mp4,19_23__talking_angry_couch__F7U8UY7V,19_23,1,DeepFakeDetection,dfd_holdout
FaceForensics++_C23/DeepFakeDetection/19_22__outside_talking_pan_laughing__VK6BF5NV.mp4,19_22__outside_talking_pan_laughing__VK6BF5NV,19_22,1,DeepFakeDetection,dfd_holdout
FaceForensics++_C23/DeepFakeDetection/19_23__outside_talking_pan_laughing__H4SUVFTL.mp4,19_23__outside_talking_pan_laughing__H4SUVFTL,19_23,1,DeepFakeDetection,dfd_holdout
FaceForensics++_C23/DeepFakeDetection/19_22__talking_against_wall__VK6BF5NV.mp4,19_22__talking_against_wall__VK6BF5NV,19_22,1,DeepFakeDetection,dfd_holdout
FaceForensics++_C23/DeepFakeDetection/19_23__kitchen_pan__H4SUVFTL.mp4,19_23__kitchen_pan__H4SUVFTL,19_23,1,DeepFakeDetection,dfd_holdout
FaceForensics++_C23/DeepFakeDetection/19_10__walk_down_hall_angry__BVVPN5D5.mp4,19_10__walk_down_hall_angry__BVVPN5D5,19_10,1,DeepFakeDetection,dfd_holdout
FaceForensics++_C23/DeepFakeDetection/19_23__kitchen_pan__WHQ1229T.mp4,19_23__kitchen_pan__WHQ1229T,19_23,1,DeepFakeDetection,dfd_holdout
FaceForensics++_C23/DeepFakeDetection/19_23__walking_outside_cafe_disgusted__WHQ1229T.mp4,19_23__walking_outside_cafe_disgusted__WHQ1229T,19_23,1,DeepFakeDetection,dfd_holdout
FaceForensics++_C23/DeepFakeDetection/19_23__walk_down_hall_angry__F7U8UY7V.mp4,19_23__walk_down_hall_angry__F7U8UY7V,19_23,1,DeepFakeDetection,dfd_holdout
FaceForensics++_C23/DeepFakeDetection/19_24__kitchen_still__GNHYZ84G.mp4,19_24__kitchen_still__GNHYZ84G,19_24,1,DeepFakeDetection,dfd_holdout
FaceForensics++_C23/DeepFakeDetection/19_24__kitchen_pan__QD5K7BP2.mp4,19_24__kitchen_pan__QD5K7BP2,19_24,1,DeepFakeDetection,dfd_holdout
FaceForensics++_C23/DeepFakeDetection/19_24__kitchen_pan__NPZW2Z9L.mp4,19_24__kitchen_pan__NPZW2Z9L,19_24,1,DeepFakeDetection,dfd_holdout
FaceForensics++_C23/DeepFakeDetection/19_24__outside_talking_pan_laughing__59PN7WZ2.mp4,19_24__outside_talking_pan_laughing__59PN7WZ2,19_24,1,DeepFakeDetection,dfd_holdout
FaceForensics++_C23/DeepFakeDetection/19_24__outside_talking_pan_laughing__OF8LF68K.mp4,19_24__outside_talking_pan_laughing__OF8LF68K,19_24,1,DeepFakeDetection,dfd_holdout
FaceForensics++_C23/DeepFakeDetection/19_24__outside_talking_still_laughing__59PN7WZ2.mp4,19_24__outside_talking_still_laughing__59PN7WZ2,19_24,1,DeepFakeDetection,dfd_holdout
FaceForensics++_C23/DeepFakeDetection/19_23__walking_outside_cafe_disgusted__F7U8UY7V.mp4,19_23__walking_outside_cafe_disgusted__F7U8UY7V,19_23,1,DeepFakeDetection,dfd_holdout
FaceForensics++_C23/DeepFakeDetection/20_01__kitchen_still__FW94AIMJ.mp4,20_01__kitchen_still__FW94AIMJ,20_01,1,DeepFakeDetection,dfd_holdout
FaceForensics++_C23/DeepFakeDetection/19_24__secret_conversation__59PN7WZ2.mp4,19_24__secret_conversation__59PN7WZ2,19_24,1,DeepFakeDetection,dfd_holdout
FaceForensics++_C23/DeepFakeDetection/19_24__walk_down_hall_angry__OF8LF68K.mp4,19_24__walk_down_hall_angry__OF8LF68K,19_24,1,DeepFakeDetection,dfd_holdout
FaceForensics++_C23/DeepFakeDetection/19_24__walk_down_hall_angry__59PN7WZ2.mp4,19_24__walk_down_hall_angry__59PN7WZ2,19_24,1,DeepFakeDetection,dfd_holdout
FaceForensics++_C23/DeepFakeDetection/19_24__talking_angry_couch__W1DEM0XM.mp4,19_24__talking_angry_couch__W1DEM0XM,19_24,1,DeepFakeDetection,dfd_holdout
FaceForensics++_C23/DeepFakeDetection/19_24__walk_down_hall_angry__W1DEM0XM.mp4,19_24__walk_down_hall_angry__W1DEM0XM,19_24,1,DeepFakeDetection,dfd_holdout
FaceForensics++_C23/DeepFakeDetection/19_24__walk_down_hall_angry__RKQTC50P.mp4,19_24__walk_down_hall_angry__RKQTC50P,19_24,1,DeepFakeDetection,dfd_holdout
FaceForensics++_C23/DeepFakeDetection/19_24__outside_talking_still_laughing__DL7X7M6I.mp4,19_24__outside_talking_still_laughing__DL7X7M6I,19_24,1,DeepFakeDetection,dfd_holdout
FaceForensics++_C23/DeepFakeDetection/20_01__kitchen_pan__6UBMLXK3.mp4,20_01__kitchen_pan__6UBMLXK3,20_01,1,DeepFakeDetection,dfd_holdout
FaceForensics++_C23/DeepFakeDetection/20_01__walking_and_outside_surprised__6UBMLXK3.mp4,20_01__walking_and_outside_surprised__6UBMLXK3,20_01,1,DeepFakeDetection,dfd_holdout
FaceForensics++_C23/DeepFakeDetection/20_01__outside_talking_still_laughing__FW94AIMJ.mp4,20_01__outside_talking_still_laughing__FW94AIMJ,20_01,1,DeepFakeDetection,dfd_holdout
FaceForensics++_C23/DeepFakeDetection/20_01__talking_angry_couch__FW94AIMJ.mp4,20_01__talking_angry_couch__FW94AIMJ,20_01,1,DeepFakeDetection,dfd_holdout
FaceForensics++_C23/DeepFakeDetection/20_03__hugging_happy__Z6V05FXO.mp4,20_03__hugging_happy__Z6V05FXO,20_03,1,DeepFakeDetection,dfd_holdout
FaceForensics++_C23/DeepFakeDetection/20_03__walk_down_hall_angry__61SVZ2J7.mp4,20_03__walk_down_hall_angry__61SVZ2J7,20_03,1,DeepFakeDetection,dfd_holdout
FaceForensics++_C23/DeepFakeDetection/20_06__podium_speech_happy__6SUW7063.mp4,20_06__podium_speech_happy__6SUW7063,20_06,1,DeepFakeDetection,dfd_holdout
FaceForensics++_C23/DeepFakeDetection/20_03__talking_angry_couch__61SVZ2J7.mp4,20_03__talking_angry_couch__61SVZ2J7,20_03,1,DeepFakeDetection,dfd_holdout
FaceForensics++_C23/DeepFakeDetection/20_06__outside_talking_pan_laughing__6SUW7063.mp4,20_06__outside_talking_pan_laughing__6SUW7063,20_06,1,DeepFakeDetection,dfd_holdout
FaceForensics++_C23/DeepFakeDetection/20_07__outside_talking_pan_laughing__5VT4USF9.mp4,20_07__outside_talking_pan_laughing__5VT4USF9,20_07,1,DeepFakeDetection,dfd_holdout
FaceForensics++_C23/DeepFakeDetection/20_09__walking_down_indoor_hall_disgust__0IRM5ADD.mp4,20_09__walking_down_indoor_hall_disgust__0IRM5ADD,20_09,1,DeepFakeDetection,dfd_holdout
FaceForensics++_C23/DeepFakeDetection/20_09__outside_talking_still_laughing__98NUQ3E6.mp4,20_09__outside_talking_still_laughing__98NUQ3E6,20_09,1,DeepFakeDetection,dfd_holdout
FaceForensics++_C23/DeepFakeDetection/20_09__outside_talking_pan_laughing__MKEWB4SM.mp4,20_09__outside_talking_pan_laughing__MKEWB4SM,20_09,1,DeepFakeDetection,dfd_holdout
FaceForensics++_C23/DeepFakeDetection/20_09__walk_down_hall_angry__RAGUKRMK.mp4,20_09__walk_down_hall_angry__RAGUKRMK,20_09,1,DeepFakeDetection,dfd_holdout
FaceForensics++_C23/DeepFakeDetection/20_09__kitchen_pan__MKEWB4SM.mp4,20_09__kitchen_pan__MKEWB4SM,20_09,1,DeepFakeDetection,dfd_holdout
FaceForensics++_C23/DeepFakeDetection/20_09__podium_speech_happy__RAGUKRMK.mp4,20_09__podium_speech_happy__RAGUKRMK,20_09,1,DeepFakeDetection,dfd_holdout
FaceForensics++_C23/DeepFakeDetection/20_09__kitchen_pan__HG1S0KHA.mp4,20_09__kitchen_pan__HG1S0KHA,20_09,1,DeepFakeDetection,dfd_holdout
FaceForensics++_C23/DeepFakeDetection/20_12__kitchen_still__VD7BCF1U.mp4,20_12__kitchen_still__VD7BCF1U,20_12,1,DeepFakeDetection,dfd_holdout
FaceForensics++_C23/DeepFakeDetection/20_13__hugging_happy__C50CSOEX.mp4,20_13__hugging_happy__C50CSOEX,20_13,1,DeepFakeDetection,dfd_holdout
FaceForensics++_C23/DeepFakeDetection/20_12__outside_talking_pan_laughing__VD7BCF1U.mp4,20_12__outside_talking_pan_laughing__VD7BCF1U,20_12,1,DeepFakeDetection,dfd_holdout
FaceForensics++_C23/DeepFakeDetection/20_12__walk_down_hall_angry__B0X1CGG2.mp4,20_12__walk_down_hall_angry__B0X1CGG2,20_12,1,DeepFakeDetection,dfd_holdout
FaceForensics++_C23/DeepFakeDetection/20_09__walking_down_indoor_hall_disgust__RAGUKRMK.mp4,20_09__walking_down_indoor_hall_disgust__RAGUKRMK,20_09,1,DeepFakeDetection,dfd_holdout
FaceForensics++_C23/DeepFakeDetection/20_13__outside_talking_still_laughing__LXLR1B6N.mp4,20_13__outside_talking_still_laughing__LXLR1B6N,20_13,1,DeepFakeDetection,dfd_holdout
FaceForensics++_C23/DeepFakeDetection/20_13__kitchen_pan__4SAX54BT.mp4,20_13__kitchen_pan__4SAX54BT,20_13,1,DeepFakeDetection,dfd_holdout
FaceForensics++_C23/DeepFakeDetection/20_13__walk_down_hall_angry__4SAX54BT.mp4,20_13__walk_down_hall_angry__4SAX54BT,20_13,1,DeepFakeDetection,dfd_holdout
FaceForensics++_C23/DeepFakeDetection/20_13__hugging_happy__HQHYKNGK.mp4,20_13__hugging_happy__HQHYKNGK,20_13,1,DeepFakeDetection,dfd_holdout
FaceForensics++_C23/DeepFakeDetection/20_13__walking_down_indoor_hall_disgust__NJEO6L5O.mp4,20_13__walking_down_indoor_hall_disgust__NJEO6L5O,20_13,1,DeepFakeDetection,dfd_holdout
FaceForensics++_C23/DeepFakeDetection/20_13__walk_down_hall_angry__HQHYKNGK.mp4,20_13__walk_down_hall_angry__HQHYKNGK,20_13,1,DeepFakeDetection,dfd_holdout
FaceForensics++_C23/DeepFakeDetection/20_13__kitchen_still__NJEO6L5O.mp4,20_13__kitchen_still__NJEO6L5O,20_13,1,DeepFakeDetection,dfd_holdout
FaceForensics++_C23/DeepFakeDetection/20_13__walking_down_indoor_hall_disgust__VO2YZXLN.mp4,20_13__walking_down_indoor_hall_disgust__VO2YZXLN,20_13,1,DeepFakeDetection,dfd_holdout
FaceForensics++_C23/DeepFakeDetection/20_14__podium_speech_happy__B014BKVO.mp4,20_14__podium_speech_happy__B014BKVO,20_14,1,DeepFakeDetection,dfd_holdout
FaceForensics++_C23/DeepFakeDetection/20_14__outside_talking_pan_laughing__R7SPX6OK.mp4,20_14__outside_talking_pan_laughing__R7SPX6OK,20_14,1,DeepFakeDetection,dfd_holdout
FaceForensics++_C23/DeepFakeDetection/20_15__outside_talking_pan_laughing__99NHTFBM.mp4,20_15__outside_talking_pan_laughing__99NHTFBM,20_15,1,DeepFakeDetection,dfd_holdout
FaceForensics++_C23/DeepFakeDetection/20_14__talking_angry_couch__R7SPX6OK.mp4,20_14__talking_angry_couch__R7SPX6OK,20_14,1,DeepFakeDetection,dfd_holdout
FaceForensics++_C23/DeepFakeDetection/20_15__walking_down_indoor_hall_disgust__99NHTFBM.mp4,20_15__walking_down_indoor_hall_disgust__99NHTFBM,20_15,1,DeepFakeDetection,dfd_holdout
FaceForensics++_C23/DeepFakeDetection/20_15__secret_conversation__99NHTFBM.mp4,20_15__secret_conversation__99NHTFBM,20_15,1,DeepFakeDetection,dfd_holdout
FaceForensics++_C23/DeepFakeDetection/20_15__podium_speech_happy__99NHTFBM.mp4,20_15__podium_speech_happy__99NHTFBM,20_15,1,DeepFakeDetection,dfd_holdout
FaceForensics++_C23/DeepFakeDetection/20_15__walking_down_indoor_hall_disgust__CYD62VPP.mp4,20_15__walking_down_indoor_hall_disgust__CYD62VPP,20_15,1,DeepFakeDetection,dfd_holdout
FaceForensics++_C23/DeepFakeDetection/20_21__kitchen_still__ZCB5OMEW.mp4,20_21__kitchen_still__ZCB5OMEW,20_21,1,DeepFakeDetection,dfd_holdout
FaceForensics++_C23/DeepFakeDetection/20_18__outside_talking_pan_laughing__8BMQOD7S.mp4,20_18__outside_talking_pan_laughing__8BMQOD7S,20_18,1,DeepFakeDetection,dfd_holdout
FaceForensics++_C23/DeepFakeDetection/20_18__walking_down_indoor_hall_disgust__8BMQOD7S.mp4,20_18__walking_down_indoor_hall_disgust__8BMQOD7S,20_18,1,DeepFakeDetection,dfd_holdout
FaceForensics++_C23/DeepFakeDetection/20_15__walking_outside_cafe_disgusted__99NHTFBM.mp4,20_15__walking_outside_cafe_disgusted__99NHTFBM,20_15,1,DeepFakeDetection,dfd_holdout
FaceForensics++_C23/DeepFakeDetection/20_25__exit_phone_room__MUS0X71T.mp4,20_25__exit_phone_room__MUS0X71T,20_25,1,DeepFakeDetection,dfd_holdout
FaceForensics++_C23/DeepFakeDetection/20_25__outside_talking_still_laughing__DW2L6D2V.mp4,20_25__outside_talking_still_laughing__DW2L6D2V,20_25,1,DeepFakeDetection,dfd_holdout
FaceForensics++_C23/DeepFakeDetection/20_21__secret_conversation__ZCB5OMEW.mp4,20_21__secret_conversation__ZCB5OMEW,20_21,1,DeepFakeDetection,dfd_holdout
FaceForensics++_C23/DeepFakeDetection/20_25__exit_phone_room__M86GQTHK.mp4,20_25__exit_phone_room__M86GQTHK,20_25,1,DeepFakeDetection,dfd_holdout
FaceForensics++_C23/DeepFakeDetection/20_25__outside_talking_pan_laughing__M86GQTHK.mp4,20_25__outside_talking_pan_laughing__M86GQTHK,20_25,1,DeepFakeDetection,dfd_holdout
FaceForensics++_C23/DeepFakeDetection/20_21__walking_down_street_outside_angry__ZCB5OMEW.mp4,20_21__walking_down_street_outside_angry__ZCB5OMEW,20_21,1,DeepFakeDetection,dfd_holdout
FaceForensics++_C23/DeepFakeDetection/20_21__walking_down_indoor_hall_disgust__ZCB5OMEW.mp4,20_21__walking_down_indoor_hall_disgust__ZCB5OMEW,20_21,1,DeepFakeDetection,dfd_holdout
FaceForensics++_C23/DeepFakeDetection/20_25__outside_talking_still_laughing__M786RTSM.mp4,20_25__outside_talking_still_laughing__M786RTSM,20_25,1,DeepFakeDetection,dfd_holdout
FaceForensics++_C23/DeepFakeDetection/20_25__walking_down_street_outside_angry__ZG0SRZOA.mp4,20_25__walking_down_street_outside_angry__ZG0SRZOA,20_25,1,DeepFakeDetection,dfd_holdout
FaceForensics++_C23/DeepFakeDetection/20_26__outside_talking_pan_laughing__KGFLR0PH.mp4,20_26__outside_talking_pan_laughing__KGFLR0PH,20_26,1,DeepFakeDetection,dfd_holdout
FaceForensics++_C23/DeepFakeDetection/20_25__outside_talking_still_laughing__RSCD7KXO.mp4,20_25__outside_talking_still_laughing__RSCD7KXO,20_25,1,DeepFakeDetection,dfd_holdout
FaceForensics++_C23/DeepFakeDetection/20_25__talking_against_wall__AMY6M1KL.mp4,20_25__talking_against_wall__AMY6M1KL,20_25,1,DeepFakeDetection,dfd_holdout
FaceForensics++_C23/DeepFakeDetection/20_26__outside_talking_pan_laughing__2VS0S1P5.mp4,20_26__outside_talking_pan_laughing__2VS0S1P5,20_26,1,DeepFakeDetection,dfd_holdout
FaceForensics++_C23/DeepFakeDetection/20_25__walk_down_hall_angry__DW2L6D2V.mp4,20_25__walk_down_hall_angry__DW2L6D2V,20_25,1,DeepFakeDetection,dfd_holdout
FaceForensics++_C23/DeepFakeDetection/20_25__walking_and_outside_surprised__RSCD7KXO.mp4,20_25__walking_and_outside_surprised__RSCD7KXO,20_25,1,DeepFakeDetection,dfd_holdout
FaceForensics++_C23/DeepFakeDetection/20_26__talking_angry_couch__34DJQS3E.mp4,20_26__talking_angry_couch__34DJQS3E,20_26,1,DeepFakeDetection,dfd_holdout
FaceForensics++_C23/DeepFakeDetection/20_26__talking_angry_couch__01OJA93K.mp4,20_26__talking_angry_couch__01OJA93K,20_26,1,DeepFakeDetection,dfd_holdout
FaceForensics++_C23/DeepFakeDetection/20_27__kitchen_pan__LM907ECA.mp4,20_27__kitchen_pan__LM907ECA,20_27,1,DeepFakeDetection,dfd_holdout
FaceForensics++_C23/DeepFakeDetection/21_02__kitchen_pan__Z0XHPQAR.mp4,21_02__kitchen_pan__Z0XHPQAR,21_02,1,DeepFakeDetection,dfd_holdout
FaceForensics++_C23/DeepFakeDetection/21_03__walk_down_hall_angry__TEV3HIHZ.mp4,21_03__walk_down_hall_angry__TEV3HIHZ,21_03,1,DeepFakeDetection,dfd_holdout
FaceForensics++_C23/DeepFakeDetection/21_03__hugging_happy__TEV3HIHZ.mp4,21_03__hugging_happy__TEV3HIHZ,21_03,1,DeepFakeDetection,dfd_holdout
FaceForensics++_C23/DeepFakeDetection/21_03__kitchen_still__V53E3RVB.mp4,21_03__kitchen_still__V53E3RVB,21_03,1,DeepFakeDetection,dfd_holdout
FaceForensics++_C23/DeepFakeDetection/21_03__outside_talking_still_laughing__V53E3RVB.mp4,21_03__outside_talking_still_laughing__V53E3RVB,21_03,1,DeepFakeDetection,dfd_holdout
FaceForensics++_C23/DeepFakeDetection/21_01__walk_down_hall_angry__03X7CELV.mp4,21_01__walk_down_hall_angry__03X7CELV,21_01,1,DeepFakeDetection,dfd_holdout
FaceForensics++_C23/DeepFakeDetection/21_02__talking_angry_couch__Z0XHPQAR.mp4,21_02__talking_angry_couch__Z0XHPQAR,21_02,1,DeepFakeDetection,dfd_holdout
FaceForensics++_C23/DeepFakeDetection/21_01__kitchen_pan__03X7CELV.mp4,21_01__kitchen_pan__03X7CELV,21_01,1,DeepFakeDetection,dfd_holdout
FaceForensics++_C23/DeepFakeDetection/21_04__talking_angry_couch__HY1VWEJK.mp4,21_04__talking_angry_couch__HY1VWEJK,21_04,1,DeepFakeDetection,dfd_holdout
FaceForensics++_C23/DeepFakeDetection/21_06__walking_outside_cafe_disgusted__058I9NIZ.mp4,21_06__walking_outside_cafe_disgusted__058I9NIZ,21_06,1,DeepFakeDetection,dfd_holdout
FaceForensics++_C23/DeepFakeDetection/21_07__kitchen_still__K7KXUHMU.mp4,21_07__kitchen_still__K7KXUHMU,21_07,1,DeepFakeDetection,dfd_holdout
FaceForensics++_C23/DeepFakeDetection/21_03__walking_down_street_outside_angry__YCSEBZO4.mp4,21_03__walking_down_street_outside_angry__YCSEBZO4,21_03,1,DeepFakeDetection,dfd_holdout
FaceForensics++_C23/DeepFakeDetection/21_07__exit_phone_room__MKU99DVX.mp4,21_07__exit_phone_room__MKU99DVX,21_07,1,DeepFakeDetection,dfd_holdout
FaceForensics++_C23/DeepFakeDetection/21_07__exit_phone_room__K7KXUHMU.mp4,21_07__exit_phone_room__K7KXUHMU,21_07,1,DeepFakeDetection,dfd_holdout
FaceForensics++_C23/DeepFakeDetection/21_07__kitchen_pan__K7KXUHMU.mp4,21_07__kitchen_pan__K7KXUHMU,21_07,1,DeepFakeDetection,dfd_holdout
FaceForensics++_C23/DeepFakeDetection/21_06__walking_down_indoor_hall_disgust__058I9NIZ.mp4,21_06__walking_down_indoor_hall_disgust__058I9NIZ,21_06,1,DeepFakeDetection,dfd_holdout
FaceForensics++_C23/DeepFakeDetection/21_09__kitchen_still__LBQF8ZN1.mp4,21_09__kitchen_still__LBQF8ZN1,21_09,1,DeepFakeDetection,dfd_holdout
FaceForensics++_C23/DeepFakeDetection/21_07__talking_angry_couch__MKU99DVX.mp4,21_07__talking_angry_couch__MKU99DVX,21_07,1,DeepFakeDetection,dfd_holdout
FaceForensics++_C23/DeepFakeDetection/21_09__outside_talking_still_laughing__O9ER29Z6.mp4,21_09__outside_talking_still_laughing__O9ER29Z6,21_09,1,DeepFakeDetection,dfd_holdout
FaceForensics++_C23/DeepFakeDetection/21_07__talking_against_wall__CRGVSDBI.mp4,21_07__talking_against_wall__CRGVSDBI,21_07,1,DeepFakeDetection,dfd_holdout
FaceForensics++_C23/DeepFakeDetection/21_09__hugging_happy__O9ER29Z6.mp4,21_09__hugging_happy__O9ER29Z6,21_09,1,DeepFakeDetection,dfd_holdout
FaceForensics++_C23/DeepFakeDetection/21_09__kitchen_pan__Z8H2TRCI.mp4,21_09__kitchen_pan__Z8H2TRCI,21_09,1,DeepFakeDetection,dfd_holdout
FaceForensics++_C23/DeepFakeDetection/21_07__walking_down_street_outside_angry__MKU99DVX.mp4,21_07__walking_down_street_outside_angry__MKU99DVX,21_07,1,DeepFakeDetection,dfd_holdout
FaceForensics++_C23/DeepFakeDetection/21_09__talking_against_wall__JEELOMN2.mp4,21_09__talking_against_wall__JEELOMN2,21_09,1,DeepFakeDetection,dfd_holdout
FaceForensics++_C23/DeepFakeDetection/21_11__walking_down_indoor_hall_disgust__T7DK03O1.mp4,21_11__walking_down_indoor_hall_disgust__T7DK03O1,21_11,1,DeepFakeDetection,dfd_holdout
FaceForensics++_C23/DeepFakeDetection/21_11__podium_speech_happy__T7DK03O1.mp4,21_11__podium_speech_happy__T7DK03O1,21_11,1,DeepFakeDetection,dfd_holdout
FaceForensics++_C23/DeepFakeDetection/21_09__walking_outside_cafe_disgusted__J7SQKGUR.mp4,21_09__walking_outside_cafe_disgusted__J7SQKGUR,21_09,1,DeepFakeDetection,dfd_holdout
FaceForensics++_C23/DeepFakeDetection/21_09__walking_outside_cafe_disgusted__JEELOMN2.mp4,21_09__walking_outside_cafe_disgusted__JEELOMN2,21_09,1,DeepFakeDetection,dfd_holdout
FaceForensics++_C23/DeepFakeDetection/21_09__walking_outside_cafe_disgusted__Z8H2TRCI.mp4,21_09__walking_outside_cafe_disgusted__Z8H2TRCI,21_09,1,DeepFakeDetection,dfd_holdout
FaceForensics++_C23/DeepFakeDetection/21_09__walking_down_street_outside_angry__JEELOMN2.mp4,21_09__walking_down_street_outside_angry__JEELOMN2,21_09,1,DeepFakeDetection,dfd_holdout
FaceForensics++_C23/DeepFakeDetection/21_11__walking_down_street_outside_angry__USLHUQDI.mp4,21_11__walking_down_street_outside_angry__USLHUQDI,21_11,1,DeepFakeDetection,dfd_holdout
FaceForensics++_C23/DeepFakeDetection/21_09__talking_against_wall__LBQF8ZN1.mp4,21_09__talking_against_wall__LBQF8ZN1,21_09,1,DeepFakeDetection,dfd_holdout
FaceForensics++_C23/DeepFakeDetection/21_15__kitchen_pan__87WSBJP3.mp4,21_15__kitchen_pan__87WSBJP3,21_15,1,DeepFakeDetection,dfd_holdout
FaceForensics++_C23/DeepFakeDetection/21_15__outside_talking_pan_laughing__87WSBJP3.mp4,21_15__outside_talking_pan_laughing__87WSBJP3,21_15,1,DeepFakeDetection,dfd_holdout
FaceForensics++_C23/DeepFakeDetection/21_14__podium_speech_happy__N0WM4GSV.mp4,21_14__podium_speech_happy__N0WM4GSV,21_14,1,DeepFakeDetection,dfd_holdout
FaceForensics++_C23/DeepFakeDetection/21_14__hugging_happy__N0WM4GSV.mp4,21_14__hugging_happy__N0WM4GSV,21_14,1,DeepFakeDetection,dfd_holdout
FaceForensics++_C23/DeepFakeDetection/21_14__exit_phone_room__IRKML4J0.mp4,21_14__exit_phone_room__IRKML4J0,21_14,1,DeepFakeDetection,dfd_holdout
FaceForensics++_C23/DeepFakeDetection/21_14__kitchen_still__IRKML4J0.mp4,21_14__kitchen_still__IRKML4J0,21_14,1,DeepFakeDetection,dfd_holdout
FaceForensics++_C23/DeepFakeDetection/21_11__walking_outside_cafe_disgusted__T7DK03O1.mp4,21_11__walking_outside_cafe_disgusted__T7DK03O1,21_11,1,DeepFakeDetection,dfd_holdout
FaceForensics++_C23/DeepFakeDetection/21_15__walking_down_indoor_hall_disgust__87WSBJP3.mp4,21_15__walking_down_indoor_hall_disgust__87WSBJP3,21_15,1,DeepFakeDetection,dfd_holdout
FaceForensics++_C23/DeepFakeDetection/21_15__walking_outside_cafe_disgusted__87WSBJP3.mp4,21_15__walking_outside_cafe_disgusted__87WSBJP3,21_15,1,DeepFakeDetection,dfd_holdout
FaceForensics++_C23/DeepFakeDetection/22_10__outside_talking_pan_laughing__8YQ2EUQP.mp4,22_10__outside_talking_pan_laughing__8YQ2EUQP,22_10,1,DeepFakeDetection,dfd_holdout
FaceForensics++_C23/DeepFakeDetection/22_10__exit_phone_room__8YQ2EUQP.mp4,22_10__exit_phone_room__8YQ2EUQP,22_10,1,DeepFakeDetection,dfd_holdout
FaceForensics++_C23/DeepFakeDetection/21_18__walking_down_indoor_hall_disgust__PQFTWVRQ.mp4,21_18__walking_down_indoor_hall_disgust__PQFTWVRQ,21_18,1,DeepFakeDetection,dfd_holdout
FaceForensics++_C23/DeepFakeDetection/21_25__walking_down_street_outside_angry__NFBISHIN.mp4,21_25__walking_down_street_outside_angry__NFBISHIN,21_25,1,DeepFakeDetection,dfd_holdout
FaceForensics++_C23/DeepFakeDetection/21_25__walk_down_hall_angry__NFBISHIN.mp4,21_25__walk_down_hall_angry__NFBISHIN,21_25,1,DeepFakeDetection,dfd_holdout
FaceForensics++_C23/DeepFakeDetection/22_10__walk_down_hall_angry__FY7YI0AJ.mp4,22_10__walk_down_hall_angry__FY7YI0AJ,22_10,1,DeepFakeDetection,dfd_holdout
FaceForensics++_C23/DeepFakeDetection/22_23__outside_talking_pan_laughing__TU7RHG0S.mp4,22_23__outside_talking_pan_laughing__TU7RHG0S,22_23,1,DeepFakeDetection,dfd_holdout
FaceForensics++_C23/DeepFakeDetection/22_23__outside_talking_still_laughing__W9MT3Q5K.mp4,22_23__outside_talking_still_laughing__W9MT3Q5K,22_23,1,DeepFakeDetection,dfd_holdout
FaceForensics++_C23/DeepFakeDetection/22_23__walking_and_outside_surprised__NUTQ0HJ5.mp4,22_23__walking_and_outside_surprised__NUTQ0HJ5,22_23,1,DeepFakeDetection,dfd_holdout
FaceForensics++_C23/DeepFakeDetection/22_23__outside_talking_pan_laughing__J671JKCH.mp4,22_23__outside_talking_pan_laughing__J671JKCH,22_23,1,DeepFakeDetection,dfd_holdout
FaceForensics++_C23/DeepFakeDetection/22_23__outside_talking_still_laughing__10R2HRAU.mp4,22_23__outside_talking_still_laughing__10R2HRAU,22_23,1,DeepFakeDetection,dfd_holdout
FaceForensics++_C23/DeepFakeDetection/22_23__kitchen_pan__TU7RHG0S.mp4,22_23__kitchen_pan__TU7RHG0S,22_23,1,DeepFakeDetection,dfd_holdout
FaceForensics++_C23/DeepFakeDetection/22_23__exit_phone_room__X2ZN5Q31.mp4,22_23__exit_phone_room__X2ZN5Q31,22_23,1,DeepFakeDetection,dfd_holdout
FaceForensics++_C23/DeepFakeDetection/22_19__walk_down_hall_angry__VK6BF5NV.mp4,22_19__walk_down_hall_angry__VK6BF5NV,22_19,1,DeepFakeDetection,dfd_holdout
FaceForensics++_C23/DeepFakeDetection/22_10__walking_and_outside_surprised__C1U7OY5M.mp4,22_10__walking_and_outside_surprised__C1U7OY5M,22_10,1,DeepFakeDetection,dfd_holdout
FaceForensics++_C23/DeepFakeDetection/22_24__walking_and_outside_surprised__7E3GY85F.mp4,22_24__walking_and_outside_surprised__7E3GY85F,22_24,1,DeepFakeDetection,dfd_holdout
FaceForensics++_C23/DeepFakeDetection/22_24__kitchen_pan__XL557XC6.mp4,22_24__kitchen_pan__XL557XC6,22_24,1,DeepFakeDetection,dfd_holdout
FaceForensics++_C23/DeepFakeDetection/22_24__outside_talking_still_laughing__XL557XC6.mp4,22_24__outside_talking_still_laughing__XL557XC6,22_24,1,DeepFakeDetection,dfd_holdout
FaceForensics++_C23/DeepFakeDetection/22_24__walking_and_outside_surprised__XL557XC6.mp4,22_24__walking_and_outside_surprised__XL557XC6,22_24,1,DeepFakeDetection,dfd_holdout
FaceForensics++_C23/DeepFakeDetection/23_19__talking_angry_couch__WHQ1229T.mp4,23_19__talking_angry_couch__WHQ1229T,23_19,1,DeepFakeDetection,dfd_holdout
FaceForensics++_C23/DeepFakeDetection/23_10__outside_talking_pan_laughing__ZHJO34DY.mp4,23_10__outside_talking_pan_laughing__ZHJO34DY,23_10,1,DeepFakeDetection,dfd_holdout
FaceForensics++_C23/DeepFakeDetection/23_19__secret_conversation__H4SUVFTL.mp4,23_19__secret_conversation__H4SUVFTL,23_19,1,DeepFakeDetection,dfd_holdout
FaceForensics++_C23/DeepFakeDetection/22_24__walking_down_street_outside_angry__7E3GY85F.mp4,22_24__walking_down_street_outside_angry__7E3GY85F,22_24,1,DeepFakeDetection,dfd_holdout
FaceForensics++_C23/DeepFakeDetection/23_19__hugging_happy__H4SUVFTL.mp4,23_19__hugging_happy__H4SUVFTL,23_19,1,DeepFakeDetection,dfd_holdout
FaceForensics++_C23/DeepFakeDetection/22_24__walking_down_street_outside_angry__XL557XC6.mp4,22_24__walking_down_street_outside_angry__XL557XC6,22_24,1,DeepFakeDetection,dfd_holdout
FaceForensics++_C23/DeepFakeDetection/23_19__walking_and_outside_surprised__H4SUVFTL.mp4,23_19__walking_and_outside_surprised__H4SUVFTL,23_19,1,DeepFakeDetection,dfd_holdout
FaceForensics++_C23/DeepFakeDetection/23_19__walk_down_hall_angry__H4SUVFTL.mp4,23_19__walk_down_hall_angry__H4SUVFTL,23_19,1,DeepFakeDetection,dfd_holdout
FaceForensics++_C23/DeepFakeDetection/23_19__walking_down_indoor_hall_disgust__H4SUVFTL.mp4,23_19__walking_down_indoor_hall_disgust__H4SUVFTL,23_19,1,DeepFakeDetection,dfd_holdout
FaceForensics++_C23/DeepFakeDetection/23_19__walking_and_outside_surprised__F7U8UY7V.mp4,23_19__walking_and_outside_surprised__F7U8UY7V,23_19,1,DeepFakeDetection,dfd_holdout
FaceForensics++_C23/DeepFakeDetection/23_19__walking_outside_cafe_disgusted__WHQ1229T.mp4,23_19__walking_outside_cafe_disgusted__WHQ1229T,23_19,1,DeepFakeDetection,dfd_holdout
FaceForensics++_C23/DeepFakeDetection/23_22__walking_and_outside_surprised__J671JKCH.mp4,23_22__walking_and_outside_surprised__J671JKCH,23_22,1,DeepFakeDetection,dfd_holdout
FaceForensics++_C23/DeepFakeDetection/23_22__kitchen_still__X2ZN5Q31.mp4,23_22__kitchen_still__X2ZN5Q31,23_22,1,DeepFakeDetection,dfd_holdout
FaceForensics++_C23/DeepFakeDetection/23_22__talking_against_wall__AKZRL2QD.mp4,23_22__talking_against_wall__AKZRL2QD,23_22,1,DeepFakeDetection,dfd_holdout
FaceForensics++_C23/DeepFakeDetection/23_24__kitchen_still__YR5OVD4S.mp4,23_24__kitchen_still__YR5OVD4S,23_24,1,DeepFakeDetection,dfd_holdout
FaceForensics++_C23/DeepFakeDetection/23_24__kitchen_pan__YR5OVD4S.mp4,23_24__kitchen_pan__YR5OVD4S,23_24,1,DeepFakeDetection,dfd_holdout
FaceForensics++_C23/DeepFakeDetection/24_10__walking_down_street_outside_angry__356HPS7R.mp4,24_10__walking_down_street_outside_angry__356HPS7R,24_10,1,DeepFakeDetection,dfd_holdout
FaceForensics++_C23/DeepFakeDetection/23_24__talking_angry_couch__MDSDXSNU.mp4,23_24__talking_angry_couch__MDSDXSNU,23_24,1,DeepFakeDetection,dfd_holdout
FaceForensics++_C23/DeepFakeDetection/23_24__talking_angry_couch__YR5OVD4S.mp4,23_24__talking_angry_couch__YR5OVD4S,23_24,1,DeepFakeDetection,dfd_holdout
FaceForensics++_C23/DeepFakeDetection/24_19__outside_talking_still_laughing__RKQTC50P.mp4,24_19__outside_talking_still_laughing__RKQTC50P,24_19,1,DeepFakeDetection,dfd_holdout
FaceForensics++_C23/DeepFakeDetection/24_19__exit_phone_room__0ZFOV5ZE.mp4,24_19__exit_phone_room__0ZFOV5ZE,24_19,1,DeepFakeDetection,dfd_holdout
FaceForensics++_C23/DeepFakeDetection/24_19__secret_conversation__QD5K7BP2.mp4,24_19__secret_conversation__QD5K7BP2,24_19,1,DeepFakeDetection,dfd_holdout
FaceForensics++_C23/DeepFakeDetection/24_19__outside_talking_still_laughing__NPZW2Z9L.mp4,24_19__outside_talking_still_laughing__NPZW2Z9L,24_19,1,DeepFakeDetection,dfd_holdout
FaceForensics++_C23/DeepFakeDetection/24_19__talking_against_wall__QD5K7BP2.mp4,24_19__talking_against_wall__QD5K7BP2,24_19,1,DeepFakeDetection,dfd_holdout
FaceForensics++_C23/DeepFakeDetection/24_19__kitchen_pan__QD5K7BP2.mp4,24_19__kitchen_pan__QD5K7BP2,24_19,1,DeepFakeDetection,dfd_holdout
FaceForensics++_C23/DeepFakeDetection/24_19__walk_down_hall_angry__OF8LF68K.mp4,24_19__walk_down_hall_angry__OF8LF68K,24_19,1,DeepFakeDetection,dfd_holdout
FaceForensics++_C23/DeepFakeDetection/24_19__secret_conversation__NPZW2Z9L.mp4,24_19__secret_conversation__NPZW2Z9L,24_19,1,DeepFakeDetection,dfd_holdout
FaceForensics++_C23/DeepFakeDetection/24_19__outside_talking_pan_laughing__LVZNRK9S.mp4,24_19__outside_talking_pan_laughing__LVZNRK9S,24_19,1,DeepFakeDetection,dfd_holdout
FaceForensics++_C23/DeepFakeDetection/24_19__secret_conversation__LVZNRK9S.mp4,24_19__secret_conversation__LVZNRK9S,24_19,1,DeepFakeDetection,dfd_holdout
FaceForensics++_C23/DeepFakeDetection/24_19__exit_phone_room__QD5K7BP2.mp4,24_19__exit_phone_room__QD5K7BP2,24_19,1,DeepFakeDetection,dfd_holdout
FaceForensics++_C23/DeepFakeDetection/24_22__kitchen_pan__XL557XC6.mp4,24_22__kitchen_pan__XL557XC6,24_22,1,DeepFakeDetection,dfd_holdout
FaceForensics++_C23/DeepFakeDetection/24_22__walking_outside_cafe_disgusted__XL557XC6.mp4,24_22__walking_outside_cafe_disgusted__XL557XC6,24_22,1,DeepFakeDetection,dfd_holdout
FaceForensics++_C23/DeepFakeDetection/24_23__kitchen_still__YR5OVD4S.mp4,24_23__kitchen_still__YR5OVD4S,24_23,1,DeepFakeDetection,dfd_holdout
FaceForensics++_C23/DeepFakeDetection/24_19__walking_outside_cafe_disgusted__NPZW2Z9L.mp4,24_19__walking_outside_cafe_disgusted__NPZW2Z9L,24_19,1,DeepFakeDetection,dfd_holdout
FaceForensics++_C23/DeepFakeDetection/24_22__walk_down_hall_angry__7E3GY85F.mp4,24_22__walk_down_hall_angry__7E3GY85F,24_22,1,DeepFakeDetection,dfd_holdout
FaceForensics++_C23/DeepFakeDetection/24_19__walking_down_street_outside_angry__GNHYZ84G.mp4,24_19__walking_down_street_outside_angry__GNHYZ84G,24_19,1,DeepFakeDetection,dfd_holdout
FaceForensics++_C23/DeepFakeDetection/24_19__walking_outside_cafe_disgusted__GNHYZ84G.mp4,24_19__walking_outside_cafe_disgusted__GNHYZ84G,24_19,1,DeepFakeDetection,dfd_holdout
FaceForensics++_C23/DeepFakeDetection/24_19__walk_down_hall_angry__QD5K7BP2.mp4,24_19__walk_down_hall_angry__QD5K7BP2,24_19,1,DeepFakeDetection,dfd_holdout
FaceForensics++_C23/DeepFakeDetection/24_19__walking_down_street_outside_angry__QD5K7BP2.mp4,24_19__walking_down_street_outside_angry__QD5K7BP2,24_19,1,DeepFakeDetection,dfd_holdout
FaceForensics++_C23/DeepFakeDetection/24_23__podium_speech_happy__YR5OVD4S.mp4,24_23__podium_speech_happy__YR5OVD4S,24_23,1,DeepFakeDetection,dfd_holdout
FaceForensics++_C23/DeepFakeDetection/25_06__outside_talking_still_laughing__MI9BDQ7M.mp4,25_06__outside_talking_still_laughing__MI9BDQ7M,25_06,1,DeepFakeDetection,dfd_holdout
FaceForensics++_C23/DeepFakeDetection/24_23__walking_down_street_outside_angry__YR5OVD4S.mp4,24_23__walking_down_street_outside_angry__YR5OVD4S,24_23,1,DeepFakeDetection,dfd_holdout
FaceForensics++_C23/DeepFakeDetection/25_09__talking_against_wall__ODAQ7BZL.mp4,25_09__talking_against_wall__ODAQ7BZL,25_09,1,DeepFakeDetection,dfd_holdout
FaceForensics++_C23/DeepFakeDetection/25_02__talking_against_wall__Z7FQ69VP.mp4,25_02__talking_against_wall__Z7FQ69VP,25_02,1,DeepFakeDetection,dfd_holdout
FaceForensics++_C23/DeepFakeDetection/25_09__outside_talking_still_laughing__ODAQ7BZL.mp4,25_09__outside_talking_still_laughing__ODAQ7BZL,25_09,1,DeepFakeDetection,dfd_holdout
FaceForensics++_C23/DeepFakeDetection/25_09__secret_conversation__ODAQ7BZL.mp4,25_09__secret_conversation__ODAQ7BZL,25_09,1,DeepFakeDetection,dfd_holdout
FaceForensics++_C23/DeepFakeDetection/25_02__walking_outside_cafe_disgusted__Z7FQ69VP.mp4,25_02__walking_outside_cafe_disgusted__Z7FQ69VP,25_02,1,DeepFakeDetection,dfd_holdout
FaceForensics++_C23/DeepFakeDetection/25_06__outside_talking_pan_laughing__MI9BDQ7M.mp4,25_06__outside_talking_pan_laughing__MI9BDQ7M,25_06,1,DeepFakeDetection,dfd_holdout
FaceForensics++_C23/DeepFakeDetection/24_23__outside_talking_still_laughing__YR5OVD4S.mp4,24_23__outside_talking_still_laughing__YR5OVD4S,24_23,1,DeepFakeDetection,dfd_holdout
FaceForensics++_C23/DeepFakeDetection/25_12__walking_down_street_outside_angry__MA71PDNV.mp4,25_12__walking_down_street_outside_angry__MA71PDNV,25_12,1,DeepFakeDetection,dfd_holdout
FaceForensics++_C23/DeepFakeDetection/25_20__walking_outside_cafe_disgusted__AMY6M1KL.mp4,25_20__walking_outside_cafe_disgusted__AMY6M1KL,25_20,1,DeepFakeDetection,dfd_holdout
FaceForensics++_C23/DeepFakeDetection/25_21__talking_against_wall__NFBISHIN.mp4,25_21__talking_against_wall__NFBISHIN,25_21,1,DeepFakeDetection,dfd_holdout
FaceForensics++_C23/DeepFakeDetection/25_18__walk_down_hall_angry__AUC0HY5T.mp4,25_18__walk_down_hall_angry__AUC0HY5T,25_18,1,DeepFakeDetection,dfd_holdout
FaceForensics++_C23/DeepFakeDetection/25_12__secret_conversation__0SA36BZ5.mp4,25_12__secret_conversation__0SA36BZ5,25_12,1,DeepFakeDetection,dfd_holdout
FaceForensics++_C23/DeepFakeDetection/25_12__secret_conversation__MA71PDNV.mp4,25_12__secret_conversation__MA71PDNV,25_12,1,DeepFakeDetection,dfd_holdout
FaceForensics++_C23/DeepFakeDetection/25_15__walking_down_street_outside_angry__FF95NMIQ.mp4,25_15__walking_down_street_outside_angry__FF95NMIQ,25_15,1,DeepFakeDetection,dfd_holdout
FaceForensics++_C23/DeepFakeDetection/25_20__walking_outside_cafe_disgusted__RSCD7KXO.mp4,25_20__walking_outside_cafe_disgusted__RSCD7KXO,25_20,1,DeepFakeDetection,dfd_holdout
FaceForensics++_C23/DeepFakeDetection/25_20__outside_talking_still_laughing__NPM0ENKD.mp4,25_20__outside_talking_still_laughing__NPM0ENKD,25_20,1,DeepFakeDetection,dfd_holdout
FaceForensics++_C23/DeepFakeDetection/25_15__walk_down_hall_angry__BXVA6VQB.mp4,25_15__walk_down_hall_angry__BXVA6VQB,25_15,1,DeepFakeDetection,dfd_holdout
FaceForensics++_C23/DeepFakeDetection/25_26__exit_phone_room__7ZRKCFMS.mp4,25_26__exit_phone_room__7ZRKCFMS,25_26,1,DeepFakeDetection,dfd_holdout
FaceForensics++_C23/DeepFakeDetection/25_20__talking_against_wall__ZG0SRZOA.mp4,25_20__talking_against_wall__ZG0SRZOA,25_20,1,DeepFakeDetection,dfd_holdout
FaceForensics++_C23/DeepFakeDetection/25_21__walking_outside_cafe_disgusted__2R46UX3R.mp4,25_21__walking_outside_cafe_disgusted__2R46UX3R,25_21,1,DeepFakeDetection,dfd_holdout
FaceForensics++_C23/DeepFakeDetection/25_20__talking_against_wall__CYKLS79C.mp4,25_20__talking_against_wall__CYKLS79C,25_20,1,DeepFakeDetection,dfd_holdout
FaceForensics++_C23/DeepFakeDetection/25_18__talking_against_wall__SEGFKFJG.mp4,25_18__talking_against_wall__SEGFKFJG,25_18,1,DeepFakeDetection,dfd_holdout
FaceForensics++_C23/DeepFakeDetection/25_21__outside_talking_pan_laughing__2R46UX3R.mp4,25_21__outside_talking_pan_laughing__2R46UX3R,25_21,1,DeepFakeDetection,dfd_holdout
FaceForensics++_C23/DeepFakeDetection/25_18__outside_talking_pan_laughing__SEGFKFJG.mp4,25_18__outside_talking_pan_laughing__SEGFKFJG,25_18,1,DeepFakeDetection,dfd_holdout
FaceForensics++_C23/DeepFakeDetection/25_26__outside_talking_still_laughing__0UFFR3U1.mp4,25_26__outside_talking_still_laughing__0UFFR3U1,25_26,1,DeepFakeDetection,dfd_holdout
FaceForensics++_C23/DeepFakeDetection/25_20__talking_against_wall__MUS0X71T.mp4,25_20__talking_against_wall__MUS0X71T,25_20,1,DeepFakeDetection,dfd_holdout
FaceForensics++_C23/DeepFakeDetection/25_26__podium_speech_happy__PQ41U3IJ.mp4,25_26__podium_speech_happy__PQ41U3IJ,25_26,1,DeepFakeDetection,dfd_holdout
FaceForensics++_C23/DeepFakeDetection/25_27__walk_down_hall_angry__1KU29EUL.mp4,25_27__walk_down_hall_angry__1KU29EUL,25_27,1,DeepFakeDetection,dfd_holdout
FaceForensics++_C23/DeepFakeDetection/26_03__kitchen_pan__WBSXBL82.mp4,26_03__kitchen_pan__WBSXBL82,26_03,1,DeepFakeDetection,dfd_holdout
FaceForensics++_C23/DeepFakeDetection/25_26__walking_outside_cafe_disgusted__7ZRKCFMS.mp4,25_26__walking_outside_cafe_disgusted__7ZRKCFMS,25_26,1,DeepFakeDetection,dfd_holdout
FaceForensics++_C23/DeepFakeDetection/25_27__outside_talking_pan_laughing__GNIMW95Z.mp4,25_27__outside_talking_pan_laughing__GNIMW95Z,25_27,1,DeepFakeDetection,dfd_holdout
FaceForensics++_C23/DeepFakeDetection/26_03__talking_angry_couch__WBSXBL82.mp4,26_03__talking_angry_couch__WBSXBL82,26_03,1,DeepFakeDetection,dfd_holdout
FaceForensics++_C23/DeepFakeDetection/25_27__outside_talking_pan_laughing__1KU29EUL.mp4,25_27__outside_talking_pan_laughing__1KU29EUL,25_27,1,DeepFakeDetection,dfd_holdout
FaceForensics++_C23/DeepFakeDetection/25_27__talking_against_wall__ZTV6TUQ9.mp4,25_27__talking_against_wall__ZTV6TUQ9,25_27,1,DeepFakeDetection,dfd_holdout
FaceForensics++_C23/DeepFakeDetection/26_01__secret_conversation__BTVMWLG6.mp4,26_01__secret_conversation__BTVMWLG6,26_01,1,DeepFakeDetection,dfd_holdout
FaceForensics++_C23/DeepFakeDetection/26_04__kitchen_still__WX836VLY.mp4,26_04__kitchen_still__WX836VLY,26_04,1,DeepFakeDetection,dfd_holdout
FaceForensics++_C23/DeepFakeDetection/26_03__walk_down_hall_angry__WBSXBL82.mp4,26_03__walk_down_hall_angry__WBSXBL82,26_03,1,DeepFakeDetection,dfd_holdout
FaceForensics++_C23/DeepFakeDetection/26_06__podium_speech_happy__L5BVR5L9.mp4,26_06__podium_speech_happy__L5BVR5L9,26_06,1,DeepFakeDetection,dfd_holdout
FaceForensics++_C23/DeepFakeDetection/26_04__talking_against_wall__WX836VLY.mp4,26_04__talking_against_wall__WX836VLY,26_04,1,DeepFakeDetection,dfd_holdout
FaceForensics++_C23/DeepFakeDetection/26_04__walking_outside_cafe_disgusted__MS2MLJP1.mp4,26_04__walking_outside_cafe_disgusted__MS2MLJP1,26_04,1,DeepFakeDetection,dfd_holdout
FaceForensics++_C23/DeepFakeDetection/26_06__kitchen_still__L5BVR5L9.mp4,26_06__kitchen_still__L5BVR5L9,26_06,1,DeepFakeDetection,dfd_holdout
FaceForensics++_C23/DeepFakeDetection/26_04__walking_down_street_outside_angry__WX836VLY.mp4,26_04__walking_down_street_outside_angry__WX836VLY,26_04,1,DeepFakeDetection,dfd_holdout
FaceForensics++_C23/DeepFakeDetection/26_04__outside_talking_still_laughing__WX836VLY.mp4,26_04__outside_talking_still_laughing__WX836VLY,26_04,1,DeepFakeDetection,dfd_holdout
FaceForensics++_C23/DeepFakeDetection/26_09__talking_against_wall__C3K20JOL.mp4,26_09__talking_against_wall__C3K20JOL,26_09,1,DeepFakeDetection,dfd_holdout
FaceForensics++_C23/DeepFakeDetection/26_07__kitchen_pan__FGNGC2GT.mp4,26_07__kitchen_pan__FGNGC2GT,26_07,1,DeepFakeDetection,dfd_holdout
FaceForensics++_C23/DeepFakeDetection/26_11__outside_talking_pan_laughing__ALJ0OHNM.mp4,26_11__outside_talking_pan_laughing__ALJ0OHNM,26_11,1,DeepFakeDetection,dfd_holdout
FaceForensics++_C23/DeepFakeDetection/26_12__podium_speech_happy__BFBNM8FR.mp4,26_12__podium_speech_happy__BFBNM8FR,26_12,1,DeepFakeDetection,dfd_holdout
FaceForensics++_C23/DeepFakeDetection/26_09__walk_down_hall_angry__XXGYLT82.mp4,26_09__walk_down_hall_angry__XXGYLT82,26_09,1,DeepFakeDetection,dfd_holdout
FaceForensics++_C23/DeepFakeDetection/26_06__walk_down_hall_angry__L5BVR5L9.mp4,26_06__walk_down_hall_angry__L5BVR5L9,26_06,1,DeepFakeDetection,dfd_holdout
FaceForensics++_C23/DeepFakeDetection/26_12__walking_down_street_outside_angry__OVOQACG8.mp4,26_12__walking_down_street_outside_angry__OVOQACG8,26_12,1,DeepFakeDetection,dfd_holdout
FaceForensics++_C23/DeepFakeDetection/26_12__exit_phone_room__HEKDCIHW.mp4,26_12__exit_phone_room__HEKDCIHW,26_12,1,DeepFakeDetection,dfd_holdout
FaceForensics++_C23/DeepFakeDetection/26_12__outside_talking_still_laughing__FWFQ5YB8.mp4,26_12__outside_talking_still_laughing__FWFQ5YB8,26_12,1,DeepFakeDetection,dfd_holdout
FaceForensics++_C23/DeepFakeDetection/26_18__walk_down_hall_angry__UMEX6HWU.mp4,26_18__walk_down_hall_angry__UMEX6HWU,26_18,1,DeepFakeDetection,dfd_holdout
FaceForensics++_C23/DeepFakeDetection/26_15__walk_down_hall_angry__JHMUZFIJ.mp4,26_15__walk_down_hall_angry__JHMUZFIJ,26_15,1,DeepFakeDetection,dfd_holdout
FaceForensics++_C23/DeepFakeDetection/26_13__secret_conversation__XRS5W2NC.mp4,26_13__secret_conversation__XRS5W2NC,26_13,1,DeepFakeDetection,dfd_holdout
FaceForensics++_C23/DeepFakeDetection/26_14__kitchen_pan__SU8SAHTT.mp4,26_14__kitchen_pan__SU8SAHTT,26_14,1,DeepFakeDetection,dfd_holdout
FaceForensics++_C23/DeepFakeDetection/26_20__kitchen_pan__C8GN41DU.mp4,26_20__kitchen_pan__C8GN41DU,26_20,1,DeepFakeDetection,dfd_holdout
FaceForensics++_C23/DeepFakeDetection/26_13__podium_speech_happy__U5ELHUN5.mp4,26_13__podium_speech_happy__U5ELHUN5,26_13,1,DeepFakeDetection,dfd_holdout
FaceForensics++_C23/DeepFakeDetection/26_13__outside_talking_pan_laughing__WK3NZ3UV.mp4,26_13__outside_talking_pan_laughing__WK3NZ3UV,26_13,1,DeepFakeDetection,dfd_holdout
FaceForensics++_C23/DeepFakeDetection/26_18__outside_talking_still_laughing__AI94QW74.mp4,26_18__outside_talking_still_laughing__AI94QW74,26_18,1,DeepFakeDetection,dfd_holdout
FaceForensics++_C23/DeepFakeDetection/26_18__kitchen_pan__C9VUQS9O.mp4,26_18__kitchen_pan__C9VUQS9O,26_18,1,DeepFakeDetection,dfd_holdout
FaceForensics++_C23/DeepFakeDetection/26_20__secret_conversation__34DJQS3E.mp4,26_20__secret_conversation__34DJQS3E,26_20,1,DeepFakeDetection,dfd_holdout
FaceForensics++_C23/DeepFakeDetection/26_20__talking_angry_couch__2VS0S1P5.mp4,26_20__talking_angry_couch__2VS0S1P5,26_20,1,DeepFakeDetection,dfd_holdout
FaceForensics++_C23/DeepFakeDetection/26_20__outside_talking_pan_laughing__01OJA93K.mp4,26_20__outside_talking_pan_laughing__01OJA93K,26_20,1,DeepFakeDetection,dfd_holdout
FaceForensics++_C23/DeepFakeDetection/26_20__talking_angry_couch__34DJQS3E.mp4,26_20__talking_angry_couch__34DJQS3E,26_20,1,DeepFakeDetection,dfd_holdout
FaceForensics++_C23/DeepFakeDetection/26_25__walk_down_hall_angry__XKQAYTLI.mp4,26_25__walk_down_hall_angry__XKQAYTLI,26_25,1,DeepFakeDetection,dfd_holdout
FaceForensics++_C23/DeepFakeDetection/26_25__outside_talking_pan_laughing__157Z8P8P.mp4,26_25__outside_talking_pan_laughing__157Z8P8P,26_25,1,DeepFakeDetection,dfd_holdout
FaceForensics++_C23/DeepFakeDetection/26_25__outside_talking_pan_laughing__GJT740J9.mp4,26_25__outside_talking_pan_laughing__GJT740J9,26_25,1,DeepFakeDetection,dfd_holdout
FaceForensics++_C23/DeepFakeDetection/26_20__walk_down_hall_angry__XWMKFMF6.mp4,26_20__walk_down_hall_angry__XWMKFMF6,26_20,1,DeepFakeDetection,dfd_holdout
FaceForensics++_C23/DeepFakeDetection/26_25__exit_phone_room__7ZRKCFMS.mp4,26_25__exit_phone_room__7ZRKCFMS,26_25,1,DeepFakeDetection,dfd_holdout
FaceForensics++_C23/DeepFakeDetection/26_25__secret_conversation__0UFFR3U1.mp4,26_25__secret_conversation__0UFFR3U1,26_25,1,DeepFakeDetection,dfd_holdout
FaceForensics++_C23/DeepFakeDetection/26_25__walking_down_street_outside_angry__PQ41U3IJ.mp4,26_25__walking_down_street_outside_angry__PQ41U3IJ,26_25,1,DeepFakeDetection,dfd_holdout
FaceForensics++_C23/DeepFakeDetection/26_25__talking_against_wall__PQ41U3IJ.mp4,26_25__talking_against_wall__PQ41U3IJ,26_25,1,DeepFakeDetection,dfd_holdout
FaceForensics++_C23/DeepFakeDetection/26_25__walking_outside_cafe_disgusted__0UFFR3U1.mp4,26_25__walking_outside_cafe_disgusted__0UFFR3U1,26_25,1,DeepFakeDetection,dfd_holdout
FaceForensics++_C23/DeepFakeDetection/26_25__outside_talking_still_laughing__7ZRKCFMS.mp4,26_25__outside_talking_still_laughing__7ZRKCFMS,26_25,1,DeepFakeDetection,dfd_holdout
FaceForensics++_C23/DeepFakeDetection/26_27__outside_talking_still_laughing__IE9N0ZI9.mp4,26_27__outside_talking_still_laughing__IE9N0ZI9,26_27,1,DeepFakeDetection,dfd_holdout
FaceForensics++_C23/DeepFakeDetection/27_01__hugging_happy__ZYCZ30C0.mp4,27_01__hugging_happy__ZYCZ30C0,27_01,1,DeepFakeDetection,dfd_holdout
FaceForensics++_C23/DeepFakeDetection/26_27__talking_angry_couch__IE9N0ZI9.mp4,26_27__talking_angry_couch__IE9N0ZI9,26_27,1,DeepFakeDetection,dfd_holdout
FaceForensics++_C23/DeepFakeDetection/26_27__talking_against_wall__IE9N0ZI9.mp4,26_27__talking_against_wall__IE9N0ZI9,26_27,1,DeepFakeDetection,dfd_holdout
FaceForensics++_C23/DeepFakeDetection/27_01__walking_outside_cafe_disgusted__ZYCZ30C0.mp4,27_01__walking_outside_cafe_disgusted__ZYCZ30C0,27_01,1,DeepFakeDetection,dfd_holdout
FaceForensics++_C23/DeepFakeDetection/27_01__talking_against_wall__ZYCZ30C0.mp4,27_01__talking_against_wall__ZYCZ30C0,27_01,1,DeepFakeDetection,dfd_holdout
FaceForensics++_C23/DeepFakeDetection/27_01__walking_and_outside_surprised__S2YCUY48.mp4,27_01__walking_and_outside_surprised__S2YCUY48,27_01,1,DeepFakeDetection,dfd_holdout
FaceForensics++_C23/DeepFakeDetection/27_01__meeting_serious__ZYCZ30C0.mp4,27_01__meeting_serious__ZYCZ30C0,27_01,1,DeepFakeDetection,dfd_holdout
FaceForensics++_C23/DeepFakeDetection/27_01__walking_outside_cafe_disgusted__S2YCUY48.mp4,27_01__walking_outside_cafe_disgusted__S2YCUY48,27_01,1,DeepFakeDetection,dfd_holdout
FaceForensics++_C23/DeepFakeDetection/27_02__walk_down_hall_angry__FV8M8O2C.mp4,27_02__walk_down_hall_angry__FV8M8O2C,27_02,1,DeepFakeDetection,dfd_holdout
FaceForensics++_C23/DeepFakeDetection/27_03__walking_and_outside_surprised__KWGI1LSZ.mp4,27_03__walking_and_outside_surprised__KWGI1LSZ,27_03,1,DeepFakeDetection,dfd_holdout
FaceForensics++_C23/DeepFakeDetection/27_02__walking_down_street_outside_angry__78M8S6M6.mp4,27_02__walking_down_street_outside_angry__78M8S6M6,27_02,1,DeepFakeDetection,dfd_holdout
FaceForensics++_C23/DeepFakeDetection/27_02__kitchen_pan__3L1MLH3D.mp4,27_02__kitchen_pan__3L1MLH3D,27_02,1,DeepFakeDetection,dfd_holdout
FaceForensics++_C23/DeepFakeDetection/27_02__talking_angry_couch__FV8M8O2C.mp4,27_02__talking_angry_couch__FV8M8O2C,27_02,1,DeepFakeDetection,dfd_holdout
FaceForensics++_C23/DeepFakeDetection/27_03__podium_speech_happy__72BPN7A1.mp4,27_03__podium_speech_happy__72BPN7A1,27_03,1,DeepFakeDetection,dfd_holdout
FaceForensics++_C23/DeepFakeDetection/27_02__podium_speech_happy__XFSH3BW7.mp4,27_02__podium_speech_happy__XFSH3BW7,27_02,1,DeepFakeDetection,dfd_holdout
FaceForensics++_C23/DeepFakeDetection/27_13__outside_talking_pan_laughing__A1OSUJE9.mp4,27_13__outside_talking_pan_laughing__A1OSUJE9,27_13,1,DeepFakeDetection,dfd_holdout
FaceForensics++_C23/DeepFakeDetection/27_13__kitchen_still__A1OSUJE9.mp4,27_13__kitchen_still__A1OSUJE9,27_13,1,DeepFakeDetection,dfd_holdout
FaceForensics++_C23/DeepFakeDetection/27_18__kitchen_pan__BSOLX3SI.mp4,27_18__kitchen_pan__BSOLX3SI,27_18,1,DeepFakeDetection,dfd_holdout
FaceForensics++_C23/DeepFakeDetection/27_18__kitchen_still__NYHE8D0J.mp4,27_18__kitchen_still__NYHE8D0J,27_18,1,DeepFakeDetection,dfd_holdout
FaceForensics++_C23/DeepFakeDetection/27_14__kitchen_pan__0KSONKQ2.mp4,27_14__kitchen_pan__0KSONKQ2,27_14,1,DeepFakeDetection,dfd_holdout
FaceForensics++_C23/DeepFakeDetection/27_18__outside_talking_pan_laughing__NYHE8D0J.mp4,27_18__outside_talking_pan_laughing__NYHE8D0J,27_18,1,DeepFakeDetection,dfd_holdout
FaceForensics++_C23/DeepFakeDetection/27_25__walk_down_hall_angry__1KU29EUL.mp4,27_25__walk_down_hall_angry__1KU29EUL,27_25,1,DeepFakeDetection,dfd_holdout
FaceForensics++_C23/DeepFakeDetection/27_18__talking_against_wall__3GLHD5MH.mp4,27_18__talking_against_wall__3GLHD5MH,27_18,1,DeepFakeDetection,dfd_holdout
FaceForensics++_C23/DeepFakeDetection/27_25__outside_talking_pan_laughing__1KU29EUL.mp4,27_25__outside_talking_pan_laughing__1KU29EUL,27_25,1,DeepFakeDetection,dfd_holdout
FaceForensics++_C23/DeepFakeDetection/27_26__outside_talking_still_laughing__IE9N0ZI9.mp4,27_26__outside_talking_still_laughing__IE9N0ZI9,27_26,1,DeepFakeDetection,dfd_holdout
FaceForensics++_C23/DeepFakeDetection/27_25__meeting_serious__GNIMW95Z.mp4,27_25__meeting_serious__GNIMW95Z,27_25,1,DeepFakeDetection,dfd_holdout
FaceForensics++_C23/DeepFakeDetection/27_25__walking_outside_cafe_disgusted__1KU29EUL.mp4,27_25__walking_outside_cafe_disgusted__1KU29EUL,27_25,1,DeepFakeDetection,dfd_holdout
FaceForensics++_C23/DeepFakeDetection/27_25__exit_phone_room__1KU29EUL.mp4,27_25__exit_phone_room__1KU29EUL,27_25,1,DeepFakeDetection,dfd_holdout
FaceForensics++_C23/DeepFakeDetection/27_26__meeting_serious__IE9N0ZI9.mp4,27_26__meeting_serious__IE9N0ZI9,27_26,1,DeepFakeDetection,dfd_holdout
FaceForensics++_C23/DeepFakeDetection/28_08__exit_phone_room__KXO8S7OP.mp4,28_08__exit_phone_room__KXO8S7OP,28_08,1,DeepFakeDetection,dfd_holdout
FaceForensics++_C23/DeepFakeDetection/28_05__walking_outside_cafe_disgusted__U9LRLJ6N.mp4,28_05__walking_outside_cafe_disgusted__U9LRLJ6N,28_05,1,DeepFakeDetection,dfd_holdout
FaceForensics++_C23/DeepFakeDetection/28_05__kitchen_pan__W3J028UG.mp4,28_05__kitchen_pan__W3J028UG,28_05,1,DeepFakeDetection,dfd_holdout
FaceForensics++_C23/DeepFakeDetection/28_08__exit_phone_room__5DCAESDA.mp4,28_08__exit_phone_room__5DCAESDA,28_08,1,DeepFakeDetection,dfd_holdout
FaceForensics++_C23/DeepFakeDetection/27_26__talking_against_wall__IE9N0ZI9.mp4,27_26__talking_against_wall__IE9N0ZI9,27_26,1,DeepFakeDetection,dfd_holdout
FaceForensics++_C23/DeepFakeDetection/28_05__talking_angry_couch__V20UNLJ5.mp4,28_05__talking_angry_couch__V20UNLJ5,28_05,1,DeepFakeDetection,dfd_holdout
FaceForensics++_C23/DeepFakeDetection/28_08__kitchen_pan__GQN9WHLD.mp4,28_08__kitchen_pan__GQN9WHLD,28_08,1,DeepFakeDetection,dfd_holdout
FaceForensics++_C23/DeepFakeDetection/28_05__walking_down_street_outside_angry__W3J028UG.mp4,28_05__walking_down_street_outside_angry__W3J028UG,28_05,1,DeepFakeDetection,dfd_holdout
FaceForensics++_C23/DeepFakeDetection/28_08__podium_speech_happy__KXO8S7OP.mp4,28_08__podium_speech_happy__KXO8S7OP,28_08,1,DeepFakeDetection,dfd_holdout
FaceForensics++_C23/DeepFakeDetection/28_08__outside_talking_pan_laughing__GGCUYQA4.mp4,28_08__outside_talking_pan_laughing__GGCUYQA4,28_08,1,DeepFakeDetection,dfd_holdout
FaceForensics++_C23/DeepFakeDetection/28_16__podium_speech_happy__6DWLCU6T.mp4,28_16__podium_speech_happy__6DWLCU6T,28_16,1,DeepFakeDetection,dfd_holdout
FaceForensics++_C23/DeepFakeDetection/28_08__talking_angry_couch__KXO8S7OP.mp4,28_08__talking_angry_couch__KXO8S7OP,28_08,1,DeepFakeDetection,dfd_holdout
FaceForensics++_C23/DeepFakeDetection/28_08__kitchen_still__8BC35RFU.mp4,28_08__kitchen_still__8BC35RFU,28_08,1,DeepFakeDetection,dfd_holdout
FaceForensics++_C23/DeepFakeDetection/28_16__walking_down_street_outside_angry__6DWLCU6T.mp4,28_16__walking_down_street_outside_angry__6DWLCU6T,28_16,1,DeepFakeDetection,dfd_holdout
FaceForensics++_C23/DeepFakeDetection/28_16__walking_down_street_outside_angry__U757192N.mp4,28_16__walking_down_street_outside_angry__U757192N,28_16,1,DeepFakeDetection,dfd_holdout
